-- MySQL dump 10.13  Distrib 8.0.23, for Win64 (x86_64)
--
-- Host: 127.0.0.1    Database: muztorg
-- ------------------------------------------------------
-- Server version	8.0.23-0ubuntu0.20.04.1

/*!40101 SET @OLD_CHARACTER_SET_CLIENT=@@CHARACTER_SET_CLIENT */;
/*!40101 SET @OLD_CHARACTER_SET_RESULTS=@@CHARACTER_SET_RESULTS */;
/*!40101 SET @OLD_COLLATION_CONNECTION=@@COLLATION_CONNECTION */;
/*!50503 SET NAMES utf8mb4 */;
/*!40103 SET @OLD_TIME_ZONE=@@TIME_ZONE */;
/*!40103 SET TIME_ZONE='+00:00' */;
/*!40014 SET @OLD_UNIQUE_CHECKS=@@UNIQUE_CHECKS, UNIQUE_CHECKS=0 */;
/*!40014 SET @OLD_FOREIGN_KEY_CHECKS=@@FOREIGN_KEY_CHECKS, FOREIGN_KEY_CHECKS=0 */;
/*!40101 SET @OLD_SQL_MODE=@@SQL_MODE, SQL_MODE='NO_AUTO_VALUE_ON_ZERO' */;
/*!40111 SET @OLD_SQL_NOTES=@@SQL_NOTES, SQL_NOTES=0 */;

--
-- Table structure for table `acquisition_types`
--

DROP TABLE IF EXISTS `acquisition_types`;
/*!40101 SET @saved_cs_client     = @@character_set_client */;
/*!50503 SET character_set_client = utf8mb4 */;
CREATE TABLE `acquisition_types` (
  `id` int unsigned NOT NULL AUTO_INCREMENT,
  `name` varchar(60) NOT NULL,
  `created_at` datetime DEFAULT CURRENT_TIMESTAMP,
  `updated_at` datetime DEFAULT CURRENT_TIMESTAMP ON UPDATE CURRENT_TIMESTAMP,
  PRIMARY KEY (`id`)
) ENGINE=InnoDB AUTO_INCREMENT=4 DEFAULT CHARSET=utf8mb4 COLLATE=utf8mb4_0900_ai_ci;
/*!40101 SET character_set_client = @saved_cs_client */;

--
-- Dumping data for table `acquisition_types`
--

LOCK TABLES `acquisition_types` WRITE;
/*!40000 ALTER TABLE `acquisition_types` DISABLE KEYS */;
INSERT INTO `acquisition_types` VALUES (1,'Доставка курьером','2021-04-29 21:25:45','2021-04-29 21:25:45'),(2,'Самовывоз из магазина','2021-04-29 21:25:45','2021-04-29 21:25:45'),(3,'Доставка почтой','2021-04-29 21:25:45','2021-04-29 21:25:45');
/*!40000 ALTER TABLE `acquisition_types` ENABLE KEYS */;
UNLOCK TABLES;

--
-- Temporary view structure for view `best_selling_guitar`
--

DROP TABLE IF EXISTS `best_selling_guitar`;
/*!50001 DROP VIEW IF EXISTS `best_selling_guitar`*/;
SET @saved_cs_client     = @@character_set_client;
/*!50503 SET character_set_client = utf8mb4 */;
/*!50001 CREATE VIEW `best_selling_guitar` AS SELECT 
 1 AS `brand_name`,
 1 AS `name`,
 1 AS `quantity`*/;
SET character_set_client = @saved_cs_client;

--
-- Table structure for table `colors`
--

DROP TABLE IF EXISTS `colors`;
/*!40101 SET @saved_cs_client     = @@character_set_client */;
/*!50503 SET character_set_client = utf8mb4 */;
CREATE TABLE `colors` (
  `id` int unsigned NOT NULL AUTO_INCREMENT,
  `name` varchar(60) DEFAULT NULL,
  `created_at` datetime DEFAULT CURRENT_TIMESTAMP,
  `updated_at` datetime DEFAULT CURRENT_TIMESTAMP ON UPDATE CURRENT_TIMESTAMP,
  PRIMARY KEY (`id`)
) ENGINE=InnoDB AUTO_INCREMENT=9 DEFAULT CHARSET=utf8mb4 COLLATE=utf8mb4_0900_ai_ci;
/*!40101 SET character_set_client = @saved_cs_client */;

--
-- Dumping data for table `colors`
--

LOCK TABLES `colors` WRITE;
/*!40000 ALTER TABLE `colors` DISABLE KEYS */;
INSERT INTO `colors` VALUES (1,'Белый','2021-04-29 13:39:45','2021-04-29 13:39:45'),(2,'Черный','2021-04-29 13:39:45','2021-04-29 13:39:45'),(3,'Серый','2021-04-29 13:39:45','2021-04-29 13:39:45'),(4,'Красный','2021-04-29 13:39:45','2021-04-29 13:39:45'),(5,'Голубой','2021-04-29 13:39:45','2021-04-29 13:39:45'),(6,'Желтый','2021-04-29 13:39:45','2021-04-29 13:39:45'),(7,'Санберст','2021-04-29 13:39:45','2021-04-29 13:39:45'),(8,'Бордовый','2021-04-29 13:39:45','2021-04-29 13:39:45');
/*!40000 ALTER TABLE `colors` ENABLE KEYS */;
UNLOCK TABLES;

--
-- Table structure for table `customers`
--

DROP TABLE IF EXISTS `customers`;
/*!40101 SET @saved_cs_client     = @@character_set_client */;
/*!50503 SET character_set_client = utf8mb4 */;
CREATE TABLE `customers` (
  `id` int unsigned NOT NULL AUTO_INCREMENT,
  `first_name` varchar(100) CHARACTER SET utf8mb4 COLLATE utf8mb4_unicode_ci NOT NULL,
  `last_name` varchar(100) CHARACTER SET utf8mb4 COLLATE utf8mb4_unicode_ci NOT NULL,
  `birthday` date DEFAULT NULL,
  `email` varchar(100) CHARACTER SET utf8mb4 COLLATE utf8mb4_unicode_ci NOT NULL,
  `phone` varchar(100) CHARACTER SET utf8mb4 COLLATE utf8mb4_unicode_ci NOT NULL,
  `city` varchar(100) CHARACTER SET utf8mb4 COLLATE utf8mb4_unicode_ci NOT NULL,
  `last_login` datetime DEFAULT NULL,
  `created_at` datetime DEFAULT CURRENT_TIMESTAMP,
  `updated_at` datetime DEFAULT CURRENT_TIMESTAMP ON UPDATE CURRENT_TIMESTAMP,
  PRIMARY KEY (`id`),
  UNIQUE KEY `email` (`email`),
  UNIQUE KEY `phone` (`phone`)
) ENGINE=InnoDB AUTO_INCREMENT=1001 DEFAULT CHARSET=utf8mb4 COLLATE=utf8mb4_unicode_ci COMMENT='Покупатели';
/*!40101 SET character_set_client = @saved_cs_client */;

--
-- Dumping data for table `customers`
--

LOCK TABLES `customers` WRITE;
/*!40000 ALTER TABLE `customers` DISABLE KEYS */;
INSERT INTO `customers` VALUES (1,'Tiffany','Bradtke','1989-06-07','rubie.weissnat@example.com','529-525-4887x5637','Stiedemannbury','1980-12-13 13:45:01','2001-09-21 06:06:55','2021-05-03 21:30:08'),(2,'Casey','Braun','1979-06-15','bdooley@example.org','1-467-950-2888','Lake Melissastad','1982-12-15 14:03:46','2001-11-24 03:57:22','2021-05-03 21:30:08'),(3,'Monica','Harris','2006-05-10','lemke.roslyn@example.net','873-016-1931x9043','South Darwinville','1999-03-31 10:32:19','1976-02-15 13:23:36','1998-09-11 08:42:02'),(4,'Stanley','Sawayn','1976-06-20','kayden02@example.net','(758)382-9307','Robbieberg','1994-04-13 18:50:31','1972-07-12 18:11:11','2014-10-01 18:16:29'),(5,'Keven','Sawayn','1984-11-20','katrina.ortiz@example.org','027-091-0300x0020','Dashawnport','1986-09-17 20:10:31','1990-03-19 11:41:27','2018-03-19 17:01:14'),(6,'Elouise','Jerde','1990-10-23','ymuller@example.com','673.392.3353','South Alf','2019-06-04 14:18:24','1987-07-11 23:49:26','2002-05-19 02:01:08'),(7,'Johnathon','Padberg','1996-09-21','o\'connell.sophia@example.net','(239)367-0367','Vincenzoville','2001-10-23 16:35:07','2016-12-23 09:00:15','2021-05-03 21:30:08'),(8,'Lauretta','Kuphal','2017-02-13','zoe70@example.net','(435)596-7823x53787','Forestport','2005-06-01 13:13:54','1996-12-28 07:08:09','1998-05-25 22:45:17'),(9,'Earl','Paucek','1995-04-19','ada.langworth@example.com','469.491.3527','South Tyraside','2014-05-25 13:01:07','2008-04-10 02:20:38','2021-05-03 21:30:08'),(10,'Davon','Zboncak','1971-06-17','gust.altenwerth@example.net','(861)711-3759x235','New Jess','1971-05-02 00:28:01','2000-07-01 00:18:15','2017-05-25 11:04:37'),(11,'Estelle','Gerhold','1972-03-28','leora54@example.org','1-853-978-0739x232','Clotildefort','2004-05-02 04:51:25','1979-01-30 15:49:41','2002-08-17 17:13:55'),(12,'Salvatore','Moen','2006-04-27','kling.ursula@example.com','(552)928-0612x339','Wolffstad','1986-10-15 23:19:31','1980-10-10 16:59:09','2021-05-03 21:30:08'),(13,'Herta','Johnston','2015-01-29','zwisoky@example.com','(324)298-7799x623','Akeemland','1994-06-02 20:43:18','2006-01-04 18:40:15','2007-10-13 00:30:41'),(14,'Regan','Johnston','2016-02-19','goldner.rusty@example.com','415-471-4825x637','Lake Dixieview','2018-07-20 03:19:31','2019-03-23 10:11:13','2021-05-03 21:30:08'),(15,'Lori','Lueilwitz','2019-05-21','jacobi.imelda@example.org','820.899.7001x734','Reynoldsstad','1978-07-26 04:16:42','1970-12-25 03:53:12','2008-02-13 10:22:00'),(16,'Chaim','Nolan','1996-05-01','wnicolas@example.org','(494)920-4542','Port Charlie','1973-07-02 05:32:19','1995-07-17 13:03:44','2015-07-03 21:44:09'),(17,'Brandy','Hackett','1979-06-24','swaniawski.christy@example.net','666.561.4559x71672','Marioview','1984-06-16 09:10:17','1996-01-26 16:27:05','2021-05-03 21:30:08'),(18,'Royal','Kling','2009-11-25','taryn90@example.net','868-790-2201x838','New Carey','1997-07-08 17:12:35','1999-03-08 17:48:57','2012-03-17 10:32:54'),(19,'Drew','Ferry','1980-08-17','delphia91@example.net','1-315-002-8596x710','New Camylle','1996-10-17 14:50:54','1972-02-21 08:35:27','2021-05-03 21:30:08'),(20,'Deshaun','Swaniawski','1988-12-22','schneider.aurelia@example.net','1-179-222-5181x817','West Shannyton','1973-01-10 09:18:08','1988-03-12 05:35:43','2021-05-03 21:30:08'),(21,'Danyka','Wolff','1975-01-27','unienow@example.org','08248419222','North Sharonshire','1980-02-29 01:47:07','2006-04-04 21:15:35','2016-05-19 13:35:10'),(22,'Clara','Feest','2007-08-22','irving.leffler@example.org','+59(8)6167960638','South Tad','1989-04-19 12:28:36','2010-09-27 05:51:12','2020-10-16 22:15:40'),(23,'Damion','Parker','1988-06-27','adolf.toy@example.org','(985)029-3751x746','Port Oliverbury','1997-06-11 19:31:37','1978-02-17 00:26:33','2021-05-03 21:30:08'),(24,'Garret','Botsford','1977-01-03','alena.hahn@example.net','1-857-645-5003x967','Simonisborough','1979-10-28 04:19:58','1978-02-12 17:22:54','1994-07-14 06:59:03'),(25,'Holly','Blanda','1975-02-14','dominique94@example.com','(806)477-7692x7060','Bartonville','1978-03-20 08:01:29','2009-01-04 23:57:43','2021-05-03 21:30:08'),(26,'Verda','Hermiston','1982-07-26','fadel.vickie@example.net','1-857-293-2355x45871','Candiceport','1982-10-15 19:30:03','2001-11-29 15:22:13','2021-05-03 21:30:08'),(27,'Seamus','Legros','2019-05-27','pdickinson@example.net','(377)222-8871x3779','Donnellyhaven','1985-10-09 14:50:33','2001-05-20 09:01:41','2012-10-13 00:19:18'),(28,'Phyllis','Konopelski','1989-07-11','muller.camille@example.net','+98(6)8030044981','Eliside','2019-12-04 23:32:51','1981-08-27 07:29:56','2009-04-25 14:15:36'),(29,'Shania','Bode','1990-09-18','dawson.williamson@example.org','(281)352-2859','Fridachester','2015-07-04 18:40:53','1984-08-06 08:35:29','2003-02-17 01:26:53'),(30,'Kiarra','Padberg','2021-04-29','hills.caden@example.net','751-588-2404x724','Ritchiefort','1975-10-05 10:31:17','2018-11-02 15:29:43','2021-05-03 21:30:08'),(31,'Cassidy','Shields','2013-08-03','milton33@example.net','687.717.4372','West Sydnifurt','2013-02-01 21:21:04','1991-01-02 15:42:25','2019-12-25 03:02:01'),(32,'Felicity','Orn','2007-06-02','oren82@example.net','(683)164-9657','New Mollieburgh','1983-05-07 14:01:20','1973-08-01 01:42:27','1999-04-06 23:33:01'),(33,'Sammie','Hammes','1986-06-04','jessy.kreiger@example.com','295-608-9709x71845','East Alfonzoberg','1990-04-21 19:16:42','2002-12-19 04:30:29','2017-05-11 05:29:11'),(34,'Retha','Toy','1970-05-25','pconnelly@example.net','687-108-1955','Kuphalton','2009-12-13 09:40:34','1989-08-25 14:11:35','2021-05-03 21:30:08'),(35,'Jamel','Hackett','1974-04-29','antonietta.legros@example.org','07499106565','Lake Isai','2005-12-05 03:22:24','1977-05-16 22:25:20','2006-08-27 14:53:32'),(36,'Jason','Dicki','2019-11-15','littel.myron@example.net','459-339-4061','North Emilia','1985-09-10 19:14:17','1997-12-01 11:16:02','2021-05-03 21:30:08'),(37,'Hank','Satterfield','2017-01-16','louie.cruickshank@example.com','888.584.3537x0067','Cleofurt','2012-05-07 11:25:02','1997-03-25 18:15:50','1998-09-20 14:04:49'),(38,'Savannah','Von','1982-03-03','aletha.connelly@example.org','179.015.8045','Stokeston','2019-09-23 22:49:19','1977-03-22 02:41:25','1979-03-25 06:15:43'),(39,'Jermey','Wilkinson','1983-03-23','gturcotte@example.org','1-443-048-1150x63488','Haleyland','1980-04-01 09:29:43','1992-03-01 21:13:58','2002-09-15 19:45:28'),(40,'Lukas','Reilly','2009-01-24','lexie.schaefer@example.org','1-420-999-7717','Swaniawskichester','1972-05-24 15:32:59','1977-03-20 11:26:02','2018-03-10 02:11:22'),(41,'Marilou','Beier','1999-05-11','lacy.ernser@example.org','895-532-1822x475','East Kristoffer','1992-09-16 19:14:00','1971-03-10 06:46:24','1996-08-17 08:46:44'),(42,'Karelle','Willms','1978-10-17','murray.lewis@example.net','222-540-7920x93952','Waterschester','2009-05-21 20:37:39','2006-02-25 20:44:48','2021-05-03 21:30:08'),(43,'Anabelle','Boyer','2016-02-22','qd\'amore@example.net','836-497-6922x9175','Port Wilberthaven','1983-05-29 11:42:21','1994-06-16 14:04:05','2016-01-22 22:12:37'),(44,'Kelton','McGlynn','2020-09-16','oadams@example.net','1-151-603-5717x637','North Danetown','2008-05-15 09:18:30','1995-03-21 00:11:32','1996-07-30 21:17:28'),(45,'Katrine','Hilll','1980-12-27','kling.ramiro@example.com','875.752.1915x210','West Jessycashire','1998-11-01 09:10:59','2006-10-14 05:03:15','2021-05-03 21:30:08'),(46,'Jailyn','Sanford','1978-09-03','kris11@example.org','+56(8)4255521024','Amparobury','1985-07-23 10:12:42','1989-10-05 14:34:07','2002-02-04 10:51:03'),(47,'Jonatan','Sipes','1998-08-02','ward.aniyah@example.com','467.156.7777','Rutherfordton','2009-09-18 13:09:49','1995-05-17 12:14:30','2021-05-03 21:30:08'),(48,'Rosetta','Windler','1970-03-06','iabbott@example.com','1-293-080-4976','East Calihaven','1973-01-22 14:20:32','1977-06-04 09:27:27','1978-07-16 15:15:05'),(49,'Jennings','Rohan','2019-05-04','adrien.monahan@example.com','(910)693-6648x7125','South Dulcemouth','1971-07-12 19:00:10','1982-03-29 02:11:38','1989-04-20 14:00:56'),(50,'Maggie','Gislason','1995-10-09','dock18@example.net','(958)817-8859x38442','Barrowsberg','1974-05-31 18:37:40','2016-05-08 01:49:46','2021-05-03 21:30:08'),(51,'Mellie','Simonis','1970-11-19','maude.bashirian@example.com','1-525-882-5498','Giovannymouth','2006-12-10 21:59:34','2002-01-12 01:48:05','2021-05-03 21:30:08'),(52,'Anthony','Murphy','1983-05-31','ozella.davis@example.com','1-589-687-5289','New Nicholas','1975-04-16 23:32:24','2009-12-31 04:13:58','2021-05-03 21:30:08'),(53,'Russell','Ferry','2002-02-11','pfannerstill.madisen@example.com','868-873-0394x255','Port Reanna','2020-03-13 20:55:12','1973-11-06 13:57:58','2004-03-28 08:09:24'),(54,'Alize','Russel','2010-12-12','skiles.destin@example.net','820-497-6026x1160','Schinnershire','1992-11-29 12:48:11','1982-08-29 16:32:58','1989-02-11 04:00:59'),(55,'Leonard','Block','2010-11-10','annie28@example.com','043.733.9201','Port Santiago','1986-10-08 23:37:14','2007-06-15 10:40:54','2021-05-03 21:30:08'),(56,'Esperanza','McCullough','1984-01-22','nathan24@example.org','398.355.5714x9104','Wardmouth','2008-05-21 05:41:08','2018-04-03 20:00:02','2021-05-03 21:30:08'),(57,'Jorge','Herzog','2006-01-23','vkutch@example.net','455.885.2373','South Katherine','1993-07-24 18:08:54','1982-09-23 17:51:56','1989-06-10 09:22:17'),(58,'Janae','Schmeler','1984-07-14','grady.amara@example.com','670-900-7123x39219','Lake Edwardo','1973-12-09 03:54:35','1983-02-21 22:09:28','2013-03-21 18:38:30'),(59,'Dallas','Powlowski','1985-07-02','pkoch@example.com','682.320.9774','Libbiemouth','1982-10-06 13:03:35','1999-07-10 22:31:22','2016-12-07 04:32:39'),(60,'Rhoda','Herzog','1994-08-27','cara.casper@example.com','239-148-8004x02731','North Noramouth','2010-05-22 20:38:52','1978-12-19 16:21:49','2021-05-03 21:30:08'),(61,'Margret','Schinner','2014-03-10','sadye.swaniawski@example.org','713-775-1688x2818','Nataliechester','1976-11-11 03:22:50','1979-05-26 13:18:49','1990-01-24 10:29:54'),(62,'Nichole','Halvorson','1994-10-16','edward46@example.net','885-397-5864x550','Littlefurt','1989-08-15 08:44:10','1985-07-09 12:17:49','1999-10-09 03:54:53'),(63,'David','Will','2018-01-08','qbahringer@example.org','06369551593','Ferryport','1994-11-05 04:53:13','1977-11-15 08:50:16','2021-05-03 21:30:08'),(64,'Ian','Murphy','1977-06-27','pkozey@example.org','1-631-143-5061','South Isabelle','1988-02-01 02:38:01','2016-04-25 18:52:35','2021-05-03 21:30:08'),(65,'Garett','Johnston','1991-05-05','felix74@example.com','05381955855','Roxaneport','1970-11-10 02:46:58','1996-03-25 03:04:58','2003-11-07 00:45:12'),(66,'Christina','Ernser','2018-02-23','laron.runolfsson@example.com','(478)221-2291x6915','North Axel','1990-02-04 16:18:31','1978-09-02 03:50:15','2019-06-07 18:35:32'),(67,'Titus','Torphy','2009-12-22','pearl.brekke@example.org','(604)159-6641x63734','Handmouth','2013-10-24 15:32:09','1983-04-10 18:18:21','1999-08-13 16:30:19'),(68,'Randal','Lowe','1987-12-08','ratke.yasmeen@example.com','307.116.9131','Glovertown','2021-01-18 18:48:09','2019-10-11 20:16:50','2021-05-03 21:30:08'),(69,'Golda','Kautzer','1977-11-12','holly04@example.org','(674)698-7491','North Adamberg','1984-04-22 05:10:34','2005-02-11 12:58:30','2017-09-26 09:20:46'),(70,'Woodrow','Rohan','1990-04-06','svonrueden@example.com','917.469.0677x08488','East Allison','2015-06-29 01:25:01','1989-09-07 04:26:40','2018-02-04 09:05:57'),(71,'Fredrick','Towne','1986-04-07','raynor.glenda@example.net','04844974637','South Heber','1982-12-14 03:54:26','1996-05-19 08:23:19','2021-05-03 21:30:08'),(72,'Carolina','Koss','1981-02-21','zdonnelly@example.net','1-349-674-0502','Thompsonfurt','1986-12-12 16:19:39','2015-09-29 11:27:09','2021-05-03 21:30:08'),(73,'Ike','Nikolaus','1995-08-27','fausto78@example.org','543-806-4034x096','Langworthchester','1995-06-16 16:23:38','1972-05-18 14:01:20','1987-06-13 21:48:30'),(74,'Geovany','Pfeffer','1982-02-16','mable.lemke@example.com','081.061.5550x605','South Meghan','1979-06-19 23:03:17','1978-10-01 01:29:05','2006-03-04 20:39:21'),(75,'Seamus','Blanda','1974-12-30','mabel.daugherty@example.net','546.744.7534','Giahaven','1985-08-17 03:56:52','1995-11-13 07:56:34','2021-05-03 21:30:08'),(76,'Dasia','Spinka','2008-04-06','cschmidt@example.org','(212)208-6042','Port Jonathonbury','2019-07-28 04:58:33','1977-08-04 04:34:48','2014-01-24 02:57:10'),(77,'Hulda','Tremblay','2010-06-06','raphael32@example.net','04211341267','Lake Lambertstad','1983-04-19 06:06:19','2015-06-28 04:29:29','2021-05-03 21:30:08'),(78,'Howard','Ankunding','1989-09-06','hegmann.camryn@example.org','1-236-942-3251x945','Robertoport','1981-11-06 09:55:02','1978-01-05 06:24:09','1994-11-18 11:38:13'),(79,'Eliseo','Rohan','2002-04-22','kozey.marcelino@example.org','(731)579-4607','Goyetteton','1996-11-03 00:54:50','1981-03-11 19:07:35','1996-10-28 13:48:17'),(80,'Fay','Upton','1990-10-25','abigail.donnelly@example.com','413-523-3378','Beattyburgh','1989-02-06 02:54:01','1988-07-06 09:01:37','1995-01-02 03:14:45'),(81,'Cecile','Kuhlman','2015-11-26','carter.frederique@example.com','948.065.3199','New Myahshire','2001-07-30 08:57:23','1985-11-09 11:19:15','1995-12-12 22:15:32'),(82,'Pattie','Schroeder','2017-10-12','yrath@example.org','(633)694-6745x97773','Lake Myrtice','2020-06-28 04:27:01','1974-09-02 12:00:33','2000-12-28 08:31:09'),(83,'Aurelia','Bahringer','2002-04-13','tromp.malachi@example.net','(802)676-6610','West Willis','1987-09-03 09:44:51','1989-02-10 12:44:13','2001-12-28 07:09:50'),(84,'Maymie','Raynor','1980-08-11','rowe.kaycee@example.net','882-269-8412','New Dahliachester','2018-06-30 19:32:28','2012-01-15 09:11:09','2021-05-03 21:30:08'),(85,'Muriel','Wunsch','2003-01-17','shomenick@example.org','(028)490-1716','Rennerton','1988-07-24 05:25:48','1973-10-18 23:33:40','1998-10-02 06:12:44'),(86,'Enos','Marquardt','2007-08-25','orion.stracke@example.org','+74(6)5818622260','Kunzemouth','2016-06-07 09:54:02','2018-03-31 14:42:57','2021-05-03 21:30:08'),(87,'Marietta','Sipes','2002-07-12','alaina58@example.com','776-921-5390x156','Millsland','1988-12-24 12:22:21','2011-01-26 06:47:41','2021-05-03 21:30:08'),(88,'Kadin','Morar','1994-08-10','qharris@example.org','678.031.0882','Connville','1982-08-11 23:54:56','1988-09-04 05:59:59','1990-10-08 09:03:44'),(89,'Trystan','Hegmann','1974-09-09','osinski.linnie@example.com','(154)402-7747x30023','Arveltown','2007-08-03 03:02:10','1973-10-19 23:27:29','1979-06-13 17:44:00'),(90,'Joey','Crist','2010-06-18','hane.greta@example.org','(653)822-4120x731','Rutherfordborough','1971-10-13 13:52:41','1999-12-23 16:36:34','2021-05-03 21:30:08'),(91,'Mohammed','Satterfield','2020-12-30','lysanne72@example.org','090-403-4738x34105','Padbergside','1978-07-19 14:55:29','2013-06-11 10:27:11','2021-05-03 21:30:08'),(92,'Kayley','Beer','2003-08-26','christian98@example.net','(659)939-5194','Wisokyhaven','2018-02-17 14:53:18','2019-03-28 20:14:54','2021-05-03 21:30:08'),(93,'Carli','Nicolas','2004-07-15','kristina46@example.net','722-368-2048x600','Gerardoshire','1979-08-30 12:12:09','2004-09-24 19:29:28','2021-05-03 21:30:08'),(94,'Jaquelin','Huels','1995-12-02','allison36@example.org','(929)991-1433x51545','Jovanystad','1998-08-19 23:04:27','1975-10-10 18:33:33','2010-04-13 12:08:13'),(95,'Elian','Conroy','2007-03-27','preynolds@example.org','969-391-1475','West Katlyn','2005-09-21 15:48:54','1980-10-04 20:46:34','2021-05-03 21:30:08'),(96,'Elvis','Ernser','1976-11-30','kailee.kirlin@example.org','542-708-0309','New Jensen','1988-06-20 16:19:20','2010-09-15 02:58:10','2021-01-26 08:41:48'),(97,'Liliana','Mante','2016-03-20','sadye95@example.net','09621556665','West Lionel','1972-05-04 23:31:56','2000-11-18 07:02:32','2021-05-03 21:30:08'),(98,'Clarabelle','Hayes','2014-07-25','onie.schowalter@example.net','1-312-337-1914','Schroederfurt','1974-03-29 12:04:20','1992-10-17 07:56:59','2008-06-06 20:48:10'),(99,'Kelli','Jakubowski','1975-08-08','rosemary.kuhlman@example.net','691-138-5304x5287','Port Shawna','1975-04-10 07:13:11','2005-04-13 16:20:35','2021-05-03 21:30:08'),(100,'Neal','McClure','1973-05-13','prohaska.sofia@example.org','+74(6)4608283763','East Delores','1975-10-08 07:46:02','1987-08-30 02:15:43','1997-09-04 23:17:33'),(101,'Landen','Wunsch','2007-02-21','rodolfo88@example.com','(133)891-9995x863','North Efrainmouth','1986-12-19 16:02:05','2014-06-27 04:07:08','2021-05-03 21:30:08'),(102,'Eulah','O\'Hara','1996-02-06','bianka19@example.org','1-336-876-3179x0434','New Tatyana','1996-07-01 18:45:55','1984-01-07 03:30:18','1997-02-07 03:05:30'),(103,'Cicero','Reynolds','1997-12-11','wschimmel@example.org','(720)772-4926','Port Dinaport','1978-09-03 11:01:03','1973-12-19 13:09:34','1996-04-01 10:43:26'),(104,'Kris','Nienow','2000-11-16','minerva81@example.net','1-836-914-0098x8903','Kaelynburgh','2021-02-09 04:22:26','2000-06-18 12:26:13','2021-02-04 03:06:22'),(105,'Isaiah','Rice','1984-12-27','o\'reilly.vaughn@example.net','1-857-609-0870x540','Willchester','1992-09-15 10:25:53','2012-12-15 19:20:46','2014-01-16 22:06:18'),(106,'Brook','Fahey','2001-04-01','ronny.hartmann@example.org','261.195.7730','New Georgianna','1990-09-10 18:06:24','2008-03-05 23:01:00','2021-05-03 21:30:08'),(107,'Alba','O\'Keefe','2014-03-14','gwisoky@example.com','899-778-2792x9904','South Martinachester','1998-05-31 05:10:06','2006-09-28 07:27:48','2021-05-03 21:30:08'),(108,'Landen','Dicki','2001-04-17','cormier.gertrude@example.org','650.435.7110','Lake Chet','2018-03-15 18:06:22','2006-05-18 01:54:22','2021-05-03 21:30:08'),(109,'Tyson','Leannon','1971-02-20','gleason.kim@example.net','(794)591-8813','Blockhaven','1994-09-01 09:40:14','1975-04-28 09:46:27','2000-08-01 07:25:24'),(110,'Ilene','Bins','2010-01-21','antwon.hills@example.com','(274)905-0848','Yundtchester','1987-06-23 12:04:12','2007-04-07 23:07:13','2021-05-03 21:30:08'),(111,'Tess','Schuppe','1989-01-20','mhickle@example.com','496-826-8430x340','Lake Garrisonbury','1982-02-02 13:40:42','2001-04-12 11:02:30','2021-05-03 21:30:08'),(112,'Major','Kutch','1994-11-21','germaine.kassulke@example.net','+70(7)3475482123','Kosstown','1970-04-22 02:18:16','2000-11-22 08:51:34','2021-05-03 21:30:08'),(113,'Mervin','Schimmel','1996-08-05','rwisozk@example.org','06160442872','Kihnburgh','2017-11-25 13:31:19','1991-05-16 12:42:47','2021-05-03 21:30:08'),(114,'Tyree','Reichert','2017-02-25','cormier.sofia@example.net','664.635.7584x1563','Wehnerview','1981-09-03 03:07:21','2004-08-28 06:27:33','2012-08-31 19:29:52'),(115,'Afton','Yundt','1984-03-08','wrunte@example.org','749.987.7439x92505','Dickiland','2018-04-05 10:00:47','1979-06-25 14:52:41','1985-01-25 09:08:06'),(116,'Freddie','Williamson','1976-02-22','chase37@example.net','+91(8)3699967184','Bruentown','1974-04-11 11:08:09','2020-02-20 17:38:18','2021-05-03 21:30:08'),(117,'Nolan','Terry','1986-08-04','rempel.jaren@example.net','+45(7)9582494148','Mayertberg','2019-03-18 08:11:42','1980-05-21 18:32:55','1980-10-30 09:46:00'),(118,'Marian','Jacobi','1979-06-04','qhuels@example.com','01488760009','Lake Kelley','1975-11-13 16:57:49','1997-02-27 07:15:35','2021-05-03 21:30:08'),(119,'Wiley','Ortiz','1989-11-04','wintheiser.charley@example.net','1-243-167-0154','Wehnerside','1989-11-06 16:13:23','2001-05-02 20:31:10','2015-09-08 13:37:18'),(120,'Frankie','Sipes','2008-03-16','fhegmann@example.net','1-448-264-2965x064','Lake Brookefurt','1999-10-25 17:08:05','1993-08-31 06:06:26','1997-05-05 18:37:39'),(121,'Kenneth','Lehner','2003-08-21','iharris@example.org','+13(6)3893688638','North Kameronborough','2002-02-08 03:34:41','2006-04-23 04:56:21','2006-09-23 21:11:25'),(122,'Belle','Morar','2010-06-28','mrussel@example.com','00901541368','Bergeland','1990-11-20 10:46:39','2008-01-11 18:25:15','2021-05-03 21:30:08'),(123,'Shanelle','Williamson','1999-10-22','luciano64@example.org','(220)242-9679x6047','Haagbury','2017-11-16 16:08:19','1986-10-02 08:57:11','2021-05-03 21:30:08'),(124,'Dillon','Wilkinson','2002-12-16','trudie89@example.org','+85(7)6343865843','Marisaview','2006-09-26 19:51:52','2002-05-18 06:40:46','2008-07-15 01:49:17'),(125,'Sydni','Halvorson','2005-09-10','ignatius87@example.net','087.532.5562','Quintenburgh','1995-02-17 21:24:30','2003-06-05 16:44:32','2021-05-03 21:30:08'),(126,'Camren','O\'Kon','1996-08-08','qnolan@example.net','069.219.8479x874','South Brandy','1979-03-30 19:53:01','2018-06-23 03:40:36','2021-05-03 21:30:08'),(127,'William','Okuneva','2017-02-10','xdurgan@example.org','420-122-3456x589','West Thora','2011-12-30 03:21:36','1997-02-11 18:47:16','2012-10-07 08:42:37'),(128,'Gavin','Klocko','2017-04-05','nleffler@example.org','237-462-4604x6996','Fatimafort','2000-01-13 00:48:36','1977-07-24 22:51:18','2021-05-03 21:30:08'),(129,'Buford','Monahan','1990-01-05','xhand@example.org','875.514.3788','Lake Jazmin','2000-06-20 20:09:05','1987-11-26 05:08:03','2021-05-03 21:30:08'),(130,'Garrett','McCullough','1984-02-20','waino.dooley@example.com','616-287-5901','East Amandaville','1993-09-14 14:34:28','1989-03-03 15:33:53','2021-05-03 21:30:08'),(131,'Cleta','McCullough','2019-05-17','trey92@example.org','1-295-445-1871x40048','Lake Maeland','2015-10-12 14:20:03','1998-08-07 07:50:13','2011-01-17 09:28:08'),(132,'Tyrel','Wiza','1990-02-02','kayli66@example.com','(523)354-1264x954','Wilmaport','1980-08-27 07:34:01','1993-04-23 20:23:14','2021-05-03 21:30:08'),(133,'Alexander','Gusikowski','2010-11-26','xgreenholt@example.org','03126768356','Gladysborough','1995-03-07 02:05:20','2013-10-01 15:59:20','2021-05-03 21:30:08'),(134,'Blair','Rice','2004-07-17','nader.vergie@example.org','(238)605-3675','Port Jeffreyshire','2005-09-09 11:39:16','1996-05-02 04:57:05','2004-09-08 04:29:01'),(135,'Carroll','Johns','1992-07-10','yblick@example.com','139-689-0895','East Leonor','1983-06-13 09:58:00','2017-12-05 00:24:53','2021-05-03 21:30:08'),(136,'Ian','Ondricka','2010-05-17','yschinner@example.com','1-916-901-2425x2011','Lake Paytonland','1990-10-08 10:16:54','1999-12-08 04:56:31','2009-03-19 07:20:28'),(137,'Micheal','Kertzmann','2012-11-29','oma.hodkiewicz@example.net','(425)727-4709x326','New Lolaberg','2020-10-14 17:25:42','2006-07-13 22:56:53','2021-01-26 19:32:53'),(138,'Howard','Kilback','1987-07-27','wintheiser.mariano@example.net','(565)116-3911x06104','Port Rebeccaville','1984-03-19 02:18:02','1977-05-28 21:30:32','2021-05-03 21:30:08'),(139,'Caterina','Boehm','2006-07-22','vicente45@example.net','486-350-1069','Terryhaven','2009-08-29 20:31:41','1983-07-10 04:25:41','2021-05-03 21:30:08'),(140,'Nicolas','Mohr','1984-10-28','tschinner@example.net','+35(5)0013732896','Bartolettihaven','1999-11-17 18:30:53','1996-06-23 10:38:58','2018-01-04 02:32:33'),(141,'Cameron','Trantow','1986-11-16','o\'kon.brando@example.com','678.216.9600x61918','West Joellefort','1988-04-08 14:09:31','2017-06-05 10:05:21','2021-05-03 21:30:08'),(142,'Branson','Zulauf','1983-04-01','green38@example.com','(424)213-2463x06783','Carolannemouth','2006-07-27 02:28:48','2008-12-23 12:20:43','2010-07-16 06:05:05'),(143,'Lina','Kuphal','2014-03-13','gleason.desmond@example.org','492.970.5807x4365','Koeppburgh','1996-02-01 23:44:31','1992-06-15 03:27:47','2012-09-10 04:17:54'),(144,'Catherine','Hudson','2016-11-13','dcasper@example.org','949.831.2062','New Domenic','1972-02-11 04:55:36','1993-08-01 13:09:41','1997-10-18 09:57:28'),(145,'Carlee','Hayes','1991-12-21','hconnelly@example.com','224.157.3467x21271','North Candiceton','2016-12-09 10:36:03','2016-04-23 23:57:39','2021-05-03 21:30:08'),(146,'Ara','Armstrong','1991-05-25','valentine.auer@example.com','111.161.8302x97187','Hicklestad','1987-03-25 08:07:54','1975-04-04 14:56:16','2013-12-27 18:32:05'),(147,'Mireille','Baumbach','2005-10-09','kirlin.angelo@example.net','792.907.0482','Labadiefurt','2013-04-09 05:22:44','2004-11-14 12:33:12','2021-05-03 21:30:08'),(148,'Cordie','Veum','1971-06-02','gunner.cassin@example.org','1-205-671-0103','Port Raul','2018-02-21 21:58:50','1993-10-10 11:35:33','1998-07-03 18:58:05'),(149,'Dave','Miller','2012-07-09','collier.arnaldo@example.net','1-812-220-4390','New Beulahberg','1981-07-03 04:18:40','1975-08-31 15:03:42','2016-04-23 17:47:56'),(150,'Samir','Thiel','1996-11-25','dkulas@example.net','455-600-0008x1811','Port Gerald','2000-08-07 12:12:56','1976-05-14 03:37:39','2008-06-18 03:32:07'),(151,'Marcia','Wisozk','1982-03-28','judy16@example.net','(033)977-8264','Lake Earleneside','1971-01-04 21:52:22','2000-04-28 20:47:18','2021-01-12 12:57:03'),(152,'Melyssa','Walter','1977-05-22','jerrold.schultz@example.net','520-821-8512','West Hubert','1973-03-04 05:45:43','1982-05-15 22:48:13','1985-12-26 15:58:51'),(153,'Callie','Franecki','1982-08-03','kilback.aryanna@example.net','1-353-649-7744x978','Batzton','2001-04-16 13:07:36','2016-04-14 02:08:40','2021-05-03 21:30:08'),(154,'Obie','Harris','2012-10-14','hulda66@example.org','863.513.3133x30939','Isabellahaven','1971-04-17 10:34:50','2003-03-28 08:05:47','2013-06-13 03:58:38'),(155,'Audra','Vandervort','1990-11-20','lueilwitz.marcellus@example.org','1-440-778-9377','Gorczanyshire','1990-09-17 21:22:49','2015-06-14 05:11:21','2021-05-03 21:30:08'),(156,'Lesly','Grimes','1977-06-21','toy.leon@example.com','476-105-2475x12917','New Elissa','1981-05-04 01:53:44','1970-05-07 13:36:18','1992-12-05 16:21:11'),(157,'Wilfrid','Christiansen','1983-08-22','jevon.lang@example.org','767.150.8950x2204','Sporerhaven','1991-07-29 03:05:16','2020-12-17 13:30:17','2021-05-03 21:30:08'),(158,'Jason','Quitzon','2011-02-10','wava00@example.com','(840)005-7642x35511','North Freeman','1985-02-13 12:07:13','2013-05-31 07:55:29','2021-05-03 21:30:08'),(159,'Adah','Schmeler','1975-04-21','vkessler@example.net','017.717.4184','West Emerald','1985-02-14 21:47:58','2011-11-20 22:52:50','2021-05-03 21:30:08'),(160,'Jefferey','Becker','1991-03-22','garrick.heller@example.com','1-647-065-7551','Lake Elyssa','2000-09-27 06:15:59','2007-03-15 21:32:34','2021-05-03 21:30:08'),(161,'Berneice','Wiza','1981-08-27','leanna96@example.com','1-511-719-2633x68814','South Bessie','1976-11-01 00:59:20','1973-11-16 10:04:15','1985-02-11 20:52:46'),(162,'Marcus','Bechtelar','2013-09-27','kvon@example.org','1-014-449-9370x302','Lake Omermouth','2016-02-24 03:59:24','1991-08-29 03:23:41','2021-05-03 21:30:08'),(163,'Dayana','Brown','2018-01-19','eschaefer@example.com','129.001.6229x0244','Port Oranland','1997-09-13 21:55:43','1982-09-10 05:03:52','1988-10-18 13:31:45'),(164,'Mckenzie','Wyman','2019-06-09','samanta36@example.com','761.297.8446x75055','Katlynnmouth','2007-08-16 15:15:41','2003-06-26 07:52:47','2021-05-03 21:30:08'),(165,'Porter','Jast','1970-07-03','tromp.ebba@example.com','1-556-633-5312x0282','Cummingsmouth','1988-03-15 23:07:51','2002-01-30 17:00:13','2021-05-03 21:30:08'),(166,'Tom','Turcotte','1992-05-27','mnitzsche@example.net','1-102-473-6516x54669','North Anikaburgh','1975-07-17 08:50:13','1972-02-08 09:09:43','1985-06-23 23:31:53'),(167,'Violet','Stracke','2017-09-29','tromp.bernardo@example.org','01534830398','East Miracle','1970-08-24 21:37:43','1982-02-20 13:37:39','2018-08-09 16:02:19'),(168,'Norwood','Nienow','1997-04-09','trace.schoen@example.org','(800)343-1022','New Jared','1984-09-07 21:21:00','2008-10-26 14:37:16','2021-05-03 21:30:08'),(169,'Coleman','Erdman','1973-05-01','zena.wuckert@example.net','+93(4)6220226752','New Triston','1970-06-12 20:43:00','1996-05-10 06:46:42','2021-05-03 21:30:08'),(170,'Luz','Balistreri','1975-05-20','ondricka.heather@example.org','(748)610-8232x4628','Alexanneside','2013-04-10 21:43:46','2007-03-27 11:49:23','2021-05-03 21:30:08'),(171,'Danielle','Rolfson','1979-05-18','kwisozk@example.org','127-467-3697','Flatleyshire','1999-06-11 07:45:53','2001-08-31 11:29:59','2021-05-03 21:30:08'),(172,'Walker','Ryan','2005-07-22','collins.dante@example.com','1-214-730-9821x0801','West Garfield','1994-03-17 05:09:13','1981-07-29 04:36:58','1984-06-03 00:14:34'),(173,'Fredrick','Herzog','2016-11-07','amya39@example.net','02540504425','New Richmondfort','2014-11-01 08:13:59','2018-04-19 04:56:38','2021-05-03 21:30:08'),(174,'Marquise','Yost','1971-09-24','stark.benedict@example.org','(135)861-6485x24205','East Amie','2018-02-18 07:55:02','1989-12-28 02:44:18','2021-05-03 21:30:08'),(175,'Jasmin','Carter','2017-02-17','emmanuel.hane@example.com','(851)841-4931','Champlinburgh','1972-06-10 15:04:21','1970-02-27 05:24:10','2009-11-14 14:05:47'),(176,'Evans','Kulas','1995-03-13','xfadel@example.net','307-783-5677x2483','South Horacio','2001-08-10 12:30:01','2004-10-04 12:38:40','2008-06-27 07:08:52'),(177,'Hazle','Langosh','1993-11-15','mcglynn.miles@example.org','770-396-0003','Dibberttown','1982-12-15 21:34:52','1996-09-20 22:01:27','2011-02-13 05:44:54'),(178,'Frederique','Johns','1984-05-09','allan.kunze@example.org','1-612-404-3042x6310','West Ezekielchester','2001-05-18 17:05:47','2004-07-25 06:09:03','2021-05-03 21:30:08'),(179,'Emmitt','Reichert','1978-01-30','ffunk@example.net','744-869-5951x013','Port Osvaldo','1998-05-17 14:46:43','1995-08-03 07:19:33','2016-08-18 03:16:40'),(180,'Myrtis','Shanahan','2016-11-27','gerhold.cassandre@example.org','164.512.7448x9083','Lake Obiestad','1976-07-29 11:44:38','1990-01-01 19:15:46','1998-08-29 00:17:37'),(181,'Vernice','Robel','1971-11-12','apowlowski@example.net','1-873-665-9800','Samanthaburgh','2013-02-02 10:40:46','2020-07-19 20:38:24','2021-05-03 21:30:08'),(182,'Lizzie','Cormier','1974-03-05','lemke.maegan@example.net','(504)286-2278x311','Schulistbury','1992-10-25 15:45:38','1985-09-19 03:28:43','2009-08-20 14:23:34'),(183,'Alberto','Pfeffer','1998-01-26','xboehm@example.net','1-976-281-8197x401','Chasityland','1993-06-20 22:16:07','2017-07-05 17:30:50','2021-05-03 21:30:08'),(184,'Zander','Daniel','1997-09-20','jude51@example.net','445-946-6493x4582','Ewaldland','2005-04-18 17:02:57','2003-08-22 18:23:07','2008-06-22 10:31:42'),(185,'Johnathan','Jacobson','1977-09-15','wmccullough@example.com','(588)065-2040x76160','North Montanashire','1980-05-15 00:18:35','2010-09-05 23:40:24','2021-05-03 21:30:08'),(186,'Haskell','Shanahan','1981-12-29','carter24@example.com','095-608-2300x356','Port Christy','2003-01-11 05:49:52','1975-03-17 22:38:41','1987-11-21 02:56:46'),(187,'Gunnar','Kozey','2013-10-10','rick06@example.net','(175)735-5392x426','Christiansenland','2011-07-01 11:57:04','1988-10-22 01:16:45','1996-11-11 13:42:21'),(188,'Emmie','Herzog','1992-04-26','cole.wilderman@example.net','1-072-350-6624x286','Alethaland','2000-07-02 11:02:16','2021-03-29 08:12:29','2021-05-03 21:30:08'),(189,'Virgie','Will','1987-09-10','marian02@example.com','1-612-508-1831x148','Lake Theresiamouth','1983-11-15 22:06:14','1993-06-12 21:38:00','2021-05-03 21:30:08'),(190,'Ashley','Gerlach','1979-01-15','willis21@example.com','204.113.6910x69857','Kemmerhaven','2005-12-20 03:05:14','1993-06-19 23:43:45','2004-04-11 12:29:47'),(191,'River','Schamberger','2011-05-30','lera.denesik@example.net','866.242.3520x07403','Murphyview','1993-11-08 03:31:59','1976-10-01 20:43:09','2001-08-02 22:19:00'),(192,'Jesus','Eichmann','1979-07-18','lew23@example.net','470.600.2219','New Maryseberg','1999-10-05 19:46:56','1989-06-24 07:43:32','1994-07-11 11:59:47'),(193,'Mabel','Klocko','2020-08-27','fnader@example.com','(073)202-5509','New Aronmouth','2018-10-18 00:33:36','1976-03-02 10:14:04','2016-07-10 02:01:32'),(194,'Jordan','Kshlerin','2004-05-04','craig56@example.net','479.326.1169','Linashire','2018-09-23 09:24:26','1990-12-08 21:42:19','1996-09-05 17:03:11'),(195,'Marjorie','O\'Hara','2019-01-07','anika79@example.net','338-190-5539','Hamillchester','1978-07-30 22:54:02','1985-12-19 23:04:02','2008-11-05 17:27:42'),(196,'Billy','Nitzsche','1977-04-22','hoyt.kling@example.net','+75(6)4649106310','West Shaun','2017-05-02 21:25:15','1982-08-12 20:10:02','2021-05-03 21:30:08'),(197,'Ethyl','Schaefer','1971-08-07','prosacco.lavinia@example.org','1-958-639-3011x157','North Clementine','1985-04-14 22:57:13','2016-07-06 23:37:30','2021-05-03 21:30:08'),(198,'Katelin','Batz','1972-11-29','nathan.funk@example.com','(380)980-3150x65787','Klinghaven','1972-10-12 22:48:10','2011-10-14 12:56:46','2019-05-16 04:45:43'),(199,'Kailyn','Braun','1971-04-09','tdickens@example.com','232.789.3367x968','Durganhaven','1998-11-01 02:59:10','1980-08-19 04:54:29','1982-10-24 18:18:10'),(200,'Armand','Herman','2017-03-29','emmanuelle44@example.net','463-997-4039','Toneyside','2012-10-22 14:21:18','1975-02-14 12:14:15','1986-09-12 13:41:08'),(201,'Carleton','Wilderman','1972-06-30','hansen.richie@example.net','(133)908-9082x800','Treutelbury','2020-08-13 06:48:06','1982-12-09 01:25:52','2021-05-03 21:30:08'),(202,'Delmer','Gottlieb','1983-07-27','florida.collier@example.net','734.651.3074x6090','Halvorsonport','2011-02-20 07:37:06','2015-02-02 13:57:57','2021-05-03 21:30:08'),(203,'Maya','Bauch','1981-02-04','cristina.willms@example.com','118-470-6743x005','Nataliefurt','1986-12-05 19:43:58','2011-12-02 13:15:34','2021-05-03 21:30:08'),(204,'Braulio','Wiegand','1981-06-11','jacklyn.brown@example.org','058.907.3032x174','Mullerbury','2006-01-23 17:03:53','2009-12-29 06:52:20','2018-11-27 23:15:38'),(205,'Myrl','Heller','2012-04-10','dubuque.waldo@example.net','1-590-526-3624','Labadiefort','2006-09-28 23:24:00','2001-03-20 14:46:08','2016-05-29 13:35:06'),(206,'David','Hodkiewicz','2001-07-20','io\'keefe@example.org','876-395-2763','Franciscotown','1998-10-04 12:54:11','1996-06-05 07:54:00','2021-05-03 21:30:08'),(207,'Hillard','Rolfson','2006-10-16','vturner@example.org','(450)960-7856x80514','West Caitlyn','1980-04-30 10:15:20','1992-07-25 08:25:47','2018-07-21 08:16:41'),(208,'Wilbert','Weimann','1983-11-20','jack57@example.org','036.236.3637x866','Port Rosario','2018-03-02 23:48:45','2017-04-04 07:28:54','2021-05-03 21:30:08'),(209,'Ruthie','Gorczany','1986-01-19','blegros@example.net','852-262-8739x513','Pollichview','2006-11-16 07:41:16','1992-12-20 08:12:53','2000-04-03 08:48:19'),(210,'Lloyd','Gottlieb','1984-04-24','barney04@example.com','536.257.7701x63901','Willville','1985-08-10 19:20:58','1977-05-23 04:24:43','1991-01-08 11:36:11'),(211,'Willow','Williamson','2010-08-27','wmclaughlin@example.com','793-503-6709x9399','East Lavonnemouth','2010-05-05 10:00:58','2007-11-26 09:41:26','2021-05-03 21:30:08'),(212,'Alana','Connelly','1981-06-17','lfeeney@example.org','(876)748-5224x7050','Gloverside','1982-07-11 17:58:40','2016-04-18 12:40:37','2021-05-03 21:30:08'),(213,'Tristian','Crona','2019-02-25','hessel.nettie@example.org','945.439.9534','Quigleyside','1970-10-26 10:38:17','1990-04-25 11:54:47','2017-12-20 11:26:10'),(214,'Isom','Rosenbaum','2004-11-18','gleichner.florida@example.com','115-976-1721x05097','Kathleenfort','2007-12-29 12:05:43','1987-02-27 12:35:00','2015-09-03 18:03:29'),(215,'Yasmine','Wisoky','1979-05-15','cortez.marks@example.com','901.161.0425x51894','North Shawnaburgh','2011-04-13 14:33:04','2008-10-31 04:36:10','2021-05-03 21:30:08'),(216,'Jose','Hamill','1990-04-22','go\'conner@example.com','1-979-348-4842x75949','North Dockfort','1999-06-12 16:15:20','1977-05-03 23:44:12','2017-06-20 19:04:57'),(217,'Nolan','Brekke','1998-04-22','zelma.frami@example.net','(552)928-8763x163','New Elishaville','2019-11-25 18:05:26','1971-05-13 16:35:02','2009-01-08 09:21:30'),(218,'Edmond','Balistreri','1988-01-25','taylor.rau@example.net','(399)546-1705x01814','Anahiburgh','1986-05-14 21:16:47','2005-02-13 15:17:16','2021-05-03 21:30:08'),(219,'Jamison','Mohr','2013-12-29','hilma.deckow@example.net','467-481-8601x988','Orvilleville','2006-12-29 16:49:19','1971-11-20 16:57:43','2018-10-20 17:04:01'),(220,'Tavares','Emmerich','1984-10-25','leffler.karina@example.net','1-086-018-5122','Kassulketown','2016-01-26 21:38:40','1995-08-05 21:09:06','2021-05-03 21:30:08'),(221,'Ismael','Hyatt','1972-02-13','xo\'reilly@example.org','1-334-253-8790x0886','New Vance','1984-05-04 21:04:29','2002-11-19 03:44:52','2015-10-29 23:15:55'),(222,'Virgil','Langosh','1978-01-30','alessia.effertz@example.net','1-429-836-3939x339','Port Ludie','1992-12-08 04:48:54','2010-06-17 07:34:09','2021-05-03 21:30:08'),(223,'Aida','Jones','2004-11-26','kutch.modesta@example.org','958-199-8232x5103','Mozellhaven','1997-05-18 20:40:39','1990-03-14 11:25:26','2013-06-23 12:37:54'),(224,'Roxanne','Walker','2013-03-25','rmurphy@example.org','02912275202','West Raheemberg','1994-10-22 13:12:20','1988-10-22 12:48:01','2007-08-09 22:05:45'),(225,'Rylan','Botsford','2010-04-10','o\'connell.percy@example.net','+04(1)5741524885','Bahringerland','1986-11-29 00:13:00','1986-12-31 15:33:42','2021-05-03 21:30:08'),(226,'Amelia','Huels','1993-10-26','fletcher.buckridge@example.net','+60(4)7179910399','Lake Maud','2007-11-08 19:39:02','1978-07-17 09:52:11','2000-11-27 00:50:04'),(227,'Adrianna','Lang','2014-03-13','mariane.kutch@example.net','1-452-280-4505x67173','Port Jerrodland','1970-05-06 19:35:24','2004-10-01 01:06:45','2021-05-03 21:30:08'),(228,'Zane','Torp','1985-01-20','camryn.wyman@example.net','392.724.8582x966','East Madieberg','1992-02-09 05:25:01','1976-11-27 07:46:39','1979-04-10 09:57:21'),(229,'Trudie','Bins','2006-03-29','garth.dare@example.com','(827)716-1345x30746','Devanteborough','2012-07-17 17:14:30','1976-12-15 23:59:52','1997-10-04 06:47:47'),(230,'Norene','Rippin','1982-05-10','thad74@example.net','565.508.7216','Johnsonport','2008-06-15 06:21:41','1987-05-25 14:45:08','2019-10-23 14:18:07'),(231,'Onie','Greenfelder','2011-02-19','cummings.cortney@example.com','721-895-7347','Gleichnerland','1980-10-29 14:31:58','1974-01-28 08:26:15','2012-05-02 11:38:00'),(232,'Sterling','Kerluke','1971-05-22','angeline24@example.org','06934915397','Paucekview','2006-07-06 00:53:41','2008-06-20 11:06:25','2019-02-09 05:49:56'),(233,'Minnie','Kerluke','1973-06-04','kelsie.kohler@example.org','014.609.3398x798','West Reeseville','1991-06-03 15:11:23','2015-02-05 23:30:28','2021-05-03 21:30:08'),(234,'Danial','Cartwright','2017-06-21','bmraz@example.com','580.846.1307x8658','Moorechester','1971-11-04 23:43:50','1998-03-12 12:49:44','2014-06-14 07:14:25'),(235,'Gennaro','Runolfsson','1981-09-05','hilpert.marie@example.org','997.978.7127x98726','East Jamar','1979-11-09 19:30:50','2007-04-10 23:22:21','2021-05-03 21:30:08'),(236,'Priscilla','Wolf','2017-05-27','mikel26@example.com','(438)299-2509x0643','Kertzmannland','1981-08-04 12:34:05','2021-03-25 07:54:36','2021-05-03 21:30:08'),(237,'Khalid','Reynolds','1994-05-03','jakubowski.golden@example.com','1-052-962-7593x1352','Maximilianchester','2008-06-19 19:25:10','1975-05-19 01:32:05','1979-11-23 16:18:40'),(238,'Lee','Kirlin','2010-09-02','erdman.bessie@example.net','833.269.8402','East Rollin','2003-08-16 12:01:38','1998-07-19 19:04:07','2021-05-03 21:30:08'),(239,'Justice','Wyman','2004-12-29','heber.casper@example.com','(664)736-4446','Jaedenside','1991-06-10 13:50:09','2009-09-25 00:59:50','2021-05-03 21:30:08'),(240,'Kallie','Spencer','1995-02-16','turcotte.aylin@example.net','785-041-3691','Jakubowskimouth','1973-05-27 13:55:41','2020-10-29 18:55:22','2021-05-03 21:30:08'),(241,'Fatima','Kiehn','2011-06-01','abbey28@example.com','1-088-701-6839','Rylanhaven','1992-08-28 08:38:33','2014-02-09 08:26:27','2021-05-03 21:30:08'),(242,'Ruthe','DuBuque','2014-11-28','wgoldner@example.org','841.030.6926x7180','Bernhardport','1981-07-24 15:48:46','1971-09-27 23:14:18','2007-08-26 22:30:37'),(243,'Giovani','Kub','1999-03-18','auer.lily@example.com','1-013-430-2687x4556','Rosamondborough','1988-10-29 23:39:12','2010-07-12 04:17:49','2021-05-03 21:30:08'),(244,'Jessyca','Krajcik','2001-11-11','gerhold.maximillian@example.org','+61(6)7177833164','Port Phyllis','1980-06-06 22:56:45','1997-03-17 18:53:03','2021-05-03 21:30:08'),(245,'Westley','Lehner','1972-05-25','konopelski.shanie@example.org','05295539896','Bartonstad','2019-08-06 09:02:00','2008-03-09 07:53:38','2021-05-03 21:30:08'),(246,'Ramiro','Orn','2014-06-07','fabian.nienow@example.net','771-632-0102','Laylaburgh','1994-10-24 10:11:02','1996-06-04 18:20:37','2021-05-03 21:30:08'),(247,'Rosalind','Ratke','1994-04-23','wilmer.wolf@example.org','688.945.4785','Soledadborough','1992-11-14 06:45:55','1999-02-08 22:40:08','2021-05-03 21:30:08'),(248,'Ressie','Emmerich','2020-02-02','cedrick02@example.org','(252)002-4158x6845','New Garnetport','1986-04-12 14:00:08','2003-08-29 23:07:38','2021-05-03 21:30:08'),(249,'Tito','Fahey','2002-06-29','dwunsch@example.net','937.689.1353x4892','Lake Brycenmouth','2018-10-30 11:27:39','1981-06-13 00:07:12','1989-10-14 17:28:01'),(250,'Earline','Grimes','1991-11-05','kali.wiegand@example.net','712.876.0232x26364','West Filiberto','2009-12-24 07:10:52','1973-09-18 11:33:21','2021-05-03 21:30:08'),(251,'Shirley','Walter','1977-11-24','zieme.thelma@example.com','242.865.0986x9766','Lake Jairobury','1994-07-09 18:40:53','2009-10-16 16:15:08','2021-05-03 21:30:08'),(252,'Margaret','Lesch','1994-06-04','nikki.stanton@example.com','(258)358-1047','Lake Darius','1979-12-25 05:34:57','1997-11-07 12:16:46','2021-05-03 21:30:08'),(253,'Jennyfer','Ruecker','1992-03-30','flubowitz@example.net','01167787339','Anafort','1980-08-31 21:12:12','2006-04-21 06:36:37','2021-05-03 21:30:08'),(254,'Edythe','Fadel','1987-11-13','keaton.heidenreich@example.com','+85(0)8724932812','South Abestad','1971-10-16 11:34:39','1999-06-20 18:34:16','2004-08-18 08:42:54'),(255,'Patricia','Russel','1981-10-04','dora.collier@example.com','359-494-1440x3972','Veumborough','2012-07-29 16:32:07','2021-01-16 00:43:08','2021-05-03 21:30:08'),(256,'Dariana','Cole','2003-09-28','lavada46@example.org','(259)200-0026','Jaceybury','1995-01-16 01:35:53','1987-11-24 07:53:21','1998-08-27 15:25:11'),(257,'Katheryn','Schamberger','1975-03-14','ccummings@example.net','1-131-751-4663','Dietrichtown','2005-09-25 12:08:13','1972-01-08 01:47:49','1980-03-29 03:00:24'),(258,'Krystal','O\'Conner','1990-08-12','modesto.leannon@example.org','+06(3)6295249837','Shayleemouth','2005-05-22 03:25:05','2013-10-14 13:02:26','2021-05-03 21:30:08'),(259,'Eleanore','Koelpin','1999-07-31','ida.gleason@example.com','(492)601-2297','Port Marianberg','2013-10-06 17:24:44','1975-02-12 12:48:23','1984-05-04 02:03:41'),(260,'Tiana','Beahan','2004-10-19','ymosciski@example.net','830.805.0068x434','Dallashaven','1995-10-20 23:35:48','1970-12-28 07:43:48','1980-01-26 14:59:48'),(261,'Myrl','Schroeder','2010-02-13','king.susie@example.net','1-977-548-9266x390','Garlandfort','1979-12-21 13:47:56','1997-11-28 03:44:01','2021-05-03 21:30:08'),(262,'Caterina','Smitham','1986-02-21','joaquin87@example.org','+84(1)1700992100','New Loganhaven','1972-04-01 08:43:53','2019-02-11 18:18:48','2021-05-03 21:30:08'),(263,'Cleta','Reynolds','2014-11-21','uaufderhar@example.net','+98(2)0872824371','Wilfordborough','2004-07-10 12:05:17','1978-11-30 14:21:01','2009-11-11 06:22:52'),(264,'Oswaldo','Bednar','1988-05-03','rosenbaum.dangelo@example.com','1-203-300-8031x949','Lake Fiona','2006-03-14 09:47:51','2006-05-17 06:46:06','2021-05-03 21:30:08'),(265,'Damon','Franecki','2006-06-23','ilesch@example.org','906-207-8954x2756','Codyburgh','2016-11-20 01:11:24','1989-06-06 10:31:26','2021-05-03 21:30:08'),(266,'Ashtyn','Bayer','1975-09-11','little.mario@example.com','358.455.5423','Smithborough','2018-06-11 17:05:17','1976-02-20 21:16:23','2015-11-29 23:20:12'),(267,'Khalil','Quitzon','1993-03-15','ipredovic@example.com','315.795.6749x939','New Makennaland','1998-10-29 14:20:51','1974-11-11 22:42:43','2018-09-27 10:46:57'),(268,'Joesph','Hodkiewicz','1999-12-13','willy.kozey@example.com','+11(4)3443909419','Kulasmouth','2019-05-30 20:21:57','1975-08-28 16:08:29','2021-05-03 21:30:08'),(269,'Dixie','Jacobs','2017-10-25','velda.wuckert@example.com','334-490-1766','Erikville','1991-06-20 23:46:40','2021-02-11 07:09:47','2021-05-03 21:30:08'),(270,'Itzel','Runolfsson','1974-11-27','ebert.chaim@example.com','(977)757-8473','New Erickville','2008-05-28 21:57:45','1983-12-08 00:52:17','1999-01-11 12:48:56'),(271,'Terrell','Lesch','2005-05-13','lola95@example.com','+38(3)8734079022','East Dayna','1984-03-24 17:19:06','1987-08-30 07:47:14','2021-05-03 21:30:08'),(272,'Irma','Predovic','1975-05-29','cschoen@example.net','436-063-3031x026','Gregoriahaven','2014-02-15 21:36:44','1998-07-15 07:14:14','2015-11-09 16:48:44'),(273,'Therese','Littel','1974-09-12','ybogisich@example.net','(530)333-9365','Jenkinsberg','1983-02-18 20:13:05','2012-01-20 01:37:31','2021-05-03 21:30:08'),(274,'Robb','Haag','2004-06-26','lockman.deonte@example.com','05028572272','Lake Mitchelside','1978-01-25 16:08:47','2000-03-31 15:49:29','2021-05-03 21:30:08'),(275,'Chanel','Macejkovic','1998-03-09','maxime.moen@example.org','(282)011-0883x7632','North Brennan','2002-10-11 01:30:25','2019-06-18 18:44:42','2021-05-03 21:30:08'),(276,'Rosalind','Kovacek','2016-11-01','leone99@example.net','(422)970-2808x1696','Lake Cassandreport','1971-02-08 09:05:36','1992-11-24 09:47:47','2021-05-03 21:30:08'),(277,'Keegan','Bednar','1989-10-19','jonas.dare@example.net','1-834-436-0767','South Luz','1976-02-25 16:00:20','2012-11-06 06:17:28','2021-05-03 21:30:08'),(278,'Ciara','Feeney','1984-11-26','emelie.keeling@example.com','(420)193-1674','New Karinefurt','1980-11-08 11:16:58','1980-09-22 18:44:13','2001-08-21 10:07:58'),(279,'Hazel','Schuster','1970-07-28','fred.kohler@example.org','686.785.9925','Konopelskifort','1970-11-17 03:10:05','1990-05-15 08:21:19','2014-12-13 19:29:54'),(280,'Tomasa','Simonis','1973-06-28','hstamm@example.com','(243)062-5668x948','Venaberg','1995-02-25 23:11:44','1974-07-17 21:27:11','2007-03-14 19:16:57'),(281,'Mina','Koelpin','1980-06-07','brown.borer@example.org','876.461.7305x76917','Kingburgh','1981-01-14 21:53:45','2018-11-30 18:50:26','2021-05-03 21:30:08'),(282,'Lizeth','Lueilwitz','1973-10-30','veum.kyler@example.org','05941860771','Jerdeborough','2012-05-11 17:01:23','2017-07-19 02:11:36','2021-05-03 21:30:08'),(283,'Jana','Harvey','2018-04-30','otilia.gutkowski@example.com','485.737.3453x383','New Roxanne','1997-07-12 07:58:36','1984-06-21 21:49:08','2018-02-05 18:31:49'),(284,'Nicola','Purdy','1988-09-19','kilback.everardo@example.org','1-385-884-8783x87750','East Billy','1986-11-11 18:29:09','2013-11-25 08:40:33','2021-05-03 21:30:08'),(285,'Reanna','Kemmer','1996-11-25','harvey.yasmine@example.org','504.036.4360','Port Merl','1981-10-20 11:32:14','2006-09-06 06:19:28','2021-05-03 21:30:08'),(286,'Libbie','Murray','1985-11-01','eleonore91@example.net','00780152623','Birdiemouth','1972-06-29 11:37:17','2001-07-25 17:03:26','2021-05-03 21:30:08'),(287,'Donald','Dicki','1985-07-06','donavon.mertz@example.net','+95(1)0699168562','West Coraberg','2017-11-09 17:13:52','2008-06-30 02:21:41','2021-05-03 21:30:08'),(288,'Lurline','VonRueden','1973-04-01','glangosh@example.com','+96(9)6293166580','Riceberg','1973-07-30 15:01:30','2014-05-30 12:50:13','2021-05-03 21:30:08'),(289,'Erna','Hayes','2018-08-12','clotilde.rosenbaum@example.net','(334)435-0912x60915','West Litzyborough','2009-08-16 17:18:26','2005-03-14 14:05:41','2005-10-28 02:19:37'),(290,'Gladys','Krajcik','2009-02-13','odickens@example.net','1-304-760-4540','Port Dasiafurt','2002-08-09 12:29:09','1990-09-23 00:31:36','2004-02-13 10:10:43'),(291,'Efrain','Smitham','2011-02-10','chad.kuhlman@example.com','791-066-5434x742','Rosatown','1999-03-14 10:38:23','2015-09-06 21:45:32','2021-05-03 21:30:08'),(292,'Lura','West','1992-11-13','ibode@example.com','05694647155','Port Eduardo','1996-09-11 00:39:44','1996-09-03 09:16:07','1998-01-03 05:52:04'),(293,'Imelda','Bins','2004-11-24','pferry@example.net','277.904.6933x777','Hermanhaven','1996-12-10 11:57:22','1976-11-26 00:43:09','1990-06-15 09:04:07'),(294,'Geraldine','Emard','2006-09-29','aileen.marquardt@example.net','041.811.9691','West Amely','1998-07-05 15:32:12','2015-12-13 07:05:01','2021-05-03 21:30:08'),(295,'Ena','Harvey','1996-05-30','sterling.carter@example.net','(500)081-0732x4211','North Delbert','1977-03-07 12:54:37','1995-07-10 00:47:10','2021-05-03 21:30:08'),(296,'Callie','Schinner','1995-04-17','cormier.amalia@example.org','(257)078-2745x05789','Lake Augustine','2016-08-03 15:13:59','2010-08-14 13:15:55','2021-05-03 21:30:08'),(297,'Minerva','Romaguera','1995-08-12','gsanford@example.com','1-194-109-1518x876','Meredithborough','2019-02-11 11:36:05','2013-05-22 05:30:39','2021-05-03 21:30:08'),(298,'Myrtie','Considine','1986-12-04','lew32@example.org','(143)216-7792','North Elmira','2008-01-12 02:43:49','2005-01-07 22:35:12','2021-05-03 21:30:08'),(299,'Marlene','Smith','2020-01-11','rrippin@example.com','816-662-3524x835','Jackstad','1975-10-05 00:29:01','2017-07-01 06:44:47','2021-05-03 21:30:08'),(300,'Matteo','Trantow','2019-12-25','glangosh@example.net','751-681-4203','Heloiseburgh','2012-02-16 16:36:37','1992-01-09 01:07:59','1997-03-04 14:38:04'),(301,'Samara','Reynolds','1976-12-03','boyle.estefania@example.com','(485)871-0075x8726','West Bellstad','2012-01-10 17:39:10','2007-01-13 02:29:00','2021-05-03 21:30:08'),(302,'Penelope','Ritchie','2000-05-24','jward@example.com','+72(6)9024080637','Loganberg','1981-04-20 03:40:39','2006-09-27 14:21:22','2021-05-03 21:30:08'),(303,'Westley','Zulauf','2012-11-29','stanton.ewald@example.org','1-958-935-8615','Rowanhaven','2006-07-04 15:29:36','1972-06-03 01:01:08','2005-10-06 12:12:47'),(304,'Janiya','Crona','2013-02-26','blanda.will@example.net','048.541.4308x16240','Harmonberg','2011-08-31 23:57:50','2006-10-11 16:38:45','2019-01-26 03:55:27'),(305,'Tyrese','Schuppe','1974-06-16','charles51@example.net','+26(2)3617258064','Cummingston','1979-07-03 08:15:41','2012-03-26 22:57:20','2021-05-03 21:30:08'),(306,'Courtney','Koch','2000-08-06','ckoelpin@example.net','556-373-2029x8592','New Katrine','2001-06-17 04:19:10','2016-01-30 19:35:10','2021-05-03 21:30:08'),(307,'Kiley','Lind','2018-10-18','pagac.edwina@example.net','1-310-564-4070','North Mario','2008-10-09 14:01:09','2018-04-25 22:25:46','2021-05-03 21:30:08'),(308,'Emiliano','Wyman','2016-12-09','stan.kautzer@example.com','07613131817','Ivaton','1970-08-13 10:36:36','1984-12-26 04:56:35','1989-05-14 04:48:59'),(309,'Anderson','Koelpin','2004-09-16','jakob48@example.com','526.327.1775','New Aric','2009-04-03 13:12:28','2018-11-06 18:53:22','2021-05-03 21:30:08'),(310,'Gia','Okuneva','2011-08-10','fahey.hershel@example.org','1-102-387-6992','New Ronaldoland','1999-12-13 00:08:58','1981-11-12 05:20:37','2021-05-03 21:30:08'),(311,'Green','Dickens','2007-08-13','rlemke@example.org','246.456.4014x504','West Friedaland','1972-03-02 02:36:48','2003-08-07 12:54:31','2021-05-03 21:30:08'),(312,'Easter','Ferry','1973-01-21','hkassulke@example.net','901-497-0081x09015','Wilkinsonland','2021-02-23 07:22:49','1988-07-30 14:48:45','2021-05-03 21:30:08'),(313,'Rose','Gleason','1981-06-04','jhackett@example.org','141.615.9672x0698','Klockomouth','2012-03-18 17:43:47','2001-06-20 20:46:52','2021-05-03 21:30:08'),(314,'Rashawn','Eichmann','2000-07-01','rromaguera@example.net','508-060-9975x22943','Aracelimouth','2002-04-04 20:03:47','2020-04-14 05:44:10','2021-05-03 21:30:08'),(315,'Tyler','Crona','1988-02-28','pfannerstill.rene@example.net','116-120-0961','Samirberg','2002-01-23 15:45:08','2007-09-29 07:07:48','2014-04-10 07:34:33'),(316,'Tierra','Heaney','1990-01-12','lucienne.dach@example.org','02599026902','Corkeryport','1991-12-10 02:19:47','2002-08-10 21:43:53','2007-01-22 20:03:23'),(317,'Cierra','Little','2006-09-27','pbeer@example.net','(484)823-2179','Doylemouth','1999-06-08 12:20:05','1973-08-13 04:24:59','2005-06-13 19:44:13'),(318,'Ardith','Haag','1986-09-12','renner.cecil@example.com','(469)224-6605x1828','Tressieton','2003-08-26 12:52:01','2016-02-04 03:19:48','2021-05-03 21:30:08'),(319,'Serena','Trantow','2014-04-28','zlind@example.com','(700)205-8647x247','Rosaliaville','2019-07-04 17:11:40','2015-04-07 21:26:25','2021-05-03 21:30:08'),(320,'Nelda','Bednar','1983-05-23','elda20@example.com','867.784.7451x669','Tryciaburgh','2009-02-11 22:30:24','1992-10-31 18:21:53','2021-05-03 21:30:08'),(321,'Llewellyn','Olson','1982-10-09','olemke@example.com','152.413.2043','West Andreanneport','2017-06-20 08:21:51','1986-08-14 20:20:13','2014-11-15 07:17:13'),(322,'Creola','Berge','2019-12-19','jamal.macejkovic@example.net','(723)341-0863','East Levi','1997-07-01 17:39:18','2003-10-01 00:23:32','2021-05-03 21:30:08'),(323,'Caleb','Blanda','1971-03-10','daisha.mueller@example.org','872.397.6359','Bartolettimouth','2008-11-10 05:29:35','2019-05-15 22:54:11','2021-05-03 21:30:08'),(324,'Dillon','Heller','2007-12-06','ullrich.johnathan@example.com','971.624.1526','Doylefort','2011-02-27 01:36:32','1979-03-23 00:04:35','2004-12-01 04:45:02'),(325,'Kaya','Rath','2008-04-25','fhartmann@example.net','04864909012','West Fannie','1995-02-10 15:01:05','2001-12-13 06:42:18','2021-05-03 21:30:08'),(326,'Kyla','Wolff','1989-05-07','bart33@example.com','971-390-0645','Lake Cielo','1973-08-11 02:07:46','1999-05-21 13:47:27','2021-05-03 21:30:08'),(327,'Andrew','Glover','2014-07-18','halle10@example.net','(037)271-6781x059','Schmitttown','2006-07-26 23:37:32','1999-07-19 15:57:02','2021-05-03 21:30:08'),(328,'Charity','Runolfsdottir','1979-10-03','emmalee84@example.org','254.171.3764x58157','Bartolettistad','1976-11-22 05:39:04','1986-07-17 22:02:01','2021-05-03 21:30:08'),(329,'Dorothea','Hegmann','1984-07-16','nhaley@example.net','(930)575-6050','Tressachester','2018-12-24 17:40:14','1971-01-19 09:23:10','1990-06-17 16:52:54'),(330,'Granville','O\'Hara','1990-03-06','zdoyle@example.org','(510)536-3396x8891','Reynoldsfort','2002-12-14 03:56:14','2009-12-21 02:53:45','2015-10-18 05:34:03'),(331,'Noemy','Jaskolski','2011-02-14','jhomenick@example.com','04197196367','Heaneybury','1987-05-08 18:54:07','1981-08-12 20:32:44','2012-02-23 04:32:17'),(332,'Marielle','Hammes','1997-07-27','hahn.heath@example.com','00971265304','Lessiemouth','1990-06-09 02:41:56','2008-09-01 02:57:40','2021-05-03 21:30:08'),(333,'Tyrell','Runolfsdottir','2012-09-18','vhansen@example.org','+53(4)6656424946','Lonnyside','1979-09-27 17:09:05','1986-07-01 17:41:12','2021-05-03 21:30:08'),(334,'Donny','Kassulke','1988-09-11','nathanial.schmeler@example.com','929.093.8965x76931','Toyland','1979-11-25 12:07:11','1973-06-23 13:48:49','2020-09-04 19:00:38'),(335,'Brennan','Sauer','1990-12-14','kathlyn75@example.net','302-599-6579x954','New Earnestinemouth','2018-05-19 23:23:10','2014-01-02 07:16:11','2021-05-03 21:30:08'),(336,'Augusta','Bruen','1971-02-28','bennie97@example.net','175-245-1718x23786','South Helena','1974-06-18 15:42:11','1999-11-27 08:56:41','2021-05-03 21:30:08'),(337,'Kelvin','Lehner','1989-09-02','kleannon@example.com','(422)068-5692','McGlynnmouth','2016-07-07 04:27:18','2018-07-18 05:02:56','2021-05-03 21:30:08'),(338,'Esther','Heidenreich','2020-04-24','wreinger@example.com','(891)342-4689x06532','Smithville','1982-07-15 18:02:52','2018-04-17 07:52:09','2021-05-03 21:30:08'),(339,'Silas','Haley','1998-05-22','troberts@example.com','03797408431','Seanside','2013-01-26 00:23:29','2008-07-03 05:30:43','2021-05-03 21:30:08'),(340,'Scarlett','Schumm','1978-01-29','stiedemann.clementina@example.net','1-861-325-9301x3647','East Odell','1995-11-27 00:44:44','1990-06-09 04:59:52','2018-09-13 15:02:35'),(341,'Olen','Roob','1997-02-20','dlarson@example.org','226-234-9555x928','West Millie','1972-06-04 01:07:10','2007-11-10 10:48:29','2021-05-03 21:30:08'),(342,'Deion','Kassulke','2006-04-06','shad.smith@example.net','922.195.3665','New Taniabury','1986-02-04 08:53:57','1996-07-09 20:48:47','2008-08-31 08:11:23'),(343,'Everett','Witting','1981-07-05','rocky.von@example.org','937-534-6030','East Juana','2002-02-02 12:03:47','1981-04-26 02:02:25','2011-08-21 23:30:42'),(344,'Cassandre','Kihn','1972-06-02','schiller.morton@example.com','1-550-352-2827x918','Kleinmouth','1972-10-18 09:40:58','1995-06-13 20:09:13','2012-07-17 02:42:52'),(345,'Max','Kutch','2007-07-09','jimmy68@example.net','549.370.9613x47644','Edmondshire','2001-06-20 11:40:01','2008-04-30 03:22:23','2021-05-03 21:30:08'),(346,'Tito','Runolfsdottir','2008-12-18','eugenia.will@example.net','(064)273-4796x619','Dionberg','2014-11-19 19:52:34','1978-11-08 17:05:53','2015-12-09 23:25:08'),(347,'Roman','Kulas','2002-07-15','earnest.tremblay@example.org','1-633-851-5926x623','West Arictown','1992-03-28 05:51:01','2013-10-11 19:12:37','2017-12-16 02:34:18'),(348,'Dane','Mayert','1991-06-06','lavinia18@example.com','02599541517','New Royceborough','1972-06-13 07:02:25','2005-04-06 04:34:43','2021-05-03 21:30:08'),(349,'Anna','Hettinger','1995-08-18','thiel.lonny@example.com','642.345.4098x349','New Abel','1989-07-16 14:59:56','1991-12-29 16:08:18','1994-08-26 07:58:03'),(350,'Keanu','Quitzon','1978-02-01','watsica.molly@example.org','1-717-545-9164','West Lourdes','1977-02-11 11:53:09','2019-03-06 12:49:57','2021-05-03 21:30:08'),(351,'Yvette','Ortiz','2019-09-26','mckenzie.arden@example.org','1-375-769-1396x8698','Raynorbury','1992-12-11 01:32:54','2006-08-18 20:46:41','2021-05-03 21:30:08'),(352,'Ava','Lemke','2021-02-02','boyle.hillard@example.net','235-157-9403x3989','Bodeview','1994-04-10 01:20:04','2012-06-19 00:24:13','2021-05-03 21:30:08'),(353,'Giovanni','Emmerich','1984-10-18','leannon.twila@example.org','1-497-782-7388x04408','Bahringerland','1982-05-03 01:43:18','2018-04-12 11:13:50','2021-05-03 21:30:08'),(354,'Pauline','Farrell','1980-06-10','lucile.kerluke@example.net','(455)574-5721','West Zora','2004-10-24 08:21:53','1971-04-24 01:31:56','1988-12-05 23:44:57'),(355,'Jeanne','Jenkins','2012-03-06','pzieme@example.org','1-258-558-0250','Kayleybury','2014-06-25 05:58:33','1990-06-05 15:44:19','2014-01-13 15:01:37'),(356,'Alvis','McClure','1995-09-05','quinton.runte@example.com','(713)235-5131','Rosemariemouth','1988-12-06 00:18:55','1987-08-26 15:16:08','2012-02-26 13:37:04'),(357,'Chasity','Wilderman','1970-05-14','eupton@example.org','777.376.0710x909','South Milfordburgh','1998-02-07 13:34:00','2007-05-06 12:50:06','2021-05-03 21:30:08'),(358,'Jordy','Dicki','2001-01-15','davin25@example.org','04731645879','New Rae','1990-03-08 00:24:23','1999-09-19 03:01:12','2021-05-03 21:30:08'),(359,'Johathan','Spencer','1994-12-28','jefferey63@example.com','+41(5)4603164159','New Alexysfort','1977-06-29 23:03:36','2001-02-13 15:17:42','2007-01-30 22:00:07'),(360,'Kole','Torphy','1990-06-20','tconsidine@example.com','637.991.9288x77019','Port Viviannehaven','2012-08-18 10:35:40','2009-02-17 16:37:25','2021-05-03 21:30:08'),(361,'Eliezer','Stamm','2017-10-10','hollie90@example.com','(444)143-3368x684','Hammesmouth','1988-05-05 10:09:27','1989-04-04 16:17:15','2021-05-03 21:30:08'),(362,'Moses','Stoltenberg','2021-04-19','fisher.gennaro@example.net','861-200-4573x9720','New Raleigh','2014-12-08 00:11:13','2013-03-13 13:18:17','2021-05-03 21:30:08'),(363,'Gwendolyn','Steuber','1970-02-19','evans05@example.net','1-775-455-1157x1465','Dorthabury','1995-09-12 13:29:36','1989-06-09 16:47:49','2021-05-03 21:30:08'),(364,'Theodore','Kuhlman','1979-07-01','cmaggio@example.net','416-510-6228x771','Kristaborough','2003-02-08 23:18:48','1996-11-23 05:23:59','2021-05-03 21:30:08'),(365,'Kasandra','Rutherford','1996-04-15','zkassulke@example.org','+24(6)2173448366','New Evelyn','2020-10-27 08:22:53','2014-05-27 23:10:12','2017-09-03 02:40:24'),(366,'Burnice','Bins','2000-05-18','windler.lottie@example.com','638-351-3654x660','Lake Santa','2008-07-16 22:31:14','1980-10-30 02:58:43','2021-05-03 21:30:08'),(367,'Tre','Collins','2002-01-02','veum.brayan@example.com','(769)615-3078x2120','Vincentburgh','1998-11-29 01:58:56','2006-04-07 14:43:55','2021-05-03 21:30:08'),(368,'Josianne','McClure','1983-06-28','hartmann.brain@example.com','1-056-766-6521x617','Revaview','1979-06-24 01:27:08','1978-10-29 12:18:55','2021-05-03 21:30:08'),(369,'Floy','Cassin','1994-12-19','johnston.crystel@example.org','+54(3)7499978533','Darlenestad','1973-05-14 17:42:46','1996-08-19 08:44:58','2021-05-03 21:30:08'),(370,'Hollis','Hoeger','2003-10-09','demetris62@example.org','01652726380','Port Alexandreburgh','1986-02-06 05:55:53','2000-08-18 08:00:00','2021-05-03 21:30:08'),(371,'Lavinia','Bailey','2005-10-03','rosalyn61@example.org','357.041.7310','Priceview','1977-07-31 06:11:48','1975-06-03 23:34:14','2006-01-27 19:30:41'),(372,'Dagmar','Ondricka','1981-09-28','nleannon@example.com','686-329-8774','Port Guillermoville','2018-02-27 14:19:32','1989-07-19 19:40:23','2005-02-25 01:24:04'),(373,'Ophelia','Brown','1989-06-27','hahn.caleigh@example.org','484-720-9436x323','West Cassandramouth','1976-07-08 12:45:17','1999-06-13 03:44:17','2010-10-30 01:39:41'),(374,'Helene','Beatty','1986-08-09','jettie63@example.com','(682)933-8762x91437','Port Riley','2002-02-09 02:38:07','1970-03-10 16:26:44','1996-06-08 15:49:26'),(375,'Angeline','Lynch','1991-12-08','powlowski.michel@example.org','691-132-5751','Lake Emelia','2012-04-05 20:13:50','1997-10-17 22:50:23','1997-12-27 07:06:39'),(376,'Luz','Abbott','2016-12-19','littel.rowland@example.org','(638)118-3804x31511','North Kaia','1972-09-20 11:38:30','2017-06-15 00:17:52','2021-05-03 21:30:08'),(377,'Zola','Mayer','1996-04-06','presley84@example.com','005.596.1545x130','South Maegan','1996-12-19 03:49:39','1996-07-28 18:55:40','1996-10-10 18:56:04'),(378,'Hollie','Kutch','2009-04-01','norene48@example.net','+30(0)8789707810','Micahborough','2012-05-18 19:05:05','1972-05-14 23:36:47','2015-03-16 03:51:20'),(379,'Polly','Stokes','1999-02-05','nikko.gusikowski@example.net','(276)419-8508','Port Elenora','1978-05-25 20:02:38','2004-09-20 00:14:54','2017-08-03 15:23:33'),(380,'Adam','Macejkovic','2021-01-16','edd.barrows@example.org','(212)818-3446x93817','Hiramberg','1970-01-20 02:18:35','1982-11-05 21:08:03','1987-04-03 05:43:56'),(381,'Delfina','Lebsack','2014-12-28','udeckow@example.net','1-083-718-9268','Rathview','2007-02-03 18:08:37','2014-10-09 20:00:58','2021-05-03 21:30:08'),(382,'Birdie','Cummerata','1974-02-07','elyse.powlowski@example.org','142.031.0121','East Carsonshire','2020-11-22 20:04:17','2003-12-13 20:11:01','2021-05-03 21:30:08'),(383,'Chelsey','Sauer','1986-09-25','rickie.hayes@example.com','1-928-144-1420x01157','New Priscillaville','1973-08-11 12:46:05','1981-10-15 19:20:38','2009-07-27 16:41:36'),(384,'Caden','Maggio','1991-02-21','dudley33@example.com','029-914-3766x8469','North Freddy','2018-11-11 00:23:54','1979-05-23 21:37:10','2021-05-03 21:30:08'),(385,'Lauriane','Turner','2012-07-20','purdy.royce@example.net','05660440579','New Ernestine','2019-10-23 20:40:37','1980-04-02 17:44:16','1988-03-16 03:44:48'),(386,'Sylvester','Bogan','2009-09-07','qstrosin@example.com','09808326389','Sammymouth','2003-12-11 19:55:03','1981-01-07 01:14:00','2012-09-12 02:53:04'),(387,'Velma','Legros','2002-01-21','lolita54@example.net','+58(1)6192839080','Dareland','1982-08-17 06:29:49','1989-09-10 04:23:59','2013-12-31 13:14:33'),(388,'Karson','Kuvalis','1978-09-23','waelchi.grady@example.com','659.108.4981x015','Archstad','1983-05-24 19:25:53','1990-04-18 09:08:11','2021-05-03 21:30:08'),(389,'Cleora','Kuhn','1986-07-03','d\'amore.marcelino@example.org','1-959-269-8160x096','North Teaganberg','1988-07-15 18:39:14','1984-01-15 02:41:13','2021-05-03 21:30:08'),(390,'Pascale','Walter','1999-08-14','alejandra.williamson@example.net','(571)624-9581','Quigleyland','1984-05-13 11:57:31','2008-05-28 14:02:22','2021-05-03 21:30:08'),(391,'Camryn','Klein','1999-05-28','eloy06@example.org','+73(0)1656523402','East Guadalupeview','1984-04-25 20:01:27','1993-10-29 00:25:38','2021-05-03 21:30:08'),(392,'Frankie','Lakin','1979-09-28','tomas27@example.net','(518)349-6710x001','South Mohammed','1996-12-11 13:47:42','2008-01-24 18:18:22','2021-05-03 21:30:08'),(393,'Oda','Heller','1978-11-15','santiago.frami@example.net','634-596-4010x7704','Runtechester','1971-07-11 08:10:31','1985-08-03 15:32:07','1995-02-11 18:08:38'),(394,'Jose','Christiansen','1970-01-23','mariano.kuhic@example.net','1-473-779-3039','West Domenica','1974-06-01 07:45:07','1972-01-30 07:32:37','2018-02-13 17:32:16'),(395,'Kolby','Streich','2014-12-23','moore.zachary@example.org','02663134432','Reinholdstad','1977-05-11 01:32:47','1971-01-29 08:52:14','1981-10-26 11:59:29'),(396,'Rusty','Larkin','1976-04-26','birdie.brown@example.com','1-672-084-4811','West Mollymouth','2013-08-15 08:01:19','2006-12-24 22:59:52','2021-05-03 21:30:08'),(397,'Gudrun','Carroll','2006-06-30','lois.gaylord@example.org','398.777.9186','Lake Noeliafort','2012-10-28 17:32:51','2002-06-09 19:34:47','2021-05-03 21:30:08'),(398,'Durward','Schumm','2007-12-15','landen.bauch@example.net','(960)997-9472','Framiberg','1971-06-26 23:43:28','2011-03-20 11:33:47','2021-05-03 21:30:08'),(399,'Emie','Hickle','2006-08-18','kaleb.robel@example.net','087-204-1585x3601','Lake Heloiseview','1979-01-16 11:14:48','2000-05-26 04:23:32','2005-06-30 02:44:17'),(400,'Kirsten','Koelpin','2019-12-18','xankunding@example.org','00814801812','Odaton','2019-04-07 10:16:33','1982-09-14 21:43:09','2014-01-05 21:56:35'),(401,'Phyllis','Thiel','1981-04-07','estrella97@example.org','1-169-876-7917','Lake Katlynnport','1999-09-26 03:31:11','2002-11-10 16:57:22','2021-05-03 21:30:08'),(402,'Hulda','Reichel','2003-12-24','dalton.heathcote@example.org','600-277-3523x40067','Strackeside','1995-10-03 23:04:35','1995-11-26 20:55:08','2021-05-03 21:30:08'),(403,'Kassandra','Boehm','1990-04-14','deborah.bergnaum@example.org','1-235-540-8314','Stantonfurt','1998-07-16 14:00:51','2003-12-01 22:42:44','2021-05-03 21:30:08'),(404,'Dianna','Ziemann','2005-11-17','russel.minnie@example.net','968-164-5629x91954','Kuphalmouth','2005-11-07 04:28:22','1979-01-06 15:27:58','2008-04-23 09:22:13'),(405,'Bill','Howell','1989-09-23','noemie.rolfson@example.com','500-820-3293x445','Bernhardstad','1991-01-11 10:29:05','1997-01-07 07:53:17','1998-01-12 04:55:21'),(406,'Domenico','Botsford','2006-07-25','sherwood.funk@example.net','(168)592-5517x69333','Hayesberg','2006-02-03 02:25:39','1989-11-14 13:49:11','1992-07-17 01:23:42'),(407,'Zoie','Pfeffer','2006-01-04','josue63@example.com','1-310-253-5950x1605','Schambergerburgh','1981-12-05 03:46:53','2017-12-22 07:56:07','2021-05-03 21:30:08'),(408,'Jon','Blick','1976-08-19','elna31@example.net','209-944-0337','Wallaceland','1995-10-01 06:04:33','2004-05-06 13:56:24','2021-05-03 21:30:08'),(409,'Ariane','Waters','1971-09-15','ernestina.weimann@example.net','03333835242','South Rydermouth','1992-07-29 20:10:37','1985-11-03 12:45:43','2021-05-03 21:30:08'),(410,'Skyla','Crona','1977-11-04','jayme41@example.com','023-477-0650','Lake Cleveburgh','1994-01-12 22:58:24','1987-01-23 22:29:02','2021-05-03 21:30:08'),(411,'Maximillia','Tremblay','1975-05-13','armand82@example.net','540.142.4282x69845','North Selina','1991-07-18 17:48:22','1999-09-20 20:13:33','2008-11-17 23:45:31'),(412,'Liam','Heaney','1980-11-15','melisa97@example.org','183.899.3587','East Rosaleeburgh','1979-05-18 08:13:01','2007-11-16 00:38:48','2021-05-03 21:30:08'),(413,'Norene','Kirlin','1999-04-09','rashad07@example.net','(489)865-8042x60636','New Kara','2003-11-27 20:56:30','1970-09-24 05:08:27','1976-03-31 06:09:33'),(414,'Aniya','Klocko','1970-03-29','royce52@example.net','02091527507','Mistyton','1992-11-22 07:37:52','2018-06-04 11:47:02','2021-05-03 21:30:08'),(415,'Simeon','Baumbach','2003-11-26','maiya.kessler@example.com','389-679-4079','West Jeanettemouth','1973-03-19 19:52:19','2007-11-07 01:58:50','2021-05-03 21:30:08'),(416,'Fritz','Hayes','1981-02-20','feeney.golda@example.org','1-693-075-8064x54711','Oberbrunnerside','1991-01-27 12:50:30','2013-05-26 01:45:24','2021-05-03 21:30:08'),(417,'Russell','Padberg','1978-07-30','carolina.moen@example.com','116.382.7718','South Adolf','1979-12-24 21:57:40','1988-01-18 13:48:43','2016-03-18 14:17:56'),(418,'Vicenta','Pfeffer','2015-12-24','otrantow@example.org','1-468-102-6569x37158','Port Geovanyberg','1989-03-30 14:09:37','1971-06-30 23:32:50','1998-01-05 18:21:24'),(419,'Elody','Wyman','1993-01-13','green.shea@example.net','1-124-250-5394x8727','Dougview','2007-05-19 22:45:47','1986-12-03 13:32:27','1999-12-07 07:20:01'),(420,'Marc','Hackett','2004-08-19','judson53@example.net','995-283-8598x5831','Keeblerborough','1975-02-08 01:04:21','2011-10-29 02:29:31','2021-05-03 21:30:08'),(421,'Sam','Hessel','1985-03-10','lauryn36@example.net','899-040-8753x5394','Vedamouth','1990-11-24 03:57:24','2006-01-05 05:49:59','2021-05-03 21:30:08'),(422,'Dortha','Gerhold','1973-10-17','issac.rosenbaum@example.org','903.429.9910x7871','West Deshawn','1988-02-29 07:06:05','1973-03-01 13:04:43','1973-04-05 19:11:20'),(423,'Brionna','Von','2010-08-03','altenwerth.dejon@example.com','03380901059','New Nannieland','2020-10-08 10:46:45','1982-12-13 21:59:53','2021-05-03 21:30:08'),(424,'Cydney','Mueller','2005-10-15','ndooley@example.net','248.882.9044x135','Altenwerthland','2004-01-01 20:19:23','1982-07-11 00:46:02','1998-03-21 03:36:04'),(425,'Jonatan','Jakubowski','1990-12-14','mwyman@example.net','505.159.8990','Garfieldmouth','2017-08-30 04:24:45','2007-03-22 02:11:59','2021-05-03 21:30:08'),(426,'Daija','Hickle','2003-04-14','fae43@example.com','(943)375-8893','Cordiaport','1989-09-13 19:25:59','2003-01-23 21:18:28','2021-05-03 21:30:08'),(427,'Lizeth','O\'Conner','2017-08-22','nicole16@example.com','(913)418-0397','East Cassandramouth','1996-05-14 19:55:06','2021-04-30 17:37:33','2021-05-03 21:30:08'),(428,'Briana','Schmitt','2016-12-21','haag.ruthie@example.org','+99(8)8751487363','West Tiana','2003-03-30 17:36:41','1995-01-27 19:38:32','2001-06-11 21:54:10'),(429,'Tess','Grimes','2001-06-22','eric.rodriguez@example.org','(800)245-6570x9702','Mertztown','2011-05-07 16:05:06','2020-04-03 15:20:28','2021-05-03 21:30:08'),(430,'Caterina','Dare','1993-10-13','carlee.renner@example.org','762-653-0450','Port Alfreda','1971-02-24 17:42:48','1993-04-03 13:48:46','2021-05-03 21:30:08'),(431,'Arjun','Konopelski','2018-03-15','ukris@example.com','(749)274-6817x62746','Lake Madilynmouth','2012-01-31 03:04:38','1994-07-25 21:58:07','2011-09-14 03:41:39'),(432,'Ahmed','Davis','1974-11-29','watsica.gerard@example.net','220.607.3952','Lake Odieland','2018-07-08 14:02:40','1995-11-02 15:13:10','2021-05-03 21:30:08'),(433,'Effie','Jacobson','2017-11-28','seichmann@example.com','129-730-0109x717','New Wadebury','2017-07-24 16:21:13','1970-01-05 17:55:37','1981-05-28 06:58:30'),(434,'Shana','Jaskolski','1994-04-30','chloe.abshire@example.net','482-433-7169x14860','Hamillberg','1971-05-05 01:23:49','1982-10-30 18:17:54','1999-05-23 02:11:40'),(435,'May','Lynch','2009-02-22','kody02@example.net','(535)263-0017x8757','West Baileymouth','1993-09-27 00:44:53','1989-01-09 23:52:05','2021-05-03 21:30:08'),(436,'Angelina','Reilly','1974-01-20','romaguera.dolores@example.net','1-371-104-8894x62121','Douglasfort','2008-11-27 10:36:05','1970-11-13 03:04:18','1994-01-30 08:22:48'),(437,'Alta','O\'Hara','2019-01-16','vbrown@example.org','+35(5)5318525747','Gertrudeside','2018-08-15 22:45:50','1995-02-18 14:56:11','2003-02-22 17:10:40'),(438,'Maudie','Leuschke','1981-09-11','kutch.antonina@example.com','(599)691-4025','Cassidychester','2017-02-26 21:15:25','1976-10-26 20:14:38','1981-06-26 20:56:44'),(439,'Kole','Monahan','1996-03-31','qgislason@example.org','103.222.3123x658','Port Cleora','2017-08-27 20:27:25','1974-12-08 06:19:57','1987-04-18 02:39:34'),(440,'Rollin','Ferry','1987-09-24','xvon@example.org','1-380-456-0099x60441','Fadelhaven','1971-07-03 07:33:27','1996-05-30 14:38:14','2021-05-03 21:30:08'),(441,'Sage','Flatley','1974-09-02','tillman.tillman@example.com','120.025.0832x09257','Bartonburgh','1981-07-16 16:46:31','1981-04-09 23:43:59','2012-09-03 15:23:31'),(442,'Virginia','Wintheiser','2007-01-03','crodriguez@example.org','(358)406-3676','East Manuelmouth','2019-12-17 00:28:31','2005-03-10 22:13:43','2014-12-17 01:50:54'),(443,'Deon','Halvorson','1974-02-05','frami.eugene@example.org','277-814-6433x734','Schultzmouth','1970-04-08 03:50:12','2006-07-10 21:53:59','2021-05-03 21:30:08'),(444,'Micaela','Ondricka','1971-02-17','price18@example.com','+19(5)8928907443','Ankundingfort','1994-06-04 01:45:08','2010-08-01 16:22:51','2021-05-03 21:30:08'),(445,'Savanna','Bosco','2012-07-22','meda.crona@example.net','705.001.2712','East Fleta','2019-07-14 13:03:59','1993-02-19 06:39:18','1996-02-13 08:01:28'),(446,'Geovanni','Mante','2013-08-10','pdouglas@example.net','688.309.6573x3130','Cristmouth','1989-10-31 05:31:33','1987-06-07 11:56:07','2009-10-09 15:46:20'),(447,'Alysa','Wuckert','1973-08-15','tschumm@example.com','(095)930-4741','Jordonland','2011-09-10 14:22:25','1994-10-19 21:54:34','2002-07-08 04:47:44'),(448,'Jaquan','Gutmann','2018-09-22','nlockman@example.net','1-962-464-2386x100','Cecileshire','1978-02-24 07:20:13','1986-09-18 13:58:15','2021-05-03 21:30:08'),(449,'Wendell','Ankunding','1999-04-24','mack.kihn@example.com','(700)629-2357x72868','West Bradly','1971-02-08 12:25:03','2020-05-25 20:49:11','2021-05-03 21:30:08'),(450,'Floy','Miller','1998-09-04','zachary02@example.org','1-643-906-3619x9078','North Lisandromouth','1991-06-25 21:39:27','2015-10-22 10:50:41','2021-05-03 21:30:08'),(451,'Raphael','Nolan','1979-04-30','krajcik.nelda@example.org','330-229-3369x161','West Burdette','2012-07-17 13:46:52','1971-03-30 20:58:19','1975-10-28 21:43:52'),(452,'Danika','Ledner','1975-02-15','gabe.bradtke@example.com','+54(8)6549727240','New Jaydon','2002-03-16 05:15:13','2019-11-16 19:43:30','2021-05-03 21:30:08'),(453,'Brooke','Metz','1979-05-25','christiansen.kaden@example.org','(507)848-0480','Jazmynetown','1977-06-30 06:18:14','1972-11-24 21:43:25','2016-01-25 12:09:39'),(454,'Aubrey','Gerlach','1985-11-17','udonnelly@example.org','(006)047-8160x94697','Lake Bertha','1975-03-02 07:49:00','1983-09-26 15:01:05','2021-05-03 21:30:08'),(455,'Hildegard','Price','1979-06-28','fahey.carolanne@example.com','+07(2)0261902449','South Jairoborough','2010-07-05 07:49:08','2004-08-03 15:19:09','2021-05-03 21:30:08'),(456,'Dixie','Abshire','1973-01-23','jdach@example.org','300.638.2833x6285','Brendastad','2000-10-22 11:15:03','2016-02-06 00:34:32','2021-05-03 21:30:08'),(457,'Travis','Hessel','2012-11-05','ssipes@example.com','(172)853-7461','Cecilbury','2017-08-26 07:51:33','2007-01-03 21:52:15','2021-05-03 21:30:08'),(458,'Sean','Pacocha','1999-04-11','marion.cartwright@example.org','223.144.4426','North Derek','2016-02-25 04:20:09','2019-10-14 18:07:01','2021-05-03 21:30:08'),(459,'Willard','Schmeler','2013-03-12','josh.wuckert@example.com','(347)834-4400','East Mattstad','1987-01-28 17:48:42','2011-06-18 23:34:03','2021-05-03 21:30:08'),(460,'Jennyfer','Kirlin','2005-07-24','claire34@example.org','(208)847-6855','East Rosalind','1986-11-14 03:18:09','2004-07-29 01:55:14','2021-05-03 21:30:08'),(461,'Renee','Kessler','1988-05-24','nitzsche.lina@example.net','488.132.6102x742','McLaughlinmouth','1978-06-25 11:57:56','1992-07-21 11:40:45','2021-05-03 21:30:08'),(462,'Assunta','Koelpin','1990-11-26','micheal66@example.net','158.141.8483x0007','Morissettebury','2015-11-08 13:40:30','2003-07-25 04:22:36','2021-05-03 21:30:08'),(463,'Van','Davis','2018-02-23','margret97@example.com','(127)570-5163','North Kaycee','2004-11-17 13:03:15','2020-08-18 23:20:56','2021-05-03 21:30:08'),(464,'Audrey','Wehner','1996-05-01','hickle.uriah@example.org','(276)608-4912','Port Yolandaland','1992-10-09 13:02:00','2016-04-07 21:37:22','2021-05-03 21:30:08'),(465,'Alejandrin','Turner','1973-07-24','gabriella.bosco@example.com','1-739-979-0230','Salvatoreshire','2000-04-27 13:22:05','1970-03-11 11:31:48','2008-12-08 09:00:19'),(466,'Florencio','Wehner','1990-02-26','littel.buck@example.net','1-993-098-5553','Port Garthport','1992-07-10 10:34:00','2010-05-28 16:30:21','2021-05-03 21:30:08'),(467,'Hillard','Leffler','1996-06-12','hirthe.belle@example.org','+29(1)1687299291','Lake Waino','1984-01-03 11:00:47','1987-12-13 01:03:29','2000-10-23 14:04:06'),(468,'Gracie','Schaefer','1994-08-16','littel.verner@example.com','1-590-745-1922','Maiyahaven','1996-03-30 01:22:25','2007-04-18 16:49:23','2009-05-14 12:24:22'),(469,'Hosea','Crona','2000-01-07','finn.rippin@example.com','(700)139-9648x610','Purdyview','1985-06-18 03:17:47','1995-11-01 02:33:09','2021-05-03 21:30:08'),(470,'Pierre','Brakus','2011-11-25','thiel.lilyan@example.com','1-357-692-1558x2232','Malliebury','1985-05-26 07:23:26','1977-08-10 22:00:03','2007-12-17 05:52:59'),(471,'Antonette','Lakin','2004-04-08','uprice@example.net','1-794-989-0473','New Noahland','2000-01-16 13:16:02','1986-02-15 21:08:34','2004-01-07 03:36:14'),(472,'Torrance','Murray','1978-04-13','kenyatta34@example.net','053.060.7335x5152','Parisianville','1987-11-19 03:26:49','1984-04-08 17:22:50','2021-05-03 21:30:08'),(473,'Reginald','Schinner','1977-01-19','andres98@example.com','963-531-2950x1425','McLaughlinville','1991-06-15 10:25:46','1970-06-12 18:49:25','1987-04-20 16:33:16'),(474,'Lincoln','Pfannerstill','2017-04-28','robb.bergstrom@example.net','193.726.8923','Haleyfurt','2005-01-21 22:12:14','1983-05-12 17:03:44','2021-05-03 21:30:08'),(475,'Trisha','Runte','1995-08-01','awiza@example.org','434.401.8019','New Adanville','1996-09-22 06:55:19','2007-12-26 03:13:11','2021-05-03 21:30:08'),(476,'Camille','Herzog','1979-06-07','hilpert.rick@example.org','1-174-776-9535','Brendenhaven','1977-12-20 03:45:27','2008-02-07 10:36:14','2014-10-11 13:15:07'),(477,'Gideon','Huels','2011-03-08','lbogan@example.net','340-081-0901','Adamsville','2018-06-23 16:20:12','1987-03-11 18:09:07','2006-06-16 23:49:34'),(478,'Dameon','Walker','1997-08-11','jerde.kacie@example.com','045.814.8826x216','Lebsackland','2000-03-12 13:57:41','1983-01-24 12:49:21','1989-08-30 07:09:50'),(479,'Dana','Armstrong','2003-08-17','cruz.white@example.org','07460502058','Pathaven','1986-11-30 02:29:12','1993-06-07 01:51:31','1998-07-12 02:25:26'),(480,'Jean','Considine','2012-03-25','teagan.kuphal@example.com','+03(6)6393057918','West Marilouton','1993-09-05 11:19:17','1998-09-05 09:23:48','2021-05-03 21:30:08'),(481,'Avery','Turner','1972-05-11','feichmann@example.com','866.594.9276x46794','East Arely','1988-01-15 13:44:21','2010-02-28 20:40:50','2021-05-03 21:30:08'),(482,'Hipolito','Okuneva','1982-06-25','elyssa89@example.com','279.915.4724','Rueckermouth','1988-12-20 07:29:33','1973-12-19 03:56:58','2017-03-15 21:30:41'),(483,'Rashawn','Koch','1993-08-20','keeling.guadalupe@example.org','+94(9)2559930137','Lake Carissaberg','2008-11-15 02:22:43','1989-04-04 18:01:15','2021-05-03 21:30:08'),(484,'Kelley','Doyle','2012-09-04','mcglynn.gino@example.org','08547158731','South Lavonne','2002-01-27 08:33:22','1974-02-23 14:06:39','2021-05-03 21:30:08'),(485,'Velma','Maggio','1986-06-10','skoss@example.org','+39(1)3736887680','Lake Orville','2017-08-08 07:39:10','2013-03-21 06:37:39','2021-05-03 21:30:08'),(486,'Jennifer','Beer','1995-02-25','beaulah.aufderhar@example.net','(009)163-9686','Maudiefort','1970-10-15 13:10:51','2010-10-29 23:36:13','2021-05-03 21:30:08'),(487,'Talon','Bernier','2004-02-13','lera.medhurst@example.com','842-419-4047x715','Port Margaritaland','2017-08-30 15:49:32','1986-05-24 16:31:43','2021-05-03 21:30:08'),(488,'Sidney','Luettgen','2015-08-20','twilliamson@example.org','810-309-5353','West Cathy','1980-03-17 12:31:41','1979-07-27 08:09:49','1988-01-26 06:44:39'),(489,'Kenton','Hoppe','1998-08-29','mandy39@example.com','(685)785-6269x232','Karlihaven','2003-10-14 11:56:59','1976-01-06 19:56:36','2016-11-30 21:36:09'),(490,'Reba','Price','2002-04-05','grant.gustave@example.net','864.672.8337','Willstad','1992-06-18 00:46:34','2002-03-30 13:00:00','2021-05-03 21:30:08'),(491,'Elna','Wyman','1974-09-17','pfeffer.lois@example.org','1-263-314-2084','New Ahmedland','2008-09-16 23:13:12','1994-01-11 03:21:35','2005-09-15 18:15:12'),(492,'Gennaro','Satterfield','2004-08-16','dan62@example.org','1-116-219-3974x387','Port Jamiefort','1977-11-11 19:11:32','2005-03-18 14:03:30','2015-12-19 21:44:55'),(493,'Geovanni','Mills','1977-05-04','wilfredo02@example.com','1-415-439-4224x5782','Noeberg','1982-08-29 08:24:46','1973-10-29 10:50:55','1976-07-07 07:49:16'),(494,'Bennie','Haley','2001-03-11','trace66@example.com','543-859-8439x557','East Dixie','1970-03-20 08:24:26','1986-12-26 06:48:40','1988-02-12 00:00:55'),(495,'Issac','Willms','1980-02-28','ivah87@example.org','+89(0)4090183267','Brantland','1981-03-01 19:14:57','1998-10-06 14:13:01','2011-10-27 04:20:26'),(496,'Carmine','Zemlak','1977-07-01','alexandra.d\'amore@example.com','(644)343-8905','Odellville','2010-11-01 21:56:42','2020-02-27 02:36:09','2021-05-03 21:30:08'),(497,'Alexane','Wintheiser','1985-03-19','isabella75@example.org','718-139-1503x76041','Port Israelbury','2018-08-18 07:54:07','1975-10-29 10:36:02','2002-05-15 02:48:16'),(498,'Serena','Sporer','2015-03-02','kaleigh59@example.org','(069)176-1368','Ivyshire','1983-11-08 12:00:50','2002-02-24 07:43:28','2005-10-24 10:50:06'),(499,'Lavada','Hamill','2006-10-22','bell.fay@example.com','235-932-1434','Ricebury','2006-05-31 02:29:49','2000-06-16 18:47:31','2021-05-03 21:30:08'),(500,'Kristina','Friesen','2018-03-17','kelsi.bernhard@example.org','185.364.0364','West Bernie','2015-07-03 08:22:54','1993-06-06 17:00:58','2019-05-09 14:20:35'),(501,'Lauren','Christiansen','2003-02-16','parker.alexis@example.org','(053)796-0358','North Valerie','1973-07-28 13:53:23','2002-08-19 13:04:10','2021-05-03 21:30:08'),(502,'Lazaro','Wilkinson','1991-03-17','xwest@example.com','1-146-173-8318x54546','Abbyview','1993-08-21 13:04:33','1974-01-24 11:18:27','2005-10-06 16:47:39'),(503,'Sierra','Von','1994-04-16','elinore.cormier@example.com','(566)045-9554x3812','North Jett','1981-01-21 23:41:29','1971-05-19 23:33:48','1999-07-26 23:02:47'),(504,'Jacky','Blanda','2018-03-17','boris58@example.net','448-909-6829','Domenicachester','1979-06-17 05:06:01','1992-03-07 04:57:27','1992-10-18 19:35:59'),(505,'Marshall','Parisian','1984-04-28','hmcglynn@example.net','01232846241','East Aidanfurt','2008-03-26 01:00:12','1994-08-29 01:10:52','2021-05-03 21:30:08'),(506,'Trevor','Lubowitz','1977-03-23','howell.howell@example.org','727-282-0457x131','Lake Merrittville','2006-07-11 10:02:30','2018-12-02 06:09:40','2021-05-03 21:30:08'),(507,'Eino','Beahan','1994-07-14','raynor.lincoln@example.net','119.744.4568x498','East Alessandroland','1984-08-14 07:40:15','2000-08-23 01:19:54','2021-05-03 21:30:08'),(508,'Yadira','Kovacek','1991-11-29','marcelina59@example.com','01832805374','Port Laura','1997-04-17 17:36:25','2009-12-15 02:54:31','2021-05-03 21:30:08'),(509,'Aimee','Spinka','2011-07-15','hessel.stefanie@example.net','656-233-5972x12117','Yostchester','1978-04-08 11:51:51','2012-08-24 19:02:19','2021-05-03 21:30:08'),(510,'Karelle','Welch','2020-06-13','payton04@example.com','(466)227-5445x4158','Port Calefort','2018-03-25 05:16:54','1976-10-02 00:06:06','2021-05-03 21:30:08'),(511,'Vidal','Kuvalis','1985-02-17','sporer.lauriane@example.com','101.714.8469x4308','South Alisha','2020-08-10 21:23:49','1998-06-11 17:45:11','2015-08-31 00:10:08'),(512,'Elisabeth','Boehm','2009-03-09','murazik.jade@example.com','1-836-645-2485','East Terrellside','1985-09-17 14:29:48','1981-09-28 07:27:59','2011-05-21 21:25:04'),(513,'Annie','Labadie','2014-11-20','damian.gerhold@example.net','1-289-927-8561','East Arielleton','2012-08-05 05:01:06','1989-08-25 12:13:24','2021-05-03 21:30:08'),(514,'Keon','Hintz','2019-03-31','vwilliamson@example.net','647.460.6178x01824','North Racheltown','1971-05-28 14:06:10','1977-05-12 07:00:38','2009-08-20 18:28:36'),(515,'Laisha','O\'Conner','1983-12-14','becker.jailyn@example.net','002.960.5873x07531','Batzfort','2001-05-10 05:13:36','2001-06-27 08:47:07','2021-05-03 21:30:08'),(516,'Robyn','Lakin','1971-04-28','ora46@example.com','722.983.6276','North Tyreekberg','2006-03-24 10:54:00','2015-10-08 22:26:35','2021-05-03 21:30:08'),(517,'Larry','Cummings','2017-07-15','vwaelchi@example.org','(583)310-6653x684','Moenside','2013-07-25 05:39:21','1998-07-30 11:57:56','2021-05-03 21:30:08'),(518,'Thea','Fay','2017-08-10','tamara.gerhold@example.net','146-967-0466x227','Edythebury','1978-12-02 09:16:18','2003-06-12 14:54:03','2021-05-03 21:30:08'),(519,'Sylvester','Lebsack','1984-12-02','pacocha.elbert@example.com','722.641.6789x260','West Hollis','1983-11-08 07:42:53','2011-07-26 05:00:38','2021-05-03 21:30:08'),(520,'Jerrod','Jenkins','1972-05-27','maximillian.welch@example.org','(212)893-5150','Larsonmouth','2012-05-30 17:06:06','2001-08-01 10:01:34','2021-05-03 21:30:08'),(521,'Kylee','Murphy','1984-08-01','albin18@example.net','353-713-0703','Karinahaven','2003-07-03 10:29:49','1999-07-22 09:57:18','2021-05-03 21:30:08'),(522,'Carson','Mosciski','1976-06-14','bertram.hayes@example.com','(397)266-1803x934','New Mozellmouth','2004-04-29 22:24:00','2011-10-03 12:10:23','2012-03-31 17:35:48'),(523,'Ocie','Fay','2010-07-23','earlene.schulist@example.org','1-391-333-2567','Port Grover','2005-03-01 13:08:00','2015-12-16 07:23:59','2021-05-03 21:30:08'),(524,'Kiarra','Goyette','2018-01-14','boehm.kirk@example.org','+22(1)0497016583','New Gregoryland','2013-11-18 16:54:58','2018-10-25 12:50:13','2021-05-03 21:30:08'),(525,'Sigmund','West','2008-10-10','pabshire@example.net','499-318-7217x47252','Erynshire','2002-10-31 16:54:03','2002-03-12 09:34:24','2021-05-03 21:30:08'),(526,'Arvel','Abshire','1990-01-04','heloise.sporer@example.net','1-453-047-9553x4473','Port Aniyah','2017-06-06 19:46:37','1990-08-08 13:00:43','1992-12-17 22:10:02'),(527,'Tania','Sauer','2007-06-30','paul64@example.com','1-136-467-1123x08075','Kochland','1983-09-09 11:07:09','2007-12-01 21:36:15','2021-05-03 21:30:08'),(528,'Ozella','Kilback','1994-02-12','pinkie10@example.com','793-146-4912','Zboncakland','1984-08-20 10:35:24','2010-06-28 05:43:34','2021-05-03 21:30:08'),(529,'Fred','Kovacek','1986-07-19','wabshire@example.org','1-317-561-9855x930','Lehnermouth','1997-03-30 17:53:03','1995-11-05 15:02:22','2014-12-22 00:53:20'),(530,'Fidel','Johnson','1976-09-18','della76@example.org','09933644611','Port Kristina','1980-10-30 15:55:44','1994-06-03 13:50:45','2010-07-03 03:30:45'),(531,'Emil','Conroy','1972-01-29','jodie54@example.net','657.171.6773x70253','Bergstrommouth','2016-12-08 13:15:26','2009-07-10 10:35:52','2021-05-03 21:30:08'),(532,'Zoila','Paucek','2001-09-19','bechtelar.duane@example.net','(682)165-4425x0205','East Deanna','2017-03-29 16:53:30','1998-03-02 14:31:29','2021-05-03 21:30:08'),(533,'Emmanuel','Muller','1970-11-23','jkreiger@example.org','1-037-889-1828','West Trenton','2019-12-05 22:51:37','2013-11-22 14:41:12','2021-05-03 21:30:08'),(534,'Bernie','Quigley','2010-03-07','turcotte.burdette@example.org','982.845.5064x3224','Lake Carolyn','2017-04-13 11:45:08','2018-01-09 19:31:31','2021-05-03 21:30:08'),(535,'Alphonso','O\'Conner','1974-01-01','darian.gibson@example.org','188.584.2290','Port Quentinland','1984-09-23 06:08:16','1994-04-12 04:05:42','2021-05-03 21:30:08'),(536,'Destany','O\'Reilly','2000-12-18','boehm.willie@example.net','456.728.1110','Beerburgh','2004-10-05 20:03:02','1997-01-27 07:36:13','2005-12-22 13:40:07'),(537,'Katarina','Doyle','1997-08-09','hershel.douglas@example.org','490-400-0031x2611','Schinnerville','2008-06-18 22:43:21','2016-11-10 14:20:28','2021-05-03 21:30:08'),(538,'Celestine','Harber','1994-08-14','jquigley@example.net','(889)135-3595','New Mikelton','2011-11-22 15:38:17','1998-01-05 20:35:41','2021-05-03 21:30:08'),(539,'Norbert','Murazik','1976-04-06','erna25@example.net','472.067.9515x309','Lake Norma','2015-08-05 01:40:48','2014-03-02 16:06:06','2021-05-03 21:30:08'),(540,'Casimir','Klocko','1994-07-23','swift.jamal@example.net','880-926-0728x08197','East Leannaborough','1991-06-26 19:23:26','1976-09-13 22:26:48','2019-11-10 13:27:09'),(541,'Abbigail','Fadel','1992-08-24','lafayette54@example.org','1-003-564-8679','Stantonton','1977-10-11 16:32:27','2016-03-12 16:29:39','2021-05-03 21:30:08'),(542,'Christian','Huel','2014-08-04','malinda04@example.org','1-998-125-0906x15304','Lake Douglas','1975-04-04 10:01:01','1995-12-28 23:00:38','1996-08-22 02:05:59'),(543,'Furman','Bartoletti','1986-05-08','jkautzer@example.com','650.756.7458x8209','Dooleyfurt','1978-06-23 14:03:40','1980-03-08 20:53:44','2002-11-04 09:53:41'),(544,'Brannon','Brown','2003-01-06','meghan15@example.net','+08(7)4253814908','Denesikside','1973-11-28 05:48:53','1980-12-03 11:55:57','1990-05-05 23:31:20'),(545,'Jeff','Prosacco','2011-05-13','dahlia58@example.net','(844)637-7073','East Edmond','2009-01-19 22:39:04','1994-05-22 07:35:41','2006-03-29 17:25:59'),(546,'Creola','Altenwerth','1993-09-04','palma94@example.com','+07(4)9929885118','Maximillianview','2013-02-04 04:44:19','1970-03-22 15:14:06','2014-07-08 02:53:14'),(547,'Rodolfo','Weissnat','1979-06-21','dietrich.omer@example.org','08347607136','Mullerfurt','2008-08-03 01:23:31','1978-08-20 07:40:09','2004-04-02 00:01:40'),(548,'Nakia','Reichel','2012-06-17','smarvin@example.net','(199)071-1276','Robertsville','2018-07-11 02:06:24','1993-05-30 13:30:06','2004-04-21 20:43:31'),(549,'Ila','Schmeler','1970-02-24','damion.mante@example.com','(573)084-2719','Ceceliaburgh','1992-08-17 08:59:55','2007-10-03 23:59:23','2021-05-03 21:30:08'),(550,'Vincenzo','Parker','2000-11-18','okihn@example.org','269-536-6186','Dibbertberg','1984-03-29 23:24:23','2008-11-16 06:30:56','2021-05-03 21:30:08'),(551,'Raymond','Ortiz','1999-03-12','stanton76@example.org','044-688-4257x35091','East Rosalinda','1972-12-02 01:56:44','1978-08-09 23:15:11','2020-12-01 09:07:11'),(552,'Jakayla','Muller','1985-03-11','schaefer.rollin@example.org','1-788-137-2136x7140','East Opheliamouth','1979-12-16 05:14:57','2003-06-06 05:39:40','2013-12-29 16:19:06'),(553,'Sid','Denesik','1993-02-19','bharvey@example.com','1-636-718-8169','Port Zackery','1992-08-25 11:59:30','2005-01-16 08:16:45','2021-05-03 21:30:08'),(554,'Arthur','Altenwerth','1988-02-03','ejohnson@example.net','1-347-395-3137x8051','Gerholdside','2016-10-23 08:33:47','1993-09-05 13:03:58','2020-02-14 05:04:53'),(555,'Kamren','Hegmann','1972-08-12','katrina01@example.net','00741444609','West Delpha','1972-11-24 17:28:04','1994-05-06 18:33:34','2014-01-23 06:34:59'),(556,'Oren','Gerlach','1995-08-10','mayer.louie@example.net','1-091-500-1232','Nobleborough','1970-10-29 20:57:06','2008-09-27 09:14:57','2021-05-03 21:30:08'),(557,'Bernita','Kirlin','1982-11-12','antone02@example.org','(324)202-2695','Remingtonton','1974-02-19 08:52:53','2012-10-12 08:17:56','2014-02-03 10:36:34'),(558,'Erling','Predovic','2014-10-14','hwillms@example.net','728-951-3651','Krischester','1995-10-28 18:12:16','1985-12-31 01:27:38','2021-05-03 21:30:08'),(559,'Glen','Haley','1982-01-07','rosalia05@example.org','(801)445-6324','Jaylonbury','1991-06-20 04:20:49','2007-01-25 21:56:48','2021-05-03 21:30:08'),(560,'Delfina','Wolff','2015-11-08','conner.koss@example.net','+16(4)6358101707','Krismouth','1976-11-05 05:09:25','2015-09-12 04:24:14','2021-05-03 21:30:08'),(561,'Diamond','Moen','1995-10-30','jlemke@example.net','944.024.3368','North Briannefurt','2012-12-29 06:30:32','1986-07-28 13:46:28','2015-09-30 08:52:43'),(562,'Domenico','Littel','2014-03-04','ansley.nitzsche@example.net','1-162-923-2452','Rolfsonhaven','1986-11-17 05:02:48','1971-12-30 20:52:57','1996-10-05 02:09:07'),(563,'Connor','Heathcote','2015-05-17','berta30@example.com','801-883-1346x784','North Bertrandfort','2014-07-13 03:08:01','2004-05-17 01:07:54','2021-05-03 21:30:08'),(564,'Sabryna','Will','2003-11-16','alize.kuphal@example.net','+03(9)7768403992','Lake Ricardo','2005-03-22 09:50:31','1986-03-04 13:14:26','2016-11-08 12:34:21'),(565,'Mary','Watsica','1986-09-17','ondricka.hiram@example.com','1-477-615-8497x10449','West Clemmie','1988-06-10 02:14:10','1980-07-05 10:45:32','1995-04-01 03:22:33'),(566,'Kevin','Witting','1984-10-19','gnitzsche@example.com','336.247.0185x118','East Hettieside','1982-09-18 09:23:13','1980-05-14 12:43:36','2021-05-03 21:30:08'),(567,'Kira','Harris','2000-03-13','kayden.heidenreich@example.net','1-172-850-3080x68060','Zboncakfurt','1971-11-23 17:57:14','1975-08-20 03:49:02','2021-05-03 21:30:08'),(568,'Reece','Cassin','2013-10-06','lrippin@example.com','1-390-730-5481x207','South Paytonland','2011-01-23 09:50:49','2007-04-25 18:45:14','2008-07-21 03:29:53'),(569,'Glen','Legros','1979-02-23','aisha.dare@example.com','1-622-961-2098','South Nicolefort','1998-11-09 09:20:41','1977-10-01 07:04:17','2004-04-27 22:38:43'),(570,'Marlee','Lehner','2005-01-31','vida.marvin@example.org','(752)177-3364x095','New Gino','2019-10-08 22:19:09','1998-11-23 17:22:57','2013-04-20 11:31:30'),(571,'Lexie','Nolan','2019-07-27','gaylord.kaleb@example.org','1-129-352-3719','Augustaview','2009-05-26 15:43:16','1983-01-28 09:32:32','1983-06-19 15:51:25'),(572,'Ida','Bergnaum','1994-03-26','cristal.okuneva@example.com','1-241-065-8240x3893','New Wavashire','2006-02-09 15:50:16','1974-03-28 23:56:07','2017-01-24 12:04:50'),(573,'Jamie','Nolan','1992-05-25','nicolas.korey@example.org','(350)941-4519','West Maxime','1970-09-06 20:11:11','2003-03-31 22:20:06','2021-05-03 21:30:08'),(574,'Carole','Bins','1972-10-25','schamberger.eryn@example.com','217.894.8245x169','Caterinaberg','2019-09-04 15:31:39','1971-02-14 22:53:58','1995-04-21 16:28:43'),(575,'Avery','Nikolaus','1998-10-17','rrippin@example.org','557.897.9708x0912','New Fernshire','1989-11-14 00:06:01','1996-12-03 22:36:09','2001-08-11 10:18:45'),(576,'Thad','Rippin','1999-03-24','lennie.grimes@example.org','745-615-5261','Lake Devonte','2013-11-16 12:50:22','1975-11-30 16:47:21','2021-05-03 21:30:08'),(577,'Vincenza','Zboncak','1995-09-09','brandyn25@example.com','04769441978','South Kathleenberg','1981-05-23 12:36:30','1970-03-15 13:57:28','2003-06-19 23:32:08'),(578,'Alexandria','Veum','1980-05-20','sim.hayes@example.com','+39(2)0384594579','West Connie','1990-08-29 20:24:41','1974-05-24 17:21:05','2021-05-03 21:30:08'),(579,'Nova','Hartmann','1982-12-07','reece.little@example.net','984-787-4245','New Colemouth','1979-10-16 17:58:53','1975-08-27 08:49:55','2009-02-12 16:24:54'),(580,'Leann','Rosenbaum','1998-11-17','hillard18@example.org','1-834-044-2340','New Toy','1999-11-01 15:55:16','1989-11-29 16:59:12','2001-03-14 11:09:43'),(581,'Tanya','Emmerich','1999-02-21','zackary.rodriguez@example.net','1-996-915-0034','New Lenny','2006-08-17 20:44:40','1982-03-26 07:40:33','1991-03-16 23:20:32'),(582,'Frederik','Lemke','2004-04-29','farrell.katrina@example.org','06060795264','Breanneport','2003-09-24 19:23:20','1999-10-30 13:42:24','2005-05-23 03:06:45'),(583,'Berta','Feil','1984-05-14','samantha21@example.org','+69(7)6335248964','Lake Lucy','1978-09-09 18:31:07','1991-01-31 08:24:02','1992-04-24 05:18:21'),(584,'Danielle','Littel','2018-12-20','gillian.tillman@example.net','1-676-979-4735x4654','North Amalia','2019-12-20 14:40:01','1993-05-15 14:48:53','2021-05-03 21:30:08'),(585,'Vita','Pfeffer','2002-01-23','gardner51@example.com','063-632-5630','New Margottown','2020-12-20 14:15:48','2014-12-19 01:51:19','2021-05-03 21:30:08'),(586,'Kamren','Grimes','1998-03-20','wendy28@example.com','430-049-6754x3579','West Colemanchester','2003-06-03 11:38:26','1985-12-23 04:17:54','2021-05-03 21:30:08'),(587,'Khalid','Johns','2016-04-02','felicia26@example.org','158-241-3197x583','Weissnatmouth','1981-06-29 11:47:00','2018-01-10 05:10:54','2021-05-03 21:30:08'),(588,'Ayla','Bauch','1998-05-23','julianne.mcdermott@example.org','(489)291-0967x6590','Lake Deja','2000-11-11 14:21:38','1979-01-13 00:19:04','1992-12-31 15:26:52'),(589,'Florencio','Thiel','1995-09-22','rhea57@example.com','05879637892','Ressieview','2004-04-05 07:34:31','1990-07-29 13:43:17','2009-12-14 12:06:47'),(590,'Leda','Osinski','2020-09-14','kirk41@example.net','1-948-133-2371x14098','Russelton','1991-12-09 06:00:55','2014-09-03 11:29:15','2021-05-03 21:30:08'),(591,'Aidan','Bosco','1999-12-03','concepcion.streich@example.org','+28(8)4142832712','East Bailee','1994-09-24 23:23:16','1996-06-24 13:25:37','2021-05-03 21:30:08'),(592,'Ulises','Sawayn','1982-09-05','raymond.luettgen@example.com','659.942.7615x816','Nevaside','1974-07-03 11:51:24','1978-12-31 12:03:20','2021-04-04 08:51:49'),(593,'Ethyl','McKenzie','1980-02-16','kuphal.leola@example.org','03185051715','Lake Velmashire','2005-09-12 07:28:09','1987-04-17 00:11:49','1993-03-15 22:27:35'),(594,'Lyla','Wiza','2017-09-24','orie15@example.com','1-012-739-2654x18676','New Elliotmouth','2008-03-03 22:09:38','1970-09-30 03:28:21','1998-09-14 17:30:24'),(595,'Coy','Becker','1986-04-28','leonel33@example.com','1-296-993-7753x31407','Adeliatown','1970-11-06 00:53:43','2014-08-12 15:25:01','2021-05-03 21:30:08'),(596,'Christ','Mann','1971-09-07','hazle99@example.org','1-142-353-9985x8519','Mauriciobury','2018-03-17 03:26:38','2019-03-18 02:20:19','2021-05-03 21:30:08'),(597,'Jennings','McClure','1979-12-17','kayden97@example.net','(870)873-3209x891','Lake Reynaberg','1981-03-18 20:17:27','1993-07-29 17:47:52','2018-03-15 23:19:48'),(598,'Pedro','Koepp','2000-04-26','xsauer@example.org','1-776-952-1293','West Kipberg','1979-07-02 23:12:58','2006-06-07 01:31:18','2021-05-03 21:30:08'),(599,'Shanelle','Rath','2006-06-23','kihn.cameron@example.net','117.044.8966x88155','Halfort','1982-10-12 18:33:37','2016-06-22 01:05:58','2021-05-03 21:30:08'),(600,'Lysanne','Kilback','1982-12-08','beverly.cartwright@example.net','02437633910','Kristinamouth','2014-12-13 16:39:38','2016-03-30 04:41:06','2021-05-03 21:30:08'),(601,'Jake','Heathcote','1993-05-30','hirthe.pietro@example.net','762-898-5003x422','Bethanyville','1970-02-20 16:02:09','2014-01-21 17:18:37','2021-05-03 21:30:08'),(602,'Faye','Pfannerstill','1971-02-20','stiedemann.rosina@example.org','1-009-399-3145x64544','Deontaehaven','1990-02-23 15:46:12','1997-02-07 07:24:31','1999-03-08 16:10:20'),(603,'Danika','Hand','1995-12-08','qhane@example.net','+26(1)8437535759','Annachester','2006-09-10 10:11:23','2018-03-02 10:02:08','2021-05-03 21:30:08'),(604,'Jonas','Mueller','1982-01-24','ustiedemann@example.com','(398)716-4345','South Danielastad','2003-10-27 17:39:16','1975-12-28 19:51:09','2012-11-01 23:24:03'),(605,'Greyson','Bergnaum','1986-06-13','konopelski.mattie@example.net','270.023.4100','West Quinton','2017-03-12 08:33:46','2018-12-27 22:43:41','2021-05-03 21:30:08'),(606,'Augustus','Rolfson','2008-09-11','gwendolyn60@example.net','1-566-876-0019','West Ashly','2014-01-15 15:44:04','2013-07-27 10:48:23','2021-05-03 21:30:08'),(607,'Dalton','McDermott','1986-09-07','doyle.annabel@example.org','(570)033-8056x96161','West Ellen','2008-03-10 19:54:45','2001-11-22 06:05:44','2021-05-03 21:30:08'),(608,'Eugene','Boyle','2001-04-23','mariah97@example.net','946-755-1748x393','Lake Graham','2020-03-27 00:03:19','2016-11-14 15:19:03','2021-05-03 21:30:08'),(609,'Alayna','Legros','1984-03-16','dyundt@example.com','(042)349-4108','Lake Maria','2004-08-31 18:35:27','1994-08-07 07:40:58','2012-09-22 07:22:10'),(610,'Abdiel','Reichert','1999-01-22','brook.bogisich@example.net','162.738.4244','Marlonhaven','2002-11-20 09:27:36','1994-12-22 01:44:52','2007-09-07 22:27:09'),(611,'Ellis','Kohler','1971-08-31','bogan.frida@example.com','+98(0)8938828591','Lake Dave','2019-12-12 21:35:08','2000-06-27 16:24:21','2015-05-25 05:36:23'),(612,'Wilfred','Champlin','1978-01-17','hnolan@example.org','553-616-0126','East Austynton','1996-05-17 22:44:17','1992-02-18 22:05:26','2021-05-03 21:30:08'),(613,'Donavon','Turcotte','2011-03-22','rahsaan.schmitt@example.net','09675104882','North Aureliestad','1982-06-25 16:50:49','1973-11-19 16:29:42','2021-05-03 21:30:08'),(614,'Anissa','Hickle','1989-05-29','moshe53@example.org','(376)106-4291','South Jaylenhaven','1971-02-19 20:26:44','1998-11-25 06:55:58','2021-05-03 21:30:08'),(615,'Marietta','Doyle','1972-07-07','mary.schulist@example.net','1-914-370-3594x12919','Lake Dimitrimouth','2003-12-28 21:51:08','1980-12-25 16:04:15','2013-08-03 05:32:00'),(616,'Malvina','Mayert','2015-07-27','ddeckow@example.com','147-391-2068x786','West Eldorafort','2009-09-15 20:00:09','1975-09-25 22:41:48','2010-07-31 07:11:31'),(617,'Kayden','Miller','2005-05-07','boyer.dariana@example.org','(417)899-0172x918','Myahburgh','2002-10-15 21:11:32','1970-01-04 23:24:11','1979-09-20 07:50:01'),(618,'Henry','Steuber','1971-09-29','stephen.goodwin@example.net','(999)607-9328x65140','Hickleport','2009-07-14 11:50:56','1986-01-17 10:42:16','1992-06-12 20:26:03'),(619,'Elwyn','Schuster','2016-04-10','harber.ciara@example.org','(349)076-8196x889','Ritchieside','2001-04-11 19:47:47','1997-12-06 04:54:41','2019-03-01 06:36:42'),(620,'Sonia','Hegmann','1978-01-09','xquigley@example.com','+40(6)5157797413','North Jaymeside','2000-01-13 18:21:34','1996-04-18 10:51:41','2010-07-02 21:04:37'),(621,'Adolphus','Harber','2011-10-06','victor.lemke@example.com','+84(2)6577894404','West Myrna','1998-03-03 01:28:22','2005-11-09 02:38:55','2021-05-03 21:30:08'),(622,'Jaime','Mertz','1993-10-09','julie.terry@example.net','044.372.5485x05338','Mrazside','2017-07-24 10:25:11','2005-09-29 11:09:23','2015-02-17 17:52:55'),(623,'Pauline','Ernser','1986-05-07','schmitt.amalia@example.com','(013)773-5249','West Houstonport','1986-12-06 16:38:05','2005-01-01 11:32:07','2020-06-01 04:52:58'),(624,'Alexandrea','Will','1983-09-09','alind@example.net','+54(1)1685974023','Arielfort','1983-12-16 17:08:21','2001-07-23 05:06:54','2020-03-09 16:03:26'),(625,'Shaina','Gusikowski','1975-10-26','mabernathy@example.com','1-664-099-9769','Crookston','1978-09-16 08:29:09','1970-05-29 17:36:33','2017-07-03 14:37:44'),(626,'Emmanuel','Murray','1995-08-30','schroeder.ottilie@example.org','(471)880-5490x03425','Buckridgeport','1997-05-21 23:01:22','2002-05-12 17:50:39','2021-05-03 21:30:08'),(627,'Jadyn','Fahey','2004-07-25','yost.eveline@example.net','1-091-456-0300','South Jerrod','2009-12-01 07:54:39','1980-01-26 09:11:18','2020-04-06 06:21:59'),(628,'Heath','Green','2014-05-04','andreane.hilll@example.com','139-559-7317','O\'Reillyton','1972-03-23 09:51:15','1992-07-16 08:55:07','1996-05-11 08:20:52'),(629,'Rhett','Paucek','1995-02-14','humberto.quigley@example.com','+12(9)7019409189','Lowetown','1997-12-20 11:33:25','1985-09-24 14:19:01','1999-06-19 21:27:39'),(630,'Warren','Hills','2003-04-02','ludwig.schinner@example.net','434.225.8341','Murphyview','2019-10-29 22:38:11','2005-07-02 00:39:46','2021-05-03 21:30:08'),(631,'Hollis','Schmeler','2021-04-12','kathryn29@example.com','1-403-690-4377x5765','Nettieborough','2002-11-21 23:18:21','2021-04-02 23:47:08','2021-05-03 21:30:08'),(632,'Taryn','Nader','1971-11-05','mcdermott.dewitt@example.net','867.382.9547x84934','Barrowsfurt','2013-07-03 19:02:17','2005-08-16 20:24:40','2021-05-03 21:30:08'),(633,'Branson','Carroll','1984-08-05','julian48@example.net','(044)261-8091x6606','Annieton','2002-06-19 01:33:31','1988-11-15 15:13:56','2014-06-11 00:27:59'),(634,'Sarah','Bosco','1995-12-17','elton24@example.com','1-900-051-9971x66884','Lake Norbert','2017-04-15 00:21:39','1991-12-31 19:39:31','2021-05-03 21:30:08'),(635,'Darwin','Lebsack','1993-01-27','clebsack@example.com','(767)425-4615x733','West Lydiaville','2013-11-23 12:02:31','1994-01-21 14:19:00','2021-05-03 21:30:08'),(636,'Hal','Feest','1984-09-28','una.kshlerin@example.org','(756)928-0796','Ralphside','2014-09-02 08:00:16','1974-11-22 18:14:27','1979-03-23 05:06:40'),(637,'Sunny','Harris','2009-01-14','hirthe.dina@example.net','(259)990-0541','Nikolausberg','1976-07-31 15:06:56','1980-02-27 14:45:44','2021-05-03 21:30:08'),(638,'Enos','O\'Keefe','1992-04-04','fwillms@example.com','749-331-6623x471','East Marceloborough','2015-01-15 06:29:58','2018-07-11 16:33:28','2021-05-03 21:30:08'),(639,'May','Reilly','1989-07-20','bridget52@example.com','628-938-3384x6171','South Alberta','2004-03-30 09:03:38','1979-12-11 23:09:14','1989-05-05 17:46:24'),(640,'Nestor','Kreiger','1987-07-25','kara.lemke@example.com','584.444.2782x681','Ahmadmouth','1998-07-03 22:05:32','2015-01-24 19:15:15','2021-05-03 21:30:08'),(641,'Evans','Wintheiser','2014-01-15','bogan.amaya@example.com','932.989.2911','West Geovanymouth','2012-04-22 09:30:56','2004-11-07 17:17:23','2021-05-03 21:30:08'),(642,'Maria','Osinski','2020-04-17','skyla14@example.com','(390)223-8082x365','South Precious','2000-07-07 23:09:36','1999-10-14 20:28:13','2021-05-03 21:30:08'),(643,'Anne','Brekke','2020-02-10','brakus.domenico@example.com','06377639273','New Jermainfurt','1998-02-27 01:19:40','2007-06-03 17:05:46','2021-05-03 21:30:08'),(644,'Haylie','Torphy','2014-07-14','imohr@example.net','+30(3)4311186942','South Lydaview','1974-02-06 04:14:12','2000-04-20 11:39:13','2015-05-06 07:44:37'),(645,'Jailyn','Schmeler','1973-05-27','heller.amaya@example.com','(199)929-9921x8690','East Hillard','1981-05-30 17:23:53','2004-11-15 03:12:22','2021-05-03 21:30:08'),(646,'Toby','Rowe','2002-06-17','hilda15@example.net','009-423-2728x642','Reicheltown','1974-03-30 06:07:33','1983-03-31 03:32:11','2014-04-29 10:16:29'),(647,'Caitlyn','Vandervort','2008-11-25','russel.queenie@example.net','083.418.9098x367','Port Frederique','2009-05-03 22:53:16','1985-03-08 22:56:08','2019-01-16 08:37:01'),(648,'Dee','Gorczany','1982-04-13','isobel94@example.org','1-363-106-4682x08309','Christport','2010-04-30 20:32:03','2017-11-08 10:43:07','2021-05-03 21:30:08'),(649,'Antonia','Tromp','1994-06-17','pfeffer.shane@example.net','1-670-954-9917','Ferrymouth','1972-06-25 16:53:38','2009-07-17 11:34:02','2018-05-26 03:20:08'),(650,'Ulises','Vandervort','1975-03-16','minnie50@example.net','03631449999','Efrenberg','2016-06-25 00:26:44','1999-11-23 08:05:21','2021-05-03 21:30:08'),(651,'Missouri','Wilderman','2013-06-06','evelyn.hilpert@example.org','1-675-076-0218x910','New Kay','2016-09-01 00:37:08','1978-11-19 07:05:03','2009-09-14 16:04:48'),(652,'Agustin','Funk','1989-12-10','monte.mclaughlin@example.com','(143)096-7225','Colechester','2002-04-05 08:12:36','2017-07-06 20:48:32','2021-05-03 21:30:08'),(653,'Antonietta','Nolan','2005-05-21','vheidenreich@example.net','1-264-812-1213','New Dianahaven','1984-04-14 16:28:20','2011-03-25 18:01:36','2021-05-03 21:30:08'),(654,'Jack','Greenfelder','1982-08-20','mireille.bogan@example.com','(310)298-3526x662','East Davonteside','2020-03-02 07:13:55','1995-12-19 14:18:51','2021-05-03 21:30:08'),(655,'Effie','Greenholt','1980-07-25','annabell.larkin@example.org','920.632.5603','East Leland','2015-10-31 00:39:08','2009-11-29 10:09:35','2021-05-03 21:30:08'),(656,'Haven','Baumbach','1994-09-03','leffler.gage@example.org','+79(4)5136706841','Lake Daryl','2010-01-31 12:04:09','1986-11-16 11:29:16','1987-10-14 18:25:14'),(657,'Jadon','Gibson','2011-10-22','kariane.cummerata@example.net','871-806-9764x959','Kesslerville','1994-03-06 15:54:08','2001-07-11 17:51:40','2006-08-27 09:21:02'),(658,'Janie','Ritchie','1971-02-28','alexandra63@example.net','947.180.2982x69950','Starkmouth','1983-08-07 17:00:51','1998-11-28 10:10:22','2018-06-01 06:24:04'),(659,'Bridie','Barrows','2006-03-25','heaney.magali@example.net','998.818.9593x686','Gregorymouth','1980-12-11 08:57:54','1974-11-29 22:09:26','2000-07-04 02:14:04'),(660,'Joe','Pacocha','1981-01-06','pkassulke@example.com','1-894-359-8645x1390','New Daphneymouth','1982-12-14 14:27:24','2003-12-02 09:15:41','2018-05-01 14:31:08'),(661,'Elta','Langosh','1976-08-04','dessie.russel@example.net','391-784-2042x913','Eunahaven','1981-07-30 10:59:02','2020-02-22 11:06:35','2021-05-03 21:30:08'),(662,'Cloyd','Mills','2020-10-05','lenore.metz@example.net','1-574-762-1812x88081','South Annie','1990-10-25 02:21:07','1987-06-17 08:09:47','1988-09-18 05:06:51'),(663,'Kadin','Runte','1983-05-20','treutel.brendon@example.com','181-830-0196','Deckowfurt','2001-12-25 08:52:55','2006-05-31 06:45:07','2021-05-03 21:30:08'),(664,'Kadin','Little','1981-11-23','daniel.alvah@example.com','068.499.2488','Lake Morgan','2009-08-26 19:10:33','2016-04-19 22:18:20','2021-05-03 21:30:08'),(665,'Kira','Balistreri','2001-03-29','walker.adele@example.net','491.425.0115','Kirkton','1996-11-04 04:46:20','1992-09-04 04:07:41','2021-05-03 21:30:08'),(666,'Letha','Conn','2014-12-13','xhessel@example.org','01639718568','Gerlachville','1997-06-11 17:23:38','2019-12-23 12:09:06','2021-05-03 21:30:08'),(667,'Violet','Jacobi','1991-03-05','daija10@example.net','1-876-252-1037','East Colby','1983-05-05 06:02:07','2017-09-15 20:17:09','2021-05-03 21:30:08'),(668,'Nya','Balistreri','1983-05-05','rashawn.denesik@example.com','1-414-237-7964','Predovicville','1970-04-21 02:19:44','1989-01-28 10:45:14','2021-05-03 21:30:08'),(669,'Ross','Thiel','2014-05-16','marcia73@example.com','+03(9)5947497183','Kaitlinstad','1976-03-22 21:32:26','1979-08-05 21:56:34','2021-05-03 21:30:08'),(670,'Shanon','Emmerich','1997-01-14','albina.mosciski@example.com','515-709-6591x575','Kentonberg','1977-07-08 16:19:52','1980-07-17 08:40:59','2007-08-11 08:08:46'),(671,'Logan','Rohan','2021-04-07','shawn.huels@example.org','04766585351','Bertaton','2014-05-08 08:49:04','1985-08-25 05:05:16','1991-06-12 04:52:51'),(672,'Kurt','O\'Conner','2009-03-27','karina.spinka@example.net','1-076-807-6922','Reillyburgh','1979-06-15 19:04:23','1998-04-18 07:13:03','2010-05-04 19:19:42'),(673,'Keira','Cronin','1971-09-14','windler.deanna@example.net','+76(8)4278684024','Hanechester','2019-10-19 00:10:33','2019-11-15 18:32:25','2021-05-03 21:30:08'),(674,'Deondre','Sanford','2017-09-09','lkessler@example.com','+91(8)5059348739','Raynorberg','1982-03-30 09:39:37','1978-03-26 02:50:30','2018-06-09 01:18:40'),(675,'Shaylee','Pollich','1971-01-01','thand@example.org','330.982.9686x733','Amarifurt','1999-02-24 17:15:59','1987-06-01 07:27:09','1987-06-19 01:54:16'),(676,'Claire','Ullrich','1998-01-31','ferry.jaunita@example.net','277.507.4728','Ericborough','1975-08-21 10:57:38','1996-05-03 03:40:51','1997-12-17 05:16:11'),(677,'Dee','Cartwright','2008-03-17','ericka.yost@example.net','(545)775-0713x30332','Gorczanyhaven','2012-12-19 19:35:35','2017-02-09 12:14:50','2017-11-13 16:56:46'),(678,'Sarina','Ziemann','1971-09-07','zachariah.lynch@example.org','(169)968-8357','New Robb','2000-12-25 13:47:00','2003-06-19 04:14:12','2021-05-03 21:30:08'),(679,'Maximillia','Lubowitz','2000-01-03','pmckenzie@example.net','080.357.0536','Eichmannbury','2019-01-12 10:14:42','1974-02-25 13:13:40','1974-09-10 01:35:59'),(680,'Maud','Brakus','1991-01-28','dominic31@example.org','1-935-329-1791','New Rosellaberg','2002-06-27 22:27:09','1999-07-14 20:05:06','2021-05-03 21:30:08'),(681,'Arvid','Marvin','2009-08-09','pgleason@example.org','+83(9)9454818043','Port Caraburgh','2011-07-06 01:07:23','2016-12-02 00:39:38','2021-05-03 21:30:08'),(682,'Lessie','Ernser','2004-05-01','hettinger.rebeka@example.org','(998)828-4119','Salvatoreberg','1981-06-11 10:09:33','1994-06-23 10:32:19','2004-05-23 21:37:34'),(683,'Kolby','Medhurst','2020-07-01','beier.henri@example.net','1-584-567-6622','East Efren','1986-05-23 20:21:54','1983-09-18 20:08:27','2001-11-13 00:18:43'),(684,'Ford','Durgan','1995-03-11','kiel.treutel@example.com','350.823.9968x312','Spinkastad','2015-07-26 19:40:52','1993-11-04 06:54:53','1997-12-23 22:37:19'),(685,'Harmony','McClure','1970-04-14','grunolfsson@example.net','683-569-8038','Port Estellabury','2006-11-30 21:17:29','1993-08-17 10:27:15','2000-05-27 18:03:26'),(686,'Arnaldo','Berge','2002-02-15','alindgren@example.org','(678)893-4089x86015','South Mossie','2002-09-26 17:58:28','2006-03-09 13:55:56','2021-05-03 21:30:08'),(687,'Darrell','Beer','2012-02-15','wwelch@example.com','1-191-485-4847x255','Lake Juliana','2007-07-29 21:33:16','2009-10-30 00:43:23','2021-05-03 21:30:08'),(688,'Sherman','Luettgen','2018-01-03','labadie.monica@example.org','209.027.4988','Darrenborough','2001-05-17 00:57:55','2015-07-04 07:23:31','2021-05-03 21:30:08'),(689,'Haylie','Conroy','1980-09-08','glover.alford@example.org','01094970518','New Emmaborough','1978-01-17 01:09:12','2013-06-05 13:39:33','2021-05-03 21:30:08'),(690,'Britney','Senger','2014-02-03','tavares.wiza@example.net','548.759.8426x08664','New Luciousburgh','2016-10-08 07:25:55','1988-04-08 00:01:29','2005-05-19 01:38:45'),(691,'Trenton','Schulist','1971-10-26','nhodkiewicz@example.org','(884)150-5429','Beverlyfurt','2001-12-05 19:30:37','1982-03-25 19:19:56','2012-05-16 15:08:10'),(692,'Edmund','Marquardt','1976-07-09','isipes@example.net','(790)079-7932x3318','Strosinton','2001-12-25 22:50:15','1971-03-17 12:58:23','1991-08-06 00:01:05'),(693,'Catherine','D\'Amore','1984-08-29','johnson.kassandra@example.org','1-413-002-6000','Lake Bradford','1979-01-09 14:30:14','2004-04-14 11:34:47','2021-05-03 21:30:08'),(694,'Liliane','Olson','1974-10-08','bartoletti.anne@example.com','(230)444-9251','North Juliet','2002-04-22 07:04:49','2011-12-22 07:33:16','2021-05-03 21:30:08'),(695,'Tristin','Beahan','2020-05-27','delpha.funk@example.com','1-389-591-0201x9316','Hirthefort','2012-04-10 00:19:22','1985-12-13 12:31:38','2013-02-26 08:42:31'),(696,'Ahmad','Fahey','1995-09-10','lenny.heidenreich@example.com','018.501.6001x16408','Goyettetown','1971-04-28 07:26:50','2014-08-08 02:36:31','2021-05-03 21:30:08'),(697,'Wendell','Hamill','1996-04-13','jjaskolski@example.com','1-711-816-2913','Vandervortport','2019-11-25 11:21:18','2021-03-30 23:42:32','2021-05-03 21:30:08'),(698,'Maeve','Ernser','2001-07-17','darrell50@example.com','1-807-261-7584x74729','Lake Teaganchester','1978-12-27 12:30:50','1973-04-20 19:32:09','2018-03-18 21:19:41'),(699,'Ronaldo','Hahn','2010-05-31','schuppe.candice@example.net','1-704-173-5753x482','Tyriqueside','2014-04-01 07:49:08','2019-01-25 13:57:52','2021-05-03 21:30:08'),(700,'Noble','Gleason','1978-12-22','sauer.madelyn@example.org','389-031-2013x2827','Lake Retta','1975-03-05 14:17:11','2018-07-11 11:05:31','2021-05-03 21:30:08'),(701,'Jade','Kohler','1974-05-28','hupton@example.net','1-797-265-8961x77719','South Elbert','1975-07-28 23:34:53','1981-11-10 12:43:52','1987-07-08 13:04:35'),(702,'Santa','Braun','1999-03-29','hboehm@example.org','+90(2)4765432724','North Rafaela','1993-07-18 06:44:19','2002-01-16 15:39:48','2021-05-03 21:30:08'),(703,'Korbin','Macejkovic','1995-12-05','eden49@example.com','(610)934-2934','Margarettbury','2005-01-24 05:30:32','1975-04-01 07:38:31','2021-05-03 21:30:08'),(704,'Vicky','Dooley','1997-01-25','ankunding.bulah@example.org','258-841-6718x90778','South Dewitt','2014-05-23 00:50:37','1971-05-02 07:24:15','2003-04-18 08:03:27'),(705,'Emmy','Terry','1981-12-01','davis.susana@example.net','1-981-573-7867x5851','Port Edgar','2000-02-16 18:42:39','2013-07-07 22:45:32','2018-04-25 03:16:16'),(706,'Jerel','Watsica','1988-08-29','kenna83@example.org','837-084-3977','Stantonfort','1986-11-26 19:57:27','1988-02-20 08:34:10','1992-04-11 11:57:55'),(707,'Gracie','Tillman','2001-12-20','alubowitz@example.net','678-785-2250','Kerlukechester','1986-12-28 18:42:19','2015-08-27 21:14:56','2021-05-03 21:30:08'),(708,'Dejuan','Stark','2011-08-08','deondre.bailey@example.net','590-214-7079x433','Rempeltown','2007-07-04 02:06:43','1989-11-02 04:27:54','2021-05-03 21:30:08'),(709,'Carey','Blick','1973-02-02','magnolia.gutmann@example.org','1-149-294-1834x81814','Terenceshire','1972-02-06 20:54:36','1983-09-27 05:10:30','2015-09-18 04:04:16'),(710,'Elvera','Schiller','1974-08-27','pearline42@example.net','00781060529','Janelletown','1995-06-15 23:34:28','2004-07-04 05:29:25','2015-06-09 22:52:18'),(711,'Demond','Schimmel','2010-06-05','elisabeth88@example.net','205.567.4444x0836','Kesslerbury','2014-07-02 20:40:11','1971-05-22 22:32:39','2009-10-09 10:50:19'),(712,'Yesenia','Turner','2013-03-31','ohahn@example.net','1-923-557-9855','East Randi','1987-01-18 17:58:29','1994-10-19 15:30:11','2016-03-10 01:33:54'),(713,'Izabella','Powlowski','2014-02-22','cody.bashirian@example.com','1-636-660-0990x991','West Shyann','1971-08-14 22:09:24','1978-07-16 05:47:32','1979-02-17 09:19:39'),(714,'Herminia','Jast','2015-12-20','orn.garnet@example.net','02037817574','South Fannie','2001-09-28 03:20:23','2004-05-12 23:22:46','2021-05-03 21:30:08'),(715,'Cassie','Auer','1970-11-21','spinka.leone@example.net','508-850-9409x122','Lake Marleyberg','2020-03-05 07:03:02','2017-08-24 01:47:55','2021-05-03 21:30:08'),(716,'Crystal','Breitenberg','1999-07-26','ankunding.malcolm@example.org','154-192-3281','Bodeview','2006-08-29 01:06:41','2003-10-04 02:24:51','2010-01-07 06:09:02'),(717,'Sydnie','DuBuque','1996-05-24','lue15@example.com','386.582.0231','Letaburgh','1991-04-19 04:29:20','1988-03-06 08:55:51','2021-05-03 21:30:08'),(718,'Elwyn','Botsford','2010-01-19','elena.harvey@example.org','02470269760','South Cordeliamouth','2011-03-15 19:04:02','2016-07-16 13:11:21','2021-05-03 21:30:08'),(719,'Luz','Sawayn','2008-06-05','camille.zboncak@example.org','128-727-0169x6166','New Lawrenceview','1999-04-27 02:46:52','2017-04-18 19:00:18','2021-05-03 21:30:08'),(720,'Efrain','Pacocha','2017-04-25','romaguera.jovany@example.com','1-170-865-8811','Cristbury','1988-01-29 17:05:04','1980-04-04 00:05:37','1993-11-12 22:26:41'),(721,'Hilbert','Jacobi','2001-03-17','xbrown@example.net','628-894-4156','Kassulkechester','2015-09-19 11:54:31','2015-07-25 09:23:26','2021-05-03 21:30:08'),(722,'Albina','Torphy','1994-10-16','schuppe.bernita@example.net','(841)036-6194x2447','Alethaport','1979-04-28 01:07:26','1992-04-29 20:59:36','2021-05-03 21:30:08'),(723,'Cordell','Muller','2005-03-08','prippin@example.com','558-306-9297x54152','Jonatanside','1988-12-30 22:54:29','2001-03-26 18:55:13','2021-05-03 21:30:08'),(724,'Cayla','Abbott','2007-01-08','eparker@example.org','06075878579','Corkerybury','1990-01-19 17:21:39','2012-01-17 09:49:42','2021-05-03 21:30:08'),(725,'Sigmund','Bergstrom','1980-07-21','parisian.brando@example.org','1-615-448-5699','Borisberg','2010-08-13 14:27:21','1997-12-16 06:25:44','2010-08-17 22:35:08'),(726,'Ole','Emard','1994-04-03','ryder25@example.com','(169)323-9041','North Josie','1980-07-10 20:30:52','2018-05-09 15:39:44','2021-05-03 21:30:08'),(727,'Samson','Hills','2004-03-23','llockman@example.com','1-339-375-7105x17628','Tateland','1975-02-05 00:42:26','1975-01-09 19:25:51','2016-04-04 22:38:20'),(728,'Peter','Terry','1996-07-14','shemar54@example.org','1-446-324-9706x6731','West Cyrilborough','2015-07-06 23:17:00','2003-03-01 10:51:13','2011-06-16 08:16:08'),(729,'Eugenia','Keebler','1998-04-28','gjacobson@example.net','(754)295-4136','New Laura','2011-01-20 06:45:29','1991-09-01 11:04:56','2011-03-24 01:57:32'),(730,'Americo','McLaughlin','1987-04-05','houston99@example.net','960-166-1869x72965','Bergstromside','1988-07-02 18:35:05','1975-12-16 14:39:55','2005-12-08 16:15:30'),(731,'Gino','Herzog','1997-01-13','o\'kon.danyka@example.com','(688)159-5207x1223','South Nehastad','1975-02-21 08:42:55','2015-08-08 16:23:30','2021-05-03 21:30:08'),(732,'Adrianna','Lindgren','1996-08-10','ybosco@example.net','1-793-032-1549x485','Allieport','2018-12-07 06:10:54','1983-03-23 23:37:52','1993-03-13 16:56:20'),(733,'Jesse','Predovic','1970-12-17','cronin.veda@example.net','1-462-563-6593x684','Deshawnshire','2008-10-10 18:30:55','2020-05-16 13:59:24','2021-05-03 21:30:08'),(734,'Karley','Moore','2011-03-01','chris40@example.org','(788)054-3764x96953','Emelyland','2008-06-25 20:35:57','2007-12-09 13:36:06','2021-05-03 21:30:08'),(735,'Martine','Farrell','2001-01-14','breitenberg.serenity@example.com','1-266-717-1782x0937','Julietmouth','1977-06-04 19:29:27','1979-03-30 23:16:16','2002-09-29 19:23:37'),(736,'America','Williamson','1982-08-04','xturcotte@example.org','03878840665','West Ayanaton','1991-12-25 12:08:17','1972-02-10 17:20:32','2000-11-10 07:53:31'),(737,'Patience','Huel','2012-08-07','dianna.ryan@example.net','251-918-8255x13845','Brakusborough','1986-03-22 13:21:41','2016-11-13 04:06:44','2021-05-03 21:30:08'),(738,'Domenick','Cronin','1981-07-29','fletcher33@example.net','1-922-593-2424x3596','North Connie','2005-12-03 20:03:20','2002-10-21 12:08:51','2021-05-03 21:30:08'),(739,'Hailie','Rutherford','2011-05-28','larkin.nicole@example.org','284-781-0036x29889','Port Bernicebury','2008-11-01 09:01:58','1970-08-29 17:31:30','2007-04-24 14:50:28'),(740,'Amparo','Hand','2000-09-29','theo.huels@example.com','559-928-7713x1027','Chanelstad','1991-12-07 05:37:04','2002-11-16 14:20:15','2008-06-30 16:39:11'),(741,'Amari','Graham','1980-05-04','okertzmann@example.org','+79(6)2165750409','East Zackburgh','1975-05-05 23:14:09','2014-06-17 05:04:30','2021-05-03 21:30:08'),(742,'Lonie','Grady','1989-01-26','vgutkowski@example.com','+25(9)1795500277','Haagberg','1976-09-04 22:30:30','1992-11-29 01:17:21','2019-06-23 16:51:43'),(743,'Nathen','Windler','2000-11-10','tre42@example.net','161-927-2139','West Lisandroview','1991-07-11 09:52:02','1994-09-26 09:24:36','1998-03-18 20:19:11'),(744,'Oscar','Toy','2001-08-12','thoppe@example.com','917.892.2049','Mikeborough','2018-05-04 02:05:40','1980-07-25 17:57:24','2021-05-03 21:30:08'),(745,'Hayden','Herman','2020-07-09','beahan.lorna@example.net','(276)304-7799x77659','West Winfield','2006-05-14 06:06:00','1975-10-17 09:06:24','2021-05-03 21:30:08'),(746,'Muhammad','Johnson','2017-04-28','hbins@example.com','1-858-683-7230x8375','Welchstad','1977-11-18 11:35:45','1978-05-30 22:23:07','1980-10-09 13:08:47'),(747,'Aniya','Johnston','1997-06-15','kaylin.wyman@example.org','985-685-4136x2276','Port Buddychester','2010-05-15 08:33:16','1976-03-05 14:52:52','2014-04-27 19:22:45'),(748,'Shirley','Donnelly','2008-08-04','abbie.conroy@example.org','780-168-7933','East Maribelton','1994-04-21 13:14:40','2015-03-28 19:45:57','2021-05-03 21:30:08'),(749,'Ressie','Glover','2016-11-01','sbashirian@example.org','977.541.1642x039','West Halie','1998-09-16 16:24:42','1996-07-13 20:11:12','2021-05-03 21:30:08'),(750,'Adrain','Grant','1991-04-17','bailey.tara@example.org','+35(3)5723513883','South Arjunshire','1980-04-14 18:30:23','1970-01-24 12:40:12','1984-05-18 02:15:39'),(751,'Keanu','Larkin','1976-05-13','brekke.claire@example.com','(937)882-1587x665','Stiedemannbury','2008-05-25 10:22:38','1973-07-13 08:25:23','1978-05-26 02:57:18'),(752,'Natalia','Ondricka','2016-05-08','marvin37@example.com','418-449-3075','Hudsonhaven','2019-11-17 09:20:45','2019-04-14 21:06:02','2021-05-03 21:30:08'),(753,'Tristin','Schinner','2015-02-06','lottie.bernier@example.net','395.000.4914x1089','West Clovis','1973-08-11 19:38:44','1982-04-20 18:02:39','2005-02-01 01:36:52'),(754,'Lawson','Heathcote','2015-11-04','hortense.rutherford@example.com','151-525-8736x892','New Joanieport','1981-03-20 02:54:19','1985-08-21 12:29:18','2021-05-03 21:30:08'),(755,'Violette','Abernathy','1990-10-01','mcglynn.laurine@example.com','949-657-5124x4863','Hirthestad','1975-03-19 11:17:08','1980-07-09 04:54:28','2017-07-01 12:55:33'),(756,'Robbie','Hessel','1976-05-20','johnston.janis@example.org','525.001.8785x9101','Isabellatown','1972-07-01 00:36:56','2012-02-18 01:38:52','2021-05-03 21:30:08'),(757,'Baron','Hickle','1979-09-19','nova.dibbert@example.com','1-565-466-0091x6177','Schaeferstad','2015-11-05 23:22:32','2020-11-20 04:33:13','2021-05-03 21:30:08'),(758,'Austen','Turner','1975-04-01','willie01@example.org','(559)872-3681x3659','Lake Xandertown','1978-08-17 04:03:38','2007-02-15 08:43:27','2021-05-03 21:30:08'),(759,'Dexter','Wuckert','1971-03-16','kihn.garth@example.net','(787)880-0067','Stantonmouth','2017-05-01 04:54:25','1977-04-15 21:18:43','1994-10-05 15:47:26'),(760,'Otha','Prosacco','2017-02-13','will10@example.org','188-789-2266x5558','South Lamont','2004-09-30 15:30:50','1979-10-09 00:00:08','2019-10-24 05:59:42'),(761,'Alisa','Hilpert','1988-09-11','swolff@example.org','120-050-7584','Lake Bridie','1993-07-30 21:06:04','1988-11-10 18:01:36','2021-05-03 21:30:08'),(762,'Demarco','Okuneva','1997-01-23','jturcotte@example.org','(817)984-1882x77057','Maynardside','1978-08-31 07:58:04','2008-10-05 13:52:43','2011-10-28 22:29:36'),(763,'Jeanette','Koepp','1999-07-30','o\'kon.tess@example.net','00779040734','Hirthefurt','1973-09-02 03:16:37','2005-06-29 11:20:28','2021-05-03 21:30:08'),(764,'Abel','Kirlin','1973-04-02','nlebsack@example.com','1-241-516-6553','Kacieland','1997-03-04 11:45:35','1976-01-10 04:43:54','1985-12-11 02:57:13'),(765,'Felix','Gutkowski','1971-05-23','wilfredo.wintheiser@example.com','07056939103','West Ernaview','1988-09-25 12:01:17','2011-07-05 15:12:46','2021-05-03 21:30:08'),(766,'Moises','VonRueden','1975-03-16','fweissnat@example.org','06554613295','Lake Alyson','1974-01-29 15:33:27','2003-12-16 14:57:17','2021-05-03 21:30:08'),(767,'Ervin','Hartmann','2007-06-05','marguerite87@example.net','+09(5)4842184351','Yostside','2012-02-07 09:11:22','1983-09-30 14:58:17','2021-05-03 21:30:08'),(768,'Chase','Lakin','1975-11-03','pkrajcik@example.org','1-804-437-2859x221','New Loisburgh','2000-08-21 01:43:47','1982-09-26 20:49:14','2002-10-28 18:29:34'),(769,'Abigayle','Kilback','1971-12-28','tlindgren@example.org','1-620-526-0989x496','South Marilieland','1989-04-20 09:24:28','1973-08-05 17:05:27','1982-07-20 14:39:59'),(770,'Orie','Reinger','1980-07-13','jmuller@example.org','517.383.3095','Conorfort','1988-03-23 09:32:37','1981-08-29 00:51:31','1997-07-02 11:35:54'),(771,'Randi','O\'Kon','1973-04-17','stanton.kianna@example.org','(065)227-1418x3210','North Darianbury','2008-10-09 05:42:10','1993-09-15 01:01:07','2021-05-03 21:30:08'),(772,'Mafalda','Blanda','2017-06-30','narciso.stanton@example.org','(357)448-3611','North Fidelmouth','1995-03-22 03:43:06','2007-05-01 15:25:05','2021-05-03 21:30:08'),(773,'Bryce','Bergnaum','1987-10-04','gladyce.gerlach@example.com','943-511-3279x715','North Orahaven','1976-04-05 13:11:43','2006-02-26 22:28:15','2021-05-03 21:30:08'),(774,'Karen','O\'Reilly','2010-10-25','darron.jaskolski@example.org','973.407.6840','Turcottebury','2008-06-09 22:24:13','1995-02-11 18:25:00','2017-11-28 17:13:05'),(775,'Leslie','Lind','2018-12-15','klocko.raven@example.org','009.246.3770','Dooleyfort','1984-10-18 18:56:19','2007-06-28 06:43:38','2021-05-03 21:30:08'),(776,'Harley','Stanton','2005-07-04','ethelyn.goyette@example.net','(653)112-5148x22312','New Novellamouth','1970-01-10 09:39:39','2004-11-05 09:22:04','2010-10-03 11:55:44'),(777,'Novella','Turner','1971-12-07','ahmad.bode@example.net','+65(4)4223204687','Koelpinstad','1981-05-25 05:24:56','2009-03-14 08:06:15','2021-05-03 21:30:08'),(778,'Fausto','Green','1988-03-14','homenick.amira@example.org','339-325-8025x8524','Crooksland','1985-09-20 04:31:02','1987-04-21 17:47:58','2021-05-03 21:30:08'),(779,'Maybelle','Gleason','1996-12-11','ctreutel@example.net','1-004-514-5808x840','Michelland','1982-09-17 11:23:17','2002-10-03 23:35:16','2021-05-03 21:30:08'),(780,'Bertrand','Buckridge','1992-03-01','ubartell@example.com','286.106.1166x6720','Brittanyhaven','2002-04-26 03:37:36','1992-08-16 00:58:38','2002-04-19 15:34:05'),(781,'Tommie','Thompson','2008-01-23','kromaguera@example.net','1-117-225-5126','Cummerataport','2008-03-29 17:34:14','1992-08-14 23:00:27','2019-02-25 15:18:19'),(782,'Kristy','Turcotte','1990-03-26','cortez.boyer@example.net','(550)844-4480','Boscotown','2011-12-16 08:52:19','2007-06-12 00:50:09','2021-05-03 21:30:08'),(783,'Leonard','Hauck','1994-08-02','ubergnaum@example.com','1-620-922-8276x661','Kuhicberg','2017-07-06 13:31:17','2004-01-19 03:34:01','2013-07-25 03:23:04'),(784,'Britney','Durgan','1985-02-02','gorczany.darrion@example.net','00669370060','West Nakiamouth','2017-08-31 10:34:53','1996-04-15 12:44:07','2017-06-30 06:01:51'),(785,'Reagan','Parker','1970-06-26','o\'conner.hal@example.org','141.877.7839','North Fiona','2009-06-02 12:55:11','2006-07-22 03:48:21','2021-05-03 21:30:08'),(786,'Lisandro','Hamill','1974-09-18','nbotsford@example.com','409-312-6899','East Linnie','2012-05-22 19:01:51','2001-05-07 12:25:32','2021-05-03 21:30:08'),(787,'Cayla','Olson','2008-02-08','mjaskolski@example.com','(964)770-0292','Lindland','1976-12-24 20:16:56','1984-07-02 02:21:00','1991-11-24 18:52:24'),(788,'Hilbert','Franecki','1972-08-02','nferry@example.org','067.645.3351x1917','New Gaylord','2004-03-02 10:10:55','2009-04-05 22:40:52','2021-05-03 21:30:08'),(789,'Shanon','Kilback','2013-08-03','schmitt.magnus@example.org','1-373-210-4837x608','Rempelbury','1993-08-14 11:40:45','2007-07-02 13:30:33','2021-05-03 21:30:08'),(790,'Art','Little','2004-10-20','harvey.gonzalo@example.net','1-267-565-0799x4996','Dasiafort','1983-11-21 02:08:31','2018-10-13 10:56:07','2021-05-03 21:30:08'),(791,'Felicita','Reichert','1990-08-27','jeffrey.parisian@example.com','1-719-930-0667x00572','Scottybury','2003-11-21 00:59:08','1971-06-10 02:42:11','2008-08-22 17:48:58'),(792,'Ricky','Olson','2008-11-09','angelica.bartell@example.net','(965)328-9445x39116','Heaneyville','1993-03-08 00:31:54','2015-05-08 02:33:52','2021-05-03 21:30:08'),(793,'Andy','Heidenreich','1979-12-02','audrey.runte@example.net','1-168-965-4852x71679','Taniaville','1978-12-06 15:45:27','2011-05-01 00:08:31','2020-05-05 08:25:25'),(794,'Noah','Lynch','1998-02-02','vernie79@example.net','610-573-8759x3777','Lake Jaycee','1987-07-11 05:22:41','1997-04-22 11:14:31','2021-05-03 21:30:08'),(795,'Tomas','Bartell','1987-07-09','yfranecki@example.net','557.921.8906x766','New Deion','2004-11-19 09:13:15','2020-06-04 06:18:04','2021-05-03 21:30:08'),(796,'Elena','Thiel','2015-07-15','yvonne71@example.com','873-893-5732','North Malvina','2015-04-04 18:44:49','1998-11-03 08:54:43','2021-05-03 21:30:08'),(797,'Jorge','Weimann','2020-01-26','ryley92@example.org','802-868-2311x17718','North Constantin','1972-07-03 06:56:59','1975-12-23 16:31:22','1995-01-18 13:29:33'),(798,'Maxine','Graham','2014-04-22','slang@example.com','597-950-3306','Reingermouth','1981-01-17 14:46:07','1987-01-15 07:19:37','2006-11-17 12:29:18'),(799,'Lucy','Rosenbaum','1998-10-30','soledad.klocko@example.net','(173)562-8241x46479','Vivienton','2018-10-18 15:37:54','1989-10-03 13:52:55','1990-06-07 05:59:40'),(800,'Alba','Rice','1981-08-13','stan18@example.com','130-959-7431x25004','West Kelsiburgh','1994-05-29 10:13:34','1977-08-20 06:22:53','2021-05-03 21:30:08'),(801,'Shanon','Treutel','2002-08-24','mylene76@example.net','(049)152-3445x469','Crooksmouth','1987-05-11 02:27:06','1975-09-14 22:09:18','1980-04-13 16:08:34'),(802,'Gust','Smith','2009-10-19','emmanuel97@example.net','204-070-3979','West Juniusland','2016-03-11 18:14:29','1979-10-19 01:27:14','1983-05-07 08:38:22'),(803,'Wayne','Toy','2008-08-14','violette.davis@example.com','1-223-007-9009x5312','South Jaunita','1990-11-05 06:16:06','1970-03-28 13:33:05','1990-06-29 01:34:31'),(804,'Retta','Zemlak','1972-02-12','stoltenberg.samson@example.org','291.988.0199x161','West Felicitaton','1983-10-04 14:04:00','1998-07-30 08:39:07','2021-05-03 21:30:08'),(805,'Gudrun','Stehr','1993-04-01','yschaden@example.com','804.929.6116x86130','New Shaniya','2020-01-17 22:44:22','2020-01-14 20:32:55','2021-05-03 21:30:08'),(806,'Easter','McClure','2020-01-24','vdubuque@example.net','584-669-9511x361','East Khalid','2002-03-27 22:10:10','1977-09-22 23:49:08','2021-05-03 21:30:08'),(807,'Brody','Gusikowski','1985-05-18','zschroeder@example.org','501.247.3518','New Jovantown','1979-08-05 14:04:02','1989-06-22 22:43:14','2005-12-30 04:41:02'),(808,'Enrico','Farrell','1974-04-24','okuneva.oliver@example.org','1-168-573-1430x9802','New Ralphside','2010-05-29 00:56:59','1981-02-25 04:39:43','2021-05-03 21:30:08'),(809,'Icie','Bailey','1990-09-27','kayleigh40@example.org','211-308-2300x727','North Allen','1976-04-30 23:37:58','1982-11-15 20:35:17','2004-06-02 18:07:00'),(810,'Adan','Fadel','1991-03-20','jessika.tillman@example.net','893.666.2177','Hackettchester','1972-03-14 18:21:32','1991-09-01 07:24:53','1999-11-25 09:33:16'),(811,'Kenyatta','Dach','1989-03-27','yondricka@example.org','1-215-002-3067x629','Armstrongland','1977-01-21 09:27:52','2003-06-16 13:49:03','2021-05-03 21:30:08'),(812,'Kieran','Volkman','1996-02-02','linnea03@example.org','454-817-1260x574','Harveystad','2000-10-25 16:48:52','2000-01-09 16:41:27','2021-05-03 21:30:08'),(813,'Eda','Simonis','1978-12-13','brianne.mccullough@example.net','(398)568-4581','North Josefafort','2017-08-15 04:33:15','2017-04-15 03:16:34','2019-03-12 23:40:40'),(814,'Pauline','Marvin','2004-10-17','margarette.kiehn@example.net','1-108-007-3486','Delfinaburgh','1986-06-30 14:51:40','1981-09-30 06:19:24','2015-04-20 02:59:07'),(815,'Kenton','Boyle','2000-03-02','gsmitham@example.org','239.963.2264x02823','Terrystad','1980-03-24 00:03:57','1984-08-19 05:52:35','2019-06-07 07:13:31'),(816,'Elton','Fahey','1973-08-04','jpaucek@example.org','(553)032-2371','South Kayceestad','1986-10-11 10:40:52','1996-01-08 01:10:40','2021-05-03 21:30:08'),(817,'Jesus','Nienow','2003-05-06','ndoyle@example.org','384-437-4168','Jaskolskifurt','2010-08-06 12:24:48','2019-12-14 03:41:29','2021-05-03 21:30:08'),(818,'Janis','Larson','1972-09-29','joy12@example.net','06123222605','Trinityview','1972-05-11 05:33:56','2017-12-28 17:37:06','2021-05-03 21:30:08'),(819,'Ronaldo','Harris','2007-03-02','rsmitham@example.com','1-276-811-9401x52357','Lake Giovaniview','1970-02-14 13:51:23','1988-02-16 06:01:47','2021-05-03 21:30:08'),(820,'Delmer','Bernhard','1983-11-26','ariane65@example.org','379.891.7600','Port Clinton','1997-09-25 23:10:01','1986-06-11 10:04:16','2021-05-03 21:30:08'),(821,'Marshall','Connelly','1981-09-07','conn.brannon@example.com','01881831077','North Alejandrastad','1981-11-06 03:19:16','2015-05-19 21:24:57','2021-05-03 21:30:08'),(822,'Leola','Kuhn','2002-07-13','ngerhold@example.net','858.603.1208','East Larissachester','1980-12-02 14:08:29','1977-03-02 14:24:20','2021-05-03 21:30:08'),(823,'Rene','Morar','1982-04-25','anderson.elliot@example.org','906.744.4619x374','East Ian','1991-02-05 18:18:41','2005-04-24 17:35:39','2021-05-03 21:30:08'),(824,'Iliana','Bradtke','2016-01-10','sharon.prohaska@example.org','149-492-2860x478','West Lemuelton','1977-09-15 22:56:34','2016-06-23 04:21:05','2021-05-03 21:30:08'),(825,'Floyd','Hickle','1989-09-09','houston.eichmann@example.net','425.960.0206x17532','Corwinshire','1997-07-04 09:42:31','2001-12-06 13:32:30','2021-05-03 21:30:08'),(826,'Alvera','Williamson','1985-12-24','al28@example.net','1-802-419-4318x8372','New Krystina','2010-05-20 01:59:40','1976-08-09 19:18:38','1982-11-07 01:56:44'),(827,'Omer','Frami','1999-10-15','dasia.doyle@example.com','1-984-291-0510','Marlonborough','1985-10-04 11:44:14','1996-12-12 23:53:09','2001-04-12 16:15:26'),(828,'Aniya','Jacobs','1996-08-18','purdy.pamela@example.com','526.853.5106x4270','Lednerside','2005-07-31 20:04:19','2018-01-23 06:57:36','2021-05-03 21:30:08'),(829,'Alverta','Cruickshank','1976-02-28','golda45@example.net','(507)450-4204','East Ritashire','1982-05-09 00:17:55','2019-12-25 09:28:51','2021-05-03 21:30:08'),(830,'Sydnee','Stamm','1986-06-03','eleonore74@example.com','04671104667','South Josueshire','1989-09-30 21:07:38','1972-12-22 23:41:21','1981-02-12 12:45:41'),(831,'Ramon','Jacobs','1992-11-22','ywatsica@example.com','(952)436-1267x71012','Israelhaven','1997-01-05 20:18:30','2008-12-22 01:45:45','2021-05-03 21:30:08'),(832,'Guy','Grady','1985-07-29','koelpin.carmela@example.org','503.914.4119x36771','Alanisland','2003-10-13 10:42:16','1998-12-12 22:58:21','2021-05-03 21:30:08'),(833,'Kimberly','Wiza','2005-09-17','xnitzsche@example.org','779-026-6915x446','South Hellen','1976-11-26 23:29:17','2003-01-01 14:14:36','2006-11-08 11:42:31'),(834,'Olga','Larson','1981-06-23','schumm.gerry@example.com','1-757-523-6968x785','Bennieton','1971-07-30 07:49:53','1994-02-18 18:56:10','1998-08-24 07:24:49'),(835,'Isabelle','Morissette','1981-08-21','alexandria54@example.net','(113)943-9267','West Humberto','2020-12-18 07:12:39','1993-11-29 04:42:54','2021-05-03 21:30:08'),(836,'Darian','Pouros','1980-08-19','dmayert@example.com','136.798.7924','Ryanside','2004-12-21 12:16:51','1975-05-18 17:33:59','1978-08-15 00:12:36'),(837,'Destany','Hettinger','1999-10-20','xokuneva@example.org','006.315.9919','Port Mabelleview','1988-01-19 12:00:19','1991-11-27 19:10:38','2019-05-13 12:18:54'),(838,'Keara','Bartoletti','1979-08-06','price.bianka@example.net','(452)877-2585x1238','Lehnermouth','1977-06-25 10:48:29','1991-09-29 14:10:31','2009-03-02 21:45:55'),(839,'Enrique','Gibson','2004-09-07','moriah01@example.net','1-758-643-4624','Vernonburgh','1980-04-22 08:00:51','1986-09-25 10:35:36','2001-10-29 01:04:31'),(840,'Nyah','Ratke','2017-03-13','hansen.jackson@example.org','+91(4)9212495735','West Robyn','1978-11-20 15:24:33','1984-09-24 10:18:13','2021-05-03 21:30:08'),(841,'Lennie','Senger','2000-09-02','oberbrunner.mina@example.com','1-017-490-6829','Klockoton','1993-01-03 05:07:56','1995-10-22 07:36:48','2021-05-03 21:30:08'),(842,'Rebeca','Bartell','1996-04-20','ulangosh@example.org','454-383-4569x432','South Chaz','2015-07-27 15:00:23','2011-08-24 06:58:42','2021-05-03 21:30:08'),(843,'Keyon','Hintz','2003-08-17','ko\'kon@example.com','015-123-1828','North Leofort','2002-02-26 10:07:50','1984-06-30 15:34:16','2002-10-12 00:15:40'),(844,'Jarrell','Feeney','1986-03-21','wilkinson.jamel@example.net','1-923-071-5380x0613','Port Deron','1994-12-31 07:45:01','1974-09-08 23:43:26','1999-11-24 10:06:48'),(845,'Pedro','Ernser','1994-12-24','damon45@example.com','176-644-8821x42201','Adonisside','1970-09-17 02:41:03','2003-08-17 02:59:42','2021-05-03 21:30:08'),(846,'Macey','Goldner','2015-12-15','bfahey@example.net','625.032.3389','West Quincyside','1984-05-30 13:51:02','1974-06-22 07:24:22','2019-01-18 19:49:31'),(847,'Nicklaus','Padberg','2014-09-04','dickens.karlie@example.net','672-107-0825','South Waylonborough','2005-09-26 01:34:59','2006-08-14 04:33:55','2014-07-22 16:35:36'),(848,'Magdalen','Purdy','2005-10-05','sherwood.lebsack@example.org','1-210-221-6389','Corwinton','1993-02-16 02:39:27','1987-06-13 05:38:53','1993-08-20 11:56:38'),(849,'Myrna','Hane','1997-07-17','clemke@example.org','00966081686','South Daphney','2000-03-17 01:45:11','1988-12-17 13:42:30','2021-05-03 21:30:08'),(850,'Sandra','Smitham','2017-11-12','gracie32@example.org','974-971-9284x5978','Andrewville','1979-01-10 07:42:38','2014-09-25 18:05:13','2021-05-03 21:30:08'),(851,'Abel','Dickens','2011-01-20','kiarra.leffler@example.net','(341)216-1591x5424','Laurianneview','2006-06-18 09:17:58','1984-09-25 12:11:28','2016-03-25 23:01:19'),(852,'Esmeralda','McClure','1982-01-12','bode.gretchen@example.net','1-969-407-3991x43954','Chaseville','1985-02-03 02:27:54','2017-06-12 19:10:11','2021-05-03 21:30:08'),(853,'Jaqueline','Abbott','2002-02-15','gwillms@example.net','865-039-9720x84149','Lake Leilaniberg','2005-11-05 20:27:35','1982-09-12 09:28:29','2017-05-08 22:57:02'),(854,'Joan','Haag','1981-12-17','alysha.bayer@example.com','1-338-962-0099x342','Donniefort','2000-02-07 12:10:34','1992-09-30 08:49:03','2021-05-03 21:30:08'),(855,'Faustino','Macejkovic','1987-01-05','ona.skiles@example.net','976.581.1596x29052','Dejachester','1987-11-30 14:32:23','2017-10-30 10:01:41','2021-05-03 21:30:08'),(856,'Juliana','Treutel','2019-10-16','becker.shanelle@example.org','652.677.7727x390','West Savannamouth','2004-10-27 08:40:03','1992-12-03 17:36:04','2021-05-03 21:30:08'),(857,'Grayce','Kertzmann','1983-02-19','ylang@example.net','678-508-9653x3244','Schinnermouth','1996-07-19 23:50:28','2014-10-08 23:51:36','2021-05-03 21:30:08'),(858,'Velda','Denesik','2001-10-22','ygislason@example.org','898.612.2057','Turcotteville','1985-11-13 14:58:04','2013-07-01 09:13:40','2021-05-03 21:30:08'),(859,'Austen','Feest','1993-03-10','blarson@example.org','588-692-0833x948','Lake Rosalee','2018-11-30 07:46:43','1980-05-21 13:10:45','2021-05-03 21:30:08'),(860,'Earlene','Keebler','2009-12-18','tiffany.marvin@example.com','(935)656-0870x30658','Mozelleland','1986-06-09 04:43:50','1979-12-15 07:37:28','2021-05-03 21:30:08'),(861,'Llewellyn','Yost','1991-04-25','laurel.larkin@example.com','03038416370','Lake Jennyferview','2007-03-13 07:28:43','1989-12-05 08:53:43','2010-03-22 15:05:41'),(862,'Josie','Glover','1988-07-31','durgan.chance@example.org','473.544.8792x86173','Antoniamouth','1998-11-10 12:56:36','2007-05-13 01:05:33','2021-05-03 21:30:08'),(863,'Cornelius','Senger','1995-10-22','nolan.una@example.net','1-463-572-9076x936','South Lon','2011-03-05 08:37:49','1983-11-30 20:05:05','2020-11-12 03:53:58'),(864,'Chaya','Romaguera','1994-07-24','tomas64@example.com','141-852-0676x0350','North Nico','1974-01-05 08:36:39','1975-12-19 16:07:42','1976-04-05 03:10:40'),(865,'Wallace','Sporer','1989-03-15','feeney.stephany@example.com','03912639230','Lake Kristinbury','1977-02-21 21:27:09','2020-09-06 13:17:46','2021-05-03 21:30:08'),(866,'Mike','Cummings','2000-12-24','wupton@example.org','571.174.5644x214','South Evelyn','2018-02-28 20:17:29','2014-03-08 06:50:50','2021-05-03 21:30:08'),(867,'Gino','Casper','1972-08-18','tristin46@example.org','1-717-501-5908x975','Erwinfurt','2019-03-02 00:56:00','2000-02-23 04:46:18','2021-05-03 21:30:08'),(868,'Josiah','Stokes','2010-12-19','hgulgowski@example.org','1-434-554-7836','New Onie','2006-05-17 10:26:13','2016-10-06 19:01:40','2021-05-03 21:30:08'),(869,'Darion','Ledner','2005-02-18','schneider.ashleigh@example.com','(288)707-9761x62777','Dericktown','2020-05-01 02:46:01','1977-09-24 02:16:51','1979-10-21 05:01:18'),(870,'Orpha','Quitzon','1986-06-05','ikoch@example.org','916-059-6995x46120','Flatleyville','2004-01-24 05:37:21','1981-09-03 18:15:58','2017-06-29 17:57:58'),(871,'Kaitlin','Gibson','2017-10-13','yoshiko.bergnaum@example.com','1-657-316-5380','Dollyfurt','1992-08-14 05:18:37','1971-01-29 15:47:41','1980-12-13 10:12:57'),(872,'Zena','Kub','2004-04-30','caleb.deckow@example.org','(811)144-3597x979','Perryfort','1997-06-12 00:45:35','2018-09-06 21:41:07','2021-05-03 21:30:08'),(873,'Ron','Hodkiewicz','2014-03-31','kihn.hailie@example.com','495-884-5555','Port Angelchester','1998-07-02 11:01:19','1973-03-09 03:34:51','2016-04-14 04:05:37'),(874,'Nicolas','Heller','1978-01-06','harmon.crist@example.com','(049)779-2529x3503','Steuberfurt','2012-06-10 20:24:16','2000-09-30 10:12:13','2002-02-08 06:19:16'),(875,'Jesus','Brakus','1977-03-16','mwunsch@example.net','917-352-4632x20106','Lake Imogene','2020-11-05 09:44:13','1991-09-08 10:54:58','1995-10-20 23:14:01'),(876,'Anthony','Nolan','1990-10-15','davion.hilll@example.net','835-415-0101x0349','Cassidystad','1978-04-25 02:25:51','1987-09-24 07:08:11','2021-05-03 21:30:08'),(877,'Neva','Marks','1989-12-02','beatty.june@example.org','686.731.8685x519','North Trent','1999-11-28 10:22:15','1977-01-02 04:40:57','1999-01-27 23:55:19'),(878,'Dannie','Deckow','1973-03-05','kessler.murl@example.net','(258)594-0791x282','Lake Burdette','1975-07-22 05:19:41','1999-04-11 00:24:45','2021-05-03 21:30:08'),(879,'Gennaro','Quigley','1974-04-05','droberts@example.com','539-584-4067x177','New Lennie','1971-12-18 01:46:25','2000-06-18 14:01:07','2021-05-03 21:30:08'),(880,'Drew','Thompson','1987-08-30','carley97@example.net','(353)742-1429x655','Benjaminshire','1991-05-11 01:25:20','1977-02-11 12:07:11','2008-08-10 01:53:36'),(881,'Ashton','Corwin','2014-09-05','coralie65@example.com','999-287-8036x830','Lake Elviston','1977-06-29 01:31:42','1985-10-01 16:53:26','1987-07-24 02:48:06'),(882,'Bella','Heller','2005-09-15','little.price@example.com','264.510.5063x73158','Port Giuseppechester','1977-03-14 15:36:19','2004-01-03 05:54:59','2021-05-03 21:30:08'),(883,'Beverly','Effertz','2001-10-19','valentin18@example.com','871.990.6069x8981','South Friedrich','1988-08-01 09:59:39','2002-07-18 19:25:43','2015-05-08 05:54:18'),(884,'Susana','Ortiz','2011-02-10','israel37@example.org','(097)216-7644x50669','Schultzfurt','1982-07-23 06:56:42','2005-08-04 07:11:42','2021-05-03 21:30:08'),(885,'Darryl','Bradtke','1977-01-22','walsh.torey@example.com','(905)117-3167x5862','Hegmannbury','1974-10-27 10:19:58','1986-11-30 15:14:49','2004-12-23 02:38:21'),(886,'Emie','Ankunding','2010-01-04','dereck.smitham@example.com','1-377-385-6578x51976','Lake Brittany','1990-02-10 14:15:55','1992-01-19 17:59:21','1997-11-12 08:04:49'),(887,'Johnson','Simonis','2019-12-06','kathlyn.ortiz@example.org','200-846-1795','Lennaview','2004-10-26 11:53:19','1982-09-28 16:44:32','2021-05-03 21:30:08'),(888,'Arlo','Keebler','2002-10-04','mayer.norval@example.org','647-216-5276','North Florianchester','2013-11-13 14:20:56','1993-07-02 13:22:54','2021-05-03 21:30:08'),(889,'Adan','Bahringer','2007-02-28','miller.nadia@example.com','1-544-390-7300x7909','Theresetown','2004-06-16 00:56:51','2005-12-26 04:40:49','2021-05-03 21:30:08'),(890,'Kelli','Senger','1983-10-17','nitzsche.alverta@example.net','214-423-4637','Bodechester','1992-07-04 19:04:47','1970-01-12 06:48:10','2001-10-05 08:03:28'),(891,'Queenie','Lockman','2008-12-11','kallie.mann@example.com','686-202-2305x73726','New Adeline','1997-07-19 12:33:23','1973-01-11 00:22:52','2021-05-03 21:30:08'),(892,'Blanca','Schimmel','2009-01-18','o\'kon.daryl@example.net','+79(9)0176312029','Kristafurt','1970-07-18 10:20:00','2019-04-26 14:30:09','2021-05-03 21:30:08'),(893,'Princess','Ryan','1987-04-16','alysha92@example.net','592.228.6371x05831','O\'Haraberg','1995-09-25 00:33:44','2016-07-26 17:58:38','2016-09-11 20:07:30'),(894,'Connor','Bruen','1986-01-01','marshall.cruickshank@example.org','612.808.2448x5163','Langfort','2002-12-28 06:42:28','2014-05-22 20:17:18','2021-05-03 21:30:08'),(895,'Arturo','Adams','1999-07-25','quigley.rosemarie@example.com','(247)877-6222x59448','East Michale','2005-04-21 22:00:56','2017-03-21 15:48:32','2021-05-03 21:30:08'),(896,'Bertha','Macejkovic','2013-07-13','klocko.wyatt@example.net','(813)611-9632','North Maci','1994-01-29 05:04:54','2003-02-16 23:30:00','2013-06-14 00:08:24'),(897,'Berneice','Greenholt','1972-09-13','jeanette.kilback@example.net','04628087916','Weberfurt','2000-06-15 23:50:48','1996-09-21 16:00:08','2021-05-03 21:30:08'),(898,'Mario','Cummings','2003-04-27','tyra93@example.net','158.232.8257','West Vinnie','1985-06-28 08:04:38','1978-06-13 15:15:06','1982-07-25 16:12:57'),(899,'Lila','McKenzie','2001-04-07','gleason.barton@example.net','1-179-026-6059','Walshbury','2009-03-28 12:05:06','2015-09-01 00:57:36','2021-05-03 21:30:08'),(900,'Candelario','Klocko','1979-09-29','jermain.mosciski@example.org','076-080-0076','South Alizaland','1990-02-25 12:53:48','1982-03-22 04:44:56','2000-06-07 22:05:45'),(901,'Marielle','Schumm','2010-05-16','zgusikowski@example.com','+64(0)2611940872','Mckenzietown','2015-09-25 18:04:22','1975-11-09 18:19:23','2021-05-03 21:30:08'),(902,'Joshuah','Hayes','1996-11-12','easton96@example.com','829.023.5739','Steuberberg','2012-04-19 05:38:36','2005-11-15 17:39:38','2018-04-06 02:28:07'),(903,'Gracie','Grant','1991-03-09','denis.pollich@example.net','259.167.7687','Port Bradley','1989-10-23 05:11:38','1992-10-25 23:16:45','2021-05-03 21:30:08'),(904,'Shayne','Reinger','1980-10-29','judy85@example.com','1-569-781-1085','Lake Ruthie','1975-04-16 14:48:33','1973-06-04 18:50:07','2000-09-25 16:30:51'),(905,'Rae','Hartmann','1983-09-11','crystal65@example.com','1-224-307-7389x896','West Ulices','1991-08-02 06:40:20','2004-01-20 19:19:28','2021-05-03 21:30:08'),(906,'Clementine','Kuhic','1991-05-24','lukas.padberg@example.net','(148)978-0963','Lake Jerodside','1991-11-24 22:39:03','1975-06-16 05:37:59','1998-02-25 07:27:45'),(907,'Kaci','Goldner','2005-06-28','collier.emanuel@example.org','03189223678','Port Nelson','1974-12-20 20:43:53','2010-07-13 02:51:32','2013-09-17 11:57:20'),(908,'Miles','Feil','1996-11-16','jovany20@example.org','1-065-617-1543x043','Wisozkport','1989-06-26 11:52:25','1996-01-16 07:13:28','2003-12-26 05:27:38'),(909,'Jordy','Schultz','1976-06-22','gianni83@example.org','399.718.6812','Mozellestad','1988-05-13 20:48:27','1974-01-20 05:19:44','1990-07-04 17:13:43'),(910,'Pascale','Wisoky','2003-08-23','tina88@example.org','+58(3)8352009117','Walterstad','1977-10-26 23:38:21','1990-03-02 09:58:10','2019-01-28 21:37:59'),(911,'Garrick','Aufderhar','2006-06-15','dcorwin@example.org','1-528-143-5263x6216','South Estebanmouth','2019-10-28 11:48:47','1981-08-06 17:03:04','2010-07-15 11:09:02'),(912,'Eldred','Carter','1974-03-14','pollich.carlotta@example.net','(910)482-5488','New Jane','1990-06-07 11:53:43','2019-08-10 08:31:05','2021-05-03 21:30:08'),(913,'Sarina','Ortiz','2018-09-28','jackie.spinka@example.net','1-261-195-0260','Osinskichester','2016-07-04 06:28:05','1986-10-11 08:12:53','2021-05-03 21:30:08'),(914,'Bonita','Lemke','1977-11-16','runte.buddy@example.org','127-087-4196x690','Hudsonborough','2015-06-09 22:05:06','2009-08-29 03:30:45','2021-05-03 21:30:08'),(915,'Lavern','Konopelski','1995-01-18','edna85@example.org','08800593881','Myrnaville','1982-08-22 16:58:34','1994-01-01 21:45:57','2018-02-14 05:53:04'),(916,'Maria','Schinner','1991-07-23','foster.brown@example.com','126-208-2840','Lake Jaquanfurt','2009-10-07 13:05:51','2019-10-25 22:01:31','2021-05-03 21:30:08'),(917,'Markus','Kozey','1988-09-20','wbergnaum@example.com','06471737367','Lenoraville','2000-01-29 14:58:52','2008-09-20 16:48:21','2021-05-03 21:30:08'),(918,'Aliyah','Klein','2003-12-03','zulauf.leonel@example.org','051.697.0559x000','Uptonstad','1975-02-18 04:15:37','1972-05-03 21:02:40','2003-04-17 13:03:49'),(919,'Lucinda','Huel','2009-01-22','fern85@example.net','173.585.8409','New Camryn','1973-11-24 02:55:35','2011-04-27 22:11:49','2021-05-03 21:30:08'),(920,'Delta','Hickle','1994-10-04','don.marks@example.net','(691)752-4466x568','Preciousburgh','2000-10-27 04:55:21','1991-08-06 15:36:21','1999-02-28 10:18:09'),(921,'Lonie','Cormier','1984-09-18','ischuster@example.com','072-193-2199x56581','Marilyneville','1996-04-27 06:15:58','1990-01-22 01:07:18','1997-10-17 03:16:26'),(922,'Amos','Bernhard','1971-09-12','sophia.stark@example.org','1-630-586-7985','South Cristobal','2004-08-10 08:34:08','1999-06-10 06:26:48','2011-03-23 22:39:05'),(923,'Gregorio','Hettinger','2005-04-02','sruecker@example.com','934.858.8485','West Derekport','2000-03-30 20:54:22','1974-11-24 09:57:26','1985-06-27 08:51:09'),(924,'Eugenia','Kihn','2010-01-21','dooley.freida@example.org','820.008.0307x0531','Krystinaport','1977-11-05 18:37:31','1996-07-22 16:26:20','1996-10-19 17:45:18'),(925,'Gregg','Parker','2017-06-30','henderson.mante@example.org','1-607-533-9032','Earnestineburgh','2013-07-10 04:33:01','2002-12-25 15:48:39','2020-09-03 23:58:47'),(926,'Alivia','Kutch','1972-10-29','leslie.wiza@example.com','494-632-2924x17752','North Virginiehaven','2017-11-17 01:05:26','2008-04-26 17:18:50','2014-09-28 00:37:26'),(927,'Ozella','Mertz','2017-10-29','schaefer.tremayne@example.net','(034)664-3424x70287','Bethanyfurt','1991-02-05 11:01:53','1988-05-17 07:38:53','1999-04-02 23:40:21'),(928,'Breanne','Dicki','1993-10-19','ciara43@example.net','(856)649-9868','Orenhaven','1970-03-02 03:49:58','1992-10-16 06:48:49','2021-05-03 21:30:08'),(929,'Emily','Stark','1979-09-20','tyreek78@example.com','(517)485-4370','Wolffmouth','1995-12-13 20:32:02','1971-06-06 09:50:54','1976-09-20 18:59:20'),(930,'Jovani','Greenholt','2012-08-24','gutmann.elfrieda@example.org','00047781673','Sipesland','1990-12-28 12:43:22','1970-06-07 11:17:34','1979-04-15 10:38:32'),(931,'Hellen','Leffler','1975-03-05','lbogisich@example.com','1-229-075-7433','Langfort','2003-05-04 16:40:06','2005-08-14 04:03:17','2021-05-03 21:30:08'),(932,'Mary','Bauch','1973-07-01','hills.thomas@example.net','08121449401','West Katherynburgh','1999-01-10 10:10:45','1980-01-09 15:25:33','2005-03-28 09:22:41'),(933,'Kassandra','Reynolds','1977-11-02','pbeatty@example.org','+96(3)9297281260','New Jessika','1971-05-15 23:03:53','2010-08-13 04:55:56','2010-11-28 18:47:47'),(934,'Mustafa','Ritchie','1983-08-03','jbatz@example.com','(623)788-7640','Lanceport','1976-12-10 13:04:19','1996-08-27 04:54:21','2010-07-16 05:45:46'),(935,'Alvah','Mertz','1978-04-25','molly.hirthe@example.net','1-985-015-7682x1454','North Sheridan','1996-05-14 02:38:06','2018-02-17 19:00:31','2021-05-03 21:30:08'),(936,'Thad','Oberbrunner','1984-05-30','clifton12@example.org','470-416-1239','New Glenda','1990-12-02 06:10:08','2000-06-17 19:31:20','2021-05-03 21:30:08'),(937,'Coby','Schultz','2010-03-18','lucious.kling@example.org','781-305-5831x811','Whitechester','2012-09-29 17:28:27','1997-10-02 18:57:56','2021-05-03 21:30:08'),(938,'Melyssa','McClure','1970-09-04','adam.harvey@example.com','852-822-4577','Samirton','2019-09-23 21:29:54','2020-02-06 04:43:20','2021-05-03 21:30:08'),(939,'Jamel','Brakus','1977-02-02','uroberts@example.com','909-554-5897','Port Karson','2000-04-28 14:44:09','1988-08-05 07:38:41','2010-11-12 07:03:05'),(940,'Adolph','Lowe','1986-07-22','ivory.emmerich@example.net','06690766773','New Kamren','1983-03-07 00:23:20','2013-06-28 00:19:58','2017-04-25 22:18:09'),(941,'Hermann','Reichert','2013-09-18','miguel.schaefer@example.com','539-915-0308','South Ana','1989-09-12 05:13:51','1985-07-21 12:04:50','1991-06-23 11:04:00'),(942,'Paris','Bernhard','2002-06-07','mswaniawski@example.net','067-165-6671x26839','Cassintown','2019-09-01 05:38:06','1987-06-25 19:54:26','2021-05-03 21:30:08'),(943,'Abbie','Schumm','1970-01-07','allison46@example.net','210-547-8519x391','Port Juliachester','1976-07-25 08:04:29','1982-09-04 21:30:37','2011-07-22 17:46:21'),(944,'Quinton','Nikolaus','2018-07-22','joana.kohler@example.com','(424)730-1001x869','Gildaside','1977-01-17 17:25:50','1996-08-30 20:12:02','2008-11-11 18:12:31'),(945,'Odell','Toy','2001-08-11','ezekiel43@example.net','1-622-232-5559x748','Donnellyton','2012-05-31 10:52:51','1997-10-14 09:41:36','2021-05-03 21:30:08'),(946,'Raegan','Lueilwitz','1979-09-25','wuckert.stanford@example.com','661-579-7373x64437','Beckerland','2013-11-10 14:18:13','1978-09-24 10:57:13','2020-12-31 12:15:58'),(947,'Nicole','Jerde','2015-04-01','kroberts@example.com','1-256-106-2295x75820','Jannieborough','2003-08-17 17:36:09','1974-12-10 18:19:17','1995-12-07 12:53:15'),(948,'Sylvester','Sporer','2001-10-28','nienow.jairo@example.org','482.219.2850x29160','North Curtfurt','1988-03-03 01:43:30','1992-04-15 06:30:02','2009-09-26 09:22:41'),(949,'Yazmin','Smitham','1979-03-20','raquel19@example.net','217-444-5158x986','Port Cassandrafurt','2015-12-05 18:18:37','1993-04-21 06:42:41','1999-11-15 05:48:09'),(950,'Maud','Price','1999-06-21','usipes@example.net','862-863-2565x663','Kunzeton','1979-10-01 04:37:10','1993-11-29 08:16:09','2015-04-09 05:40:27'),(951,'Ezekiel','White','2017-02-04','llewellyn44@example.org','+90(5)5224224442','West Ahmadview','2008-02-02 23:56:40','1986-10-18 16:23:51','2021-05-03 21:30:08'),(952,'Hubert','Deckow','2020-02-09','vada98@example.com','+17(0)9877646743','North Kali','2001-10-22 18:05:45','1987-02-26 21:00:16','2021-05-03 21:30:08'),(953,'Robb','Herzog','1995-10-17','alberta35@example.org','+71(8)8980972984','East Alexys','2008-02-27 01:30:03','1975-01-05 11:58:33','1986-12-13 03:14:21'),(954,'Conor','Bergstrom','2007-12-29','bashirian.deja@example.org','157-765-2914x92833','Port Billie','2015-07-16 05:41:56','1971-04-13 13:32:15','1995-01-11 21:51:45'),(955,'Savion','Tillman','2014-01-19','angel00@example.com','(661)156-8910x58268','North Zachery','2017-07-22 17:33:38','1975-12-18 23:28:34','2007-11-02 08:44:09'),(956,'Manuela','Feil','1986-03-25','lindsey.morissette@example.org','(724)050-2633','Paulaburgh','1975-07-27 02:28:47','2008-10-12 16:16:13','2021-05-03 21:30:08'),(957,'Estell','D\'Amore','1994-03-07','roberta98@example.net','403-360-4695','Port Jalonchester','1979-01-10 07:10:59','2000-01-02 20:35:22','2021-05-03 21:30:08'),(958,'Maximo','Doyle','1975-07-25','kianna.hahn@example.net','102.315.2109','Charleyfurt','1995-12-16 19:45:27','2003-10-14 10:16:31','2005-03-08 08:48:03'),(959,'Melyna','Streich','2004-02-04','rau.scottie@example.net','822.020.0312x4244','Loriberg','2002-10-25 09:03:12','1970-08-25 23:00:28','2008-10-12 17:19:38'),(960,'Camylle','Lynch','1981-01-13','nwatsica@example.org','(911)327-3342','Lake Mariam','1993-03-02 09:34:26','1983-10-06 06:11:48','1989-09-09 00:55:06'),(961,'Zackery','Stokes','2020-08-06','graham.ritchie@example.org','06160670831','South Soniaside','1983-05-20 12:29:58','2008-08-01 19:32:38','2021-05-03 21:30:08'),(962,'Brennon','Sporer','2005-12-23','maida.koch@example.com','073.670.7621x967','Felicitytown','1993-12-03 23:21:21','2003-05-23 11:53:34','2008-08-01 05:16:05'),(963,'Anais','Muller','2000-11-02','hwhite@example.com','05667658242','Lake Alena','1979-08-05 11:10:29','1973-11-19 01:50:31','1987-09-24 03:27:19'),(964,'Aurelio','Fahey','1993-09-23','ndickinson@example.org','1-856-204-7498x253','Eviestad','2007-03-20 11:43:58','2005-03-15 23:07:13','2021-05-03 21:30:08'),(965,'Alanna','Greenholt','1990-08-13','joanny97@example.net','02110611571','Ottoview','1985-06-29 11:13:35','1980-07-15 09:44:42','1985-11-27 17:43:02'),(966,'Damion','Swaniawski','1985-08-03','jaskolski.stephany@example.com','+32(3)7072519654','East Caroline','1986-03-30 15:15:13','2007-09-20 06:10:27','2012-02-01 14:22:42'),(967,'Adelle','Haag','1980-09-18','annabel37@example.net','451.204.5713x7226','Darionhaven','2017-10-18 04:42:56','1977-12-29 02:56:36','1996-06-27 09:40:17'),(968,'Ellen','Turner','2018-02-04','floy.o\'conner@example.com','1-243-925-6435x97183','South Eusebio','1976-07-05 05:08:17','2020-11-06 10:44:43','2021-05-03 21:30:08'),(969,'Esperanza','Nitzsche','2008-06-07','kzulauf@example.net','1-415-285-1470x554','Beaumouth','1970-11-20 00:53:14','1986-07-02 21:45:26','2021-05-03 21:30:08'),(970,'Iva','Vandervort','2018-03-02','qtreutel@example.com','003-031-0747','Raynortown','2017-05-24 15:00:28','1999-03-23 07:45:05','2008-12-16 20:29:01'),(971,'Kari','Grant','2000-11-25','loraine97@example.net','(236)525-2239','Pollybury','1987-08-18 19:15:40','1991-03-14 17:38:59','2008-04-27 12:03:27'),(972,'Aron','Herman','2007-11-13','paucek.aric@example.net','03810325870','Cassinfort','2007-08-16 22:01:39','1984-05-14 18:05:14','1993-08-22 04:24:48'),(973,'Lorena','Jast','2002-11-14','vemard@example.com','(824)080-4896x8815','East Fernando','1985-06-30 07:55:53','1975-07-05 22:36:58','2002-10-31 20:30:49'),(974,'Oda','Marquardt','1981-08-15','ydickinson@example.net','591.850.2921x69145','Port Zoilachester','1974-08-21 17:07:21','2013-08-09 02:45:50','2021-05-03 21:30:08'),(975,'Mario','Kuhn','2013-12-21','ronaldo.smith@example.com','1-957-581-4708','Millsstad','1999-10-17 01:12:17','1973-01-25 19:28:32','2017-06-02 23:52:56'),(976,'Verdie','Okuneva','1996-07-12','blanda.abe@example.org','296-742-1992x96327','Reichertchester','2019-01-25 04:14:18','2007-08-22 08:27:25','2021-05-03 21:30:08'),(977,'Brittany','Waters','1974-04-07','kayli.hodkiewicz@example.net','06662121874','Port Addie','1998-03-10 15:52:21','2016-02-13 10:07:20','2021-05-03 21:30:08'),(978,'Taya','McDermott','1989-03-04','ubednar@example.net','563-597-5768x239','South Milobury','2011-10-23 17:55:52','2005-05-05 07:28:16','2021-05-03 21:30:08'),(979,'Bert','Schiller','1973-03-18','keagan.turner@example.net','287.352.3648','Vanberg','1994-03-07 01:08:06','2012-02-13 23:19:46','2021-05-03 21:30:08'),(980,'Lelia','Cassin','2013-10-13','edyth.beatty@example.com','+67(4)5701078722','North Imelda','2016-07-13 13:11:53','1998-06-30 19:59:03','2001-09-01 19:02:37'),(981,'Maia','Schuppe','1998-01-12','monahan.nicklaus@example.org','07765064928','New Israel','2002-09-30 22:49:55','1989-10-27 09:51:11','2021-05-03 21:30:08'),(982,'Larue','Dooley','2020-06-13','thompson.melvina@example.net','(649)065-7117x305','South Shana','2007-06-22 11:52:18','1971-09-13 21:42:36','1999-04-22 13:24:19'),(983,'Marie','Haley','2004-04-08','ayana.gutmann@example.org','470-092-6969x08982','North Vaughn','1981-08-19 09:01:52','2009-10-22 18:03:43','2021-05-03 21:30:08'),(984,'Carlie','Stamm','2020-09-09','kelvin80@example.org','1-294-007-1731x883','Johnniefort','2018-06-20 11:28:08','1971-05-04 14:17:02','1990-10-17 09:58:54'),(985,'Lee','Cruickshank','1977-03-17','pschuppe@example.com','(801)372-3069','Port Zoie','1993-02-13 04:38:28','1994-10-01 00:28:51','2021-05-03 21:30:08'),(986,'Kendra','Schaden','2015-09-17','dell38@example.net','1-207-310-8062x431','West Kaelashire','2006-08-27 18:31:28','1971-02-09 14:23:36','1992-04-18 14:16:47'),(987,'Leonel','Hauck','2006-01-02','wolff.aimee@example.org','(151)264-6174x3762','Genevieveville','2000-09-11 09:11:42','1979-06-04 00:19:47','1991-09-20 16:49:08'),(988,'Shanie','DuBuque','1995-03-20','brennan.hamill@example.org','(722)773-8943x38308','Irvingfort','2019-01-14 21:03:47','2003-11-29 03:21:35','2021-05-03 21:30:08'),(989,'Casey','Schiller','2000-07-27','pleuschke@example.com','(340)304-9048x17063','Heidiburgh','1989-07-17 19:57:18','1996-12-14 08:11:00','2016-02-15 04:40:46'),(990,'Mariane','Monahan','1976-06-19','feil.jamison@example.net','043.042.5611','Lake Ebba','2011-07-17 01:53:57','1970-06-14 18:30:48','2020-10-08 22:48:12'),(991,'Kelsi','Runte','2019-02-25','marcel35@example.com','494-581-1779','Hickleport','1974-06-13 14:15:26','1990-10-04 09:19:36','1992-06-08 06:12:34'),(992,'Graciela','Mante','2008-04-16','cullen17@example.com','905-813-5304','North Odellborough','1980-02-22 20:20:26','1975-03-23 03:25:49','2019-07-19 10:03:16'),(993,'Ezequiel','Bayer','1970-04-29','cratke@example.com','463.945.1801','Robelview','2013-07-01 12:53:00','1981-08-10 04:31:49','1982-12-19 17:07:46'),(994,'Cathy','Little','2010-11-24','fbednar@example.net','1-130-545-4354x8343','West Rafael','1997-09-05 04:25:15','2019-04-27 05:12:22','2021-05-03 21:30:08'),(995,'Kiarra','Graham','1996-09-16','emilia.crona@example.org','777.472.2839','North Maymieport','1992-08-30 00:37:04','1975-11-18 11:12:29','2013-04-18 20:20:57'),(996,'Stanton','Goodwin','2012-12-08','elouise87@example.org','038.170.4092x236','Lake Layla','1999-10-01 06:09:22','2005-10-28 06:00:21','2021-05-03 21:30:08'),(997,'Ruby','Stracke','1970-07-01','paucek.kristoffer@example.net','214.842.1790x93943','West Darianachester','1984-07-14 13:21:17','1976-08-28 07:48:10','1984-02-10 10:14:26'),(998,'Icie','Ritchie','1984-03-13','gutmann.junior@example.net','841.038.8895','North Juliana','1995-03-21 23:49:05','1970-02-08 22:28:52','1973-08-23 07:19:17'),(999,'Misty','Crona','1993-05-03','rodriguez.burley@example.com','696.217.9770','Zulauftown','1998-08-19 03:15:15','1974-11-06 21:30:52','2014-07-04 09:25:34'),(1000,'Lorenza','Koch','1994-07-07','dcruickshank@example.net','757-827-5515x94366','Lake Linnea','2010-12-25 01:47:52','1973-12-05 10:27:02','1985-06-27 08:39:45');
/*!40000 ALTER TABLE `customers` ENABLE KEYS */;
UNLOCK TABLES;

--
-- Table structure for table `frets`
--

DROP TABLE IF EXISTS `frets`;
/*!40101 SET @saved_cs_client     = @@character_set_client */;
/*!50503 SET character_set_client = utf8mb4 */;
CREATE TABLE `frets` (
  `id` int unsigned NOT NULL AUTO_INCREMENT,
  `frets_q` int unsigned NOT NULL COMMENT 'число ладов',
  `created_at` datetime DEFAULT CURRENT_TIMESTAMP,
  `updated_at` datetime DEFAULT CURRENT_TIMESTAMP ON UPDATE CURRENT_TIMESTAMP,
  PRIMARY KEY (`id`)
) ENGINE=InnoDB AUTO_INCREMENT=5 DEFAULT CHARSET=utf8mb4 COLLATE=utf8mb4_0900_ai_ci;
/*!40101 SET character_set_client = @saved_cs_client */;

--
-- Dumping data for table `frets`
--

LOCK TABLES `frets` WRITE;
/*!40000 ALTER TABLE `frets` DISABLE KEYS */;
INSERT INTO `frets` VALUES (1,20,'2021-04-29 13:31:59','2021-04-29 13:31:59'),(2,21,'2021-04-29 13:31:59','2021-04-29 13:31:59'),(3,22,'2021-04-29 13:31:59','2021-04-29 13:31:59'),(4,24,'2021-04-29 13:31:59','2021-04-29 13:31:59');
/*!40000 ALTER TABLE `frets` ENABLE KEYS */;
UNLOCK TABLES;

--
-- Table structure for table `guitar_brands`
--

DROP TABLE IF EXISTS `guitar_brands`;
/*!40101 SET @saved_cs_client     = @@character_set_client */;
/*!50503 SET character_set_client = utf8mb4 */;
CREATE TABLE `guitar_brands` (
  `id` int unsigned NOT NULL AUTO_INCREMENT,
  `brand_name` varchar(60) NOT NULL,
  `created_at` datetime DEFAULT CURRENT_TIMESTAMP,
  `updated_at` datetime DEFAULT CURRENT_TIMESTAMP ON UPDATE CURRENT_TIMESTAMP,
  PRIMARY KEY (`id`)
) ENGINE=InnoDB AUTO_INCREMENT=6 DEFAULT CHARSET=utf8mb4 COLLATE=utf8mb4_0900_ai_ci;
/*!40101 SET character_set_client = @saved_cs_client */;

--
-- Dumping data for table `guitar_brands`
--

LOCK TABLES `guitar_brands` WRITE;
/*!40000 ALTER TABLE `guitar_brands` DISABLE KEYS */;
INSERT INTO `guitar_brands` VALUES (1,'Gibson','2021-04-29 13:55:43','2021-04-29 13:55:43'),(2,'Fender','2021-04-29 13:55:43','2021-04-29 13:55:43'),(3,'Ibanez','2021-04-29 13:55:43','2021-04-29 13:55:43'),(4,'Jackson','2021-04-29 13:55:43','2021-04-29 13:55:43'),(5,'Cort','2021-04-29 13:55:43','2021-04-29 13:55:43');
/*!40000 ALTER TABLE `guitar_brands` ENABLE KEYS */;
UNLOCK TABLES;

--
-- Table structure for table `guitars`
--

DROP TABLE IF EXISTS `guitars`;
/*!40101 SET @saved_cs_client     = @@character_set_client */;
/*!50503 SET character_set_client = utf8mb4 */;
CREATE TABLE `guitars` (
  `id` int unsigned NOT NULL AUTO_INCREMENT,
  `name` varchar(60) NOT NULL COMMENT 'название конкретной гитары',
  `guitar_brand_id` int unsigned NOT NULL COMMENT 'название бренда',
  `product_type_id` int unsigned NOT NULL COMMENT 'тип гитары: акустика, классика, электро, бас и т.д',
  `string_number_id` int unsigned NOT NULL COMMENT 'кол.во струн',
  `color_id` int unsigned NOT NULL COMMENT 'цвет',
  `fret_id` int unsigned NOT NULL COMMENT 'кол.во ладов',
  `tremolo_type_id` int unsigned NOT NULL COMMENT 'тремоло система',
  `price` decimal(10,2) NOT NULL,
  `description` text,
  `quantity` int unsigned NOT NULL COMMENT 'доступное количество',
  `created_at` datetime DEFAULT CURRENT_TIMESTAMP,
  `updated_at` datetime DEFAULT CURRENT_TIMESTAMP ON UPDATE CURRENT_TIMESTAMP,
  PRIMARY KEY (`id`),
  KEY `guitars_guitar_brand_id_fk` (`guitar_brand_id`),
  KEY `guitars_product_type_id_fk` (`product_type_id`),
  KEY `guitars_string_number_id_fk` (`string_number_id`),
  KEY `guitars_color_id_fk` (`color_id`),
  KEY `guitars_fret_id_fk` (`fret_id`),
  KEY `guitars_tremolo_type_id_fk` (`tremolo_type_id`),
  CONSTRAINT `guitars_color_id_fk` FOREIGN KEY (`color_id`) REFERENCES `colors` (`id`),
  CONSTRAINT `guitars_fret_id_fk` FOREIGN KEY (`fret_id`) REFERENCES `frets` (`id`),
  CONSTRAINT `guitars_guitar_brand_id_fk` FOREIGN KEY (`guitar_brand_id`) REFERENCES `guitar_brands` (`id`),
  CONSTRAINT `guitars_product_type_id_fk` FOREIGN KEY (`product_type_id`) REFERENCES `product_types` (`id`),
  CONSTRAINT `guitars_string_number_id_fk` FOREIGN KEY (`string_number_id`) REFERENCES `strings_number` (`id`),
  CONSTRAINT `guitars_tremolo_type_id_fk` FOREIGN KEY (`tremolo_type_id`) REFERENCES `tremolo_types` (`id`)
) ENGINE=InnoDB AUTO_INCREMENT=37 DEFAULT CHARSET=utf8mb4 COLLATE=utf8mb4_0900_ai_ci COMMENT='таблица гитар';
/*!40101 SET character_set_client = @saved_cs_client */;

--
-- Dumping data for table `guitars`
--

LOCK TABLES `guitars` WRITE;
/*!40000 ALTER TABLE `guitars` DISABLE KEYS */;
INSERT INTO `guitars` VALUES (1,'Flying V',1,3,3,2,3,3,48000.00,'Просто великолепная гитара',5,'2021-05-02 00:28:48','2021-05-02 00:28:48'),(2,'Flying V',1,3,3,1,3,3,48000.00,'Просто великолепная гитара',5,'2021-05-02 00:28:48','2021-05-02 00:28:48'),(3,'Explorer',1,3,3,2,3,3,48000.00,'Просто великолепная гитара',5,'2021-05-02 00:28:48','2021-05-02 00:28:48'),(4,'Explorer',1,3,3,1,3,3,48000.00,'Просто великолепная гитара',5,'2021-05-02 00:28:48','2021-05-02 00:28:48'),(5,'Les Paul Studio',1,3,3,2,3,3,48000.00,'Просто великолепная гитара',8,'2021-05-02 00:28:48','2021-05-02 00:28:48'),(6,'Les Paul Studio',1,3,3,1,3,3,48000.00,'Просто великолепная гитара',7,'2021-05-02 00:28:48','2021-05-02 00:28:48'),(7,'Les Paul Studio',1,3,3,7,3,3,48000.00,'Просто великолепная гитара',6,'2021-05-02 00:28:48','2021-05-02 00:28:48'),(8,'Les Paul Standard',1,3,3,7,3,3,90000.00,'Просто великолепная гитара',3,'2021-05-02 00:28:48','2021-05-02 00:28:48'),(9,'SG Standard',1,3,3,2,3,3,60000.00,'Просто великолепная гитара',4,'2021-05-02 00:28:48','2021-05-02 00:28:48'),(10,'SG Standard',1,3,3,4,3,3,48000.00,'Просто великолепная гитара',7,'2021-05-02 00:28:48','2021-05-02 00:28:48'),(11,'AM PRO STRAT',2,3,3,2,3,4,52000.00,'Просто великолепная гитара',5,'2021-05-02 00:28:48','2021-05-02 00:28:48'),(12,'AM PRO STRAT',2,3,3,7,3,4,52000.00,'Просто великолепная гитара',5,'2021-05-02 00:28:48','2021-05-02 00:28:48'),(13,'AM PRO STRAT',2,3,3,8,3,4,52000.00,'Просто великолепная гитара',5,'2021-05-02 00:28:48','2021-05-02 00:28:48'),(14,'American Performer Stratocaster',2,3,3,7,3,4,45000.00,'Просто великолепная гитара',6,'2021-05-02 00:28:48','2021-05-02 00:28:48'),(15,'American Performer Stratocaster',2,3,3,2,3,4,45000.00,'Просто великолепная гитара',6,'2021-05-02 00:28:48','2021-05-02 00:28:48'),(16,'American Performer Telecaster',2,3,3,1,3,1,45000.00,'Просто великолепная гитара',3,'2021-05-02 00:28:48','2021-05-02 00:28:48'),(17,'American Performer Telecaster',2,3,3,2,3,1,45000.00,'Просто великолепная гитара',2,'2021-05-02 00:28:48','2021-05-02 00:28:48'),(18,'GRX20-JB',3,3,3,5,4,4,12000.00,'Подойдет для новичков',10,'2021-05-02 00:28:48','2021-05-02 00:28:48'),(19,'RG350DXZ',3,3,3,1,4,2,25000.00,'Подойдет для новичков',5,'2021-05-02 00:28:48','2021-05-02 00:28:48'),(20,'ART120-CRS',3,3,3,7,3,1,30000.00,'Просто великолепная гитара',3,'2021-05-02 00:28:48','2021-05-02 00:28:48'),(21,'GRG7221QA-TKS',3,3,4,3,4,1,15000.00,'7-ми струнка',2,'2021-05-02 00:28:48','2021-05-02 00:28:48'),(22,'JS32 RR',4,3,3,2,3,2,32000.00,'Агрессивная форма',4,'2021-05-02 00:28:48','2021-05-02 00:28:48'),(23,'DKAF8',4,3,5,2,4,2,42000.00,'8-ми струнка',1,'2021-05-02 00:28:48','2021-05-02 00:28:48'),(24,'X700-LBB DUALITY',5,3,3,5,4,2,37000.00,'Достойный инструмент',3,'2021-05-02 00:28:48','2021-05-02 00:28:48'),(25,'KX508MS-MBB',5,3,5,2,4,2,41000.00,'8-ми струнка',1,'2021-05-02 00:28:48','2021-05-02 00:28:48'),(26,'Affinity PJ BASS',2,4,1,2,3,4,15000.00,'4-х струнный бас',5,'2021-05-02 00:51:03','2021-05-02 00:51:03'),(27,'GSR205-BK',3,4,2,2,3,4,18000.00,'5-ти струнный бас',3,'2021-05-02 00:51:03','2021-05-02 00:51:03'),(28,'Firebird',1,4,1,7,3,4,20000.00,'4-х струнный бас',5,'2021-05-02 00:51:03','2021-05-02 00:51:03'),(29,'SR306EB-WK',3,4,3,2,4,4,25000.00,'6-ти струнный бас',1,'2021-05-02 00:51:03','2021-05-02 00:51:03'),(30,'CD-60 DREAD',2,1,3,2,3,1,10000.00,'Хорошая акустика',15,'2021-05-02 01:03:49','2021-05-02 01:03:49'),(31,'PF15ECE',3,1,3,2,3,1,11000.00,'Хорошая акустика',12,'2021-05-02 01:03:49','2021-05-02 01:03:49'),(32,'J-15 Standard',1,1,3,7,3,1,57000.00,'Великолепная акустика',1,'2021-05-02 01:03:49','2021-05-02 01:03:49'),(33,'AF515CE-OP',5,1,3,7,3,1,8000.00,'Хорошая акустика',20,'2021-05-02 01:03:49','2021-05-02 01:03:49'),(34,'Fender ESC-105',2,2,3,7,3,1,7500.00,'Классика для начинающих',8,'2021-05-02 01:17:01','2021-05-02 01:17:01'),(35,'Classic',5,2,3,7,3,1,5500.00,'Классика для начинающих',10,'2021-05-02 01:17:01','2021-05-02 01:17:01'),(36,'AEG50N-NT',3,2,3,7,3,1,6600.00,'Классика для начинающих',8,'2021-05-02 01:17:01','2021-05-02 01:17:01');
/*!40000 ALTER TABLE `guitars` ENABLE KEYS */;
UNLOCK TABLES;
/*!50003 SET @saved_cs_client      = @@character_set_client */ ;
/*!50003 SET @saved_cs_results     = @@character_set_results */ ;
/*!50003 SET @saved_col_connection = @@collation_connection */ ;
/*!50003 SET character_set_client  = utf8mb4 */ ;
/*!50003 SET character_set_results = utf8mb4 */ ;
/*!50003 SET collation_connection  = utf8mb4_0900_ai_ci */ ;
/*!50003 SET @saved_sql_mode       = @@sql_mode */ ;
/*!50003 SET sql_mode              = 'ONLY_FULL_GROUP_BY,STRICT_TRANS_TABLES,NO_ZERO_IN_DATE,NO_ZERO_DATE,ERROR_FOR_DIVISION_BY_ZERO,NO_ENGINE_SUBSTITUTION' */ ;
DELIMITER ;;
/*!50003 CREATE*/ /*!50017 DEFINER=`root`@`localhost`*/ /*!50003 TRIGGER `validate_product_type` BEFORE INSERT ON `guitars` FOR EACH ROW IF NEW.product_type_id NOT IN (SELECT id FROM product_types) THEN 
SIGNAL SQLSTATE '45000'
SET MESSAGE_TEXT = 'Недопустимый тип товара.';
END IF */;;
DELIMITER ;
/*!50003 SET sql_mode              = @saved_sql_mode */ ;
/*!50003 SET character_set_client  = @saved_cs_client */ ;
/*!50003 SET character_set_results = @saved_cs_results */ ;
/*!50003 SET collation_connection  = @saved_col_connection */ ;

--
-- Temporary view structure for view `last_purchase`
--

DROP TABLE IF EXISTS `last_purchase`;
/*!50001 DROP VIEW IF EXISTS `last_purchase`*/;
SET @saved_cs_client     = @@character_set_client;
/*!50503 SET character_set_client = utf8mb4 */;
/*!50001 CREATE VIEW `last_purchase` AS SELECT 
 1 AS `id`,
 1 AS `last_purchase`*/;
SET character_set_client = @saved_cs_client;

--
-- Table structure for table `order_statuses`
--

DROP TABLE IF EXISTS `order_statuses`;
/*!40101 SET @saved_cs_client     = @@character_set_client */;
/*!50503 SET character_set_client = utf8mb4 */;
CREATE TABLE `order_statuses` (
  `id` int unsigned NOT NULL AUTO_INCREMENT,
  `name` varchar(60) NOT NULL,
  `created_at` datetime DEFAULT CURRENT_TIMESTAMP,
  `updated_at` datetime DEFAULT CURRENT_TIMESTAMP ON UPDATE CURRENT_TIMESTAMP,
  PRIMARY KEY (`id`)
) ENGINE=InnoDB AUTO_INCREMENT=6 DEFAULT CHARSET=utf8mb4 COLLATE=utf8mb4_0900_ai_ci;
/*!40101 SET character_set_client = @saved_cs_client */;

--
-- Dumping data for table `order_statuses`
--

LOCK TABLES `order_statuses` WRITE;
/*!40000 ALTER TABLE `order_statuses` DISABLE KEYS */;
INSERT INTO `order_statuses` VALUES (1,'Оформлен','2021-05-01 21:39:22','2021-05-01 21:39:22'),(2,'Доставляется','2021-05-01 21:39:22','2021-05-01 21:39:22'),(3,'В магазине','2021-05-01 21:39:22','2021-05-01 21:39:22'),(4,'Отменен','2021-05-01 21:39:22','2021-05-01 21:39:22'),(5,'Выдан','2021-05-01 21:39:22','2021-05-01 21:39:22');
/*!40000 ALTER TABLE `order_statuses` ENABLE KEYS */;
UNLOCK TABLES;

--
-- Table structure for table `orders`
--

DROP TABLE IF EXISTS `orders`;
/*!40101 SET @saved_cs_client     = @@character_set_client */;
/*!50503 SET character_set_client = utf8mb4 */;
CREATE TABLE `orders` (
  `id` int unsigned NOT NULL AUTO_INCREMENT,
  `customer_id` int unsigned NOT NULL,
  `order_date` date DEFAULT NULL,
  `order_status_id` int unsigned NOT NULL,
  `acquistion_type_id` int unsigned NOT NULL,
  `payment_type_id` int unsigned NOT NULL,
  `total_sum` decimal(10,2) DEFAULT NULL,
  PRIMARY KEY (`id`),
  KEY `orders_customer_id_fk` (`customer_id`),
  KEY `orders_order_status_id_fk` (`order_status_id`),
  KEY `orders_acquistion_type_fk` (`acquistion_type_id`),
  KEY `orders_payment_type_id_fk` (`payment_type_id`),
  CONSTRAINT `orders_acquistion_type_fk` FOREIGN KEY (`acquistion_type_id`) REFERENCES `acquisition_types` (`id`),
  CONSTRAINT `orders_customer_id_fk` FOREIGN KEY (`customer_id`) REFERENCES `customers` (`id`),
  CONSTRAINT `orders_order_status_id_fk` FOREIGN KEY (`order_status_id`) REFERENCES `order_statuses` (`id`),
  CONSTRAINT `orders_payment_type_id_fk` FOREIGN KEY (`payment_type_id`) REFERENCES `payment_types` (`id`)
) ENGINE=InnoDB AUTO_INCREMENT=2001 DEFAULT CHARSET=utf8mb4 COLLATE=utf8mb4_unicode_ci COMMENT='Заказы';
/*!40101 SET character_set_client = @saved_cs_client */;

--
-- Dumping data for table `orders`
--

LOCK TABLES `orders` WRITE;
/*!40000 ALTER TABLE `orders` DISABLE KEYS */;
INSERT INTO `orders` VALUES (1,943,'2017-04-19',5,2,4,102000.00),(2,923,'2016-02-21',1,1,3,51500.00),(3,189,'2013-08-20',3,3,5,122000.00),(4,960,'2020-03-10',4,1,3,213000.00),(5,98,'2016-08-20',1,1,5,199000.00),(6,298,'2011-12-26',2,3,5,370000.00),(7,74,'2013-08-06',1,2,1,194000.00),(8,236,'2018-12-29',4,1,4,201000.00),(9,977,'2018-10-21',3,3,5,164000.00),(10,70,'2016-04-12',1,2,5,252600.00),(11,777,'2011-12-26',2,2,5,319000.00),(12,332,'2020-07-19',5,1,3,133000.00),(13,223,'2013-01-22',2,2,4,295000.00),(14,379,'2012-02-05',4,3,5,178000.00),(15,852,'2013-03-13',3,2,3,72500.00),(16,132,'2011-08-16',1,2,5,279000.00),(17,28,'2020-10-15',4,1,3,204000.00),(18,219,'2015-02-12',3,2,2,150000.00),(19,492,'2015-05-19',1,1,3,183000.00),(20,212,'2013-11-26',2,1,5,101000.00),(21,959,'2017-11-16',4,3,5,396000.00),(22,210,'2019-02-07',1,3,5,261000.00),(23,974,'2014-06-16',3,3,5,80000.00),(24,89,'2012-01-29',2,1,3,112500.00),(25,553,'2019-05-05',5,3,5,194000.00),(26,821,'2013-10-24',4,1,4,130000.00),(27,215,'2020-11-27',2,3,5,279000.00),(28,971,'2013-03-17',4,3,5,174500.00),(29,83,'2012-05-12',4,1,4,330000.00),(30,389,'2018-02-20',3,1,3,150000.00),(31,684,'2015-02-21',4,3,5,276000.00),(32,578,'2013-12-13',1,1,3,393000.00),(33,517,'2016-01-27',1,2,5,177000.00),(34,898,'2018-06-17',5,2,3,99000.00),(35,297,'2020-08-19',2,3,5,374000.00),(36,385,'2015-05-29',4,1,5,264000.00),(37,7,'2015-04-15',2,1,4,213000.00),(38,514,'2011-10-26',5,2,1,138000.00),(39,773,'2020-07-04',1,1,3,265000.00),(40,774,'2016-03-28',1,1,3,117000.00),(41,516,'2018-07-05',5,3,5,268000.00),(42,137,'2018-08-02',2,2,5,210000.00),(43,879,'2011-08-07',3,3,5,207000.00),(44,669,'2016-11-18',1,1,3,199000.00),(45,804,'2019-03-10',5,2,4,186000.00),(46,382,'2012-05-26',3,1,3,190000.00),(47,607,'2019-10-18',4,1,4,242000.00),(48,587,'2016-11-18',1,1,4,189000.00),(49,908,'2021-03-20',3,2,4,262000.00),(50,481,'2016-08-06',5,3,5,170000.00),(51,497,'2014-08-29',3,2,4,144000.00),(52,19,'2015-05-15',5,2,4,264000.00),(53,967,'2012-10-10',5,2,3,148000.00),(54,983,'2020-11-08',2,1,5,91000.00),(55,449,'2020-10-19',2,3,5,336000.00),(56,578,'2020-07-30',2,2,1,206000.00),(57,429,'2019-07-03',2,2,3,333000.00),(58,677,'2015-10-30',3,2,4,228000.00),(59,679,'2019-05-24',2,2,2,175000.00),(60,65,'2014-03-28',3,3,5,228000.00),(61,221,'2014-06-23',4,2,5,111000.00),(62,529,'2015-03-01',4,3,5,204000.00),(63,227,'2018-09-07',3,3,5,203000.00),(64,878,'2017-09-11',3,2,4,141000.00),(65,995,'2011-11-07',4,3,5,335000.00),(66,251,'2020-05-27',2,3,5,142200.00),(67,486,'2017-01-07',4,2,4,114000.00),(68,969,'2020-08-16',4,2,1,34500.00),(69,833,'2016-12-26',4,3,5,320000.00),(70,724,'2016-03-26',1,1,4,80000.00),(71,854,'2013-02-14',2,3,5,172000.00),(72,690,'2012-01-11',5,2,4,246000.00),(73,251,'2012-09-11',1,1,3,193500.00),(74,931,'2018-10-29',1,3,5,210000.00),(75,699,'2017-10-22',5,3,5,174000.00),(76,669,'2019-08-02',1,2,4,174000.00),(77,453,'2020-05-04',3,3,5,225000.00),(78,551,'2013-12-11',5,3,5,166000.00),(79,407,'2017-10-22',5,3,5,384000.00),(80,271,'2021-03-27',5,3,5,339000.00),(81,548,'2015-09-24',3,3,5,230000.00),(82,125,'2012-03-10',3,1,5,152000.00),(83,602,'2013-03-06',1,3,5,85500.00),(84,25,'2018-06-22',1,3,5,194000.00),(85,176,'2018-11-02',4,3,5,255000.00),(86,206,'2011-12-29',1,2,5,122000.00),(87,789,'2018-07-04',5,2,4,285000.00),(88,977,'2016-08-20',5,2,5,155000.00),(89,654,'2014-06-05',2,3,5,82000.00),(90,530,'2018-10-08',4,1,4,273000.00),(91,690,'2017-08-07',2,3,5,96000.00),(92,9,'2020-11-21',4,2,3,422000.00),(93,993,'2012-07-05',4,2,5,258000.00),(94,502,'2021-02-03',3,3,5,307500.00),(95,36,'2014-08-04',4,3,5,40500.00),(96,678,'2019-09-30',2,3,5,221000.00),(97,11,'2011-07-27',4,1,3,198000.00),(98,172,'2020-09-17',1,1,5,132000.00),(99,467,'2021-01-12',3,3,5,177000.00),(100,756,'2020-08-17',4,1,3,137000.00),(101,231,'2015-10-15',4,1,3,103600.00),(102,588,'2017-12-07',3,2,2,282000.00),(103,795,'2018-01-06',1,2,5,284000.00),(104,115,'2018-04-21',2,1,5,240000.00),(105,108,'2020-09-25',3,3,5,132000.00),(106,281,'2011-06-02',4,2,5,384000.00),(107,574,'2019-05-03',1,2,4,155000.00),(108,935,'2018-08-04',2,3,5,186000.00),(109,421,'2011-06-24',2,1,5,183000.00),(110,976,'2016-03-03',3,2,2,207000.00),(111,505,'2017-03-01',1,2,3,163000.00),(112,724,'2014-06-20',5,3,5,202000.00),(113,664,'2019-11-07',5,3,5,236000.00),(114,536,'2019-05-24',3,3,5,256000.00),(115,998,'2013-10-22',1,1,5,272000.00),(116,919,'2012-01-10',5,2,1,116000.00),(117,452,'2017-04-30',1,1,3,142000.00),(118,476,'2017-05-02',4,3,5,151800.00),(119,778,'2016-03-06',4,1,3,348000.00),(120,188,'2015-11-26',3,3,5,127000.00),(121,561,'2013-11-15',4,2,3,180000.00),(122,869,'2019-04-08',4,2,3,324000.00),(123,414,'2014-01-30',1,2,3,33600.00),(124,394,'2012-09-18',5,1,3,195000.00),(125,904,'2019-08-09',1,1,5,107000.00),(126,140,'2013-10-08',1,3,5,208000.00),(127,539,'2020-05-04',2,3,5,145000.00),(128,119,'2017-01-08',3,1,3,184000.00),(129,134,'2011-08-08',2,3,5,208000.00),(130,584,'2018-06-12',3,3,5,138000.00),(131,410,'2017-06-01',3,3,5,333000.00),(132,12,'2014-02-19',2,2,3,166000.00),(133,3,'2013-12-24',1,3,5,167000.00),(134,254,'2019-10-08',2,1,5,100000.00),(135,849,'2021-02-20',4,1,4,57000.00),(136,308,'2011-12-31',2,3,5,157000.00),(137,971,'2014-09-18',1,3,5,208000.00),(138,202,'2018-12-05',3,3,5,74800.00),(139,650,'2016-12-20',4,3,5,78500.00),(140,417,'2014-09-21',1,3,5,202000.00),(141,833,'2020-05-11',3,3,5,304000.00),(142,58,'2015-05-10',4,1,4,300000.00),(143,764,'2019-11-23',2,1,5,261000.00),(144,920,'2017-06-28',5,3,5,162000.00),(145,595,'2019-06-06',3,3,5,192000.00),(146,393,'2020-03-23',4,3,5,132000.00),(147,833,'2017-09-12',3,3,5,203000.00),(148,379,'2017-09-27',3,3,5,70000.00),(149,847,'2018-01-08',3,2,5,56000.00),(150,681,'2016-02-29',1,1,5,211000.00),(151,625,'2012-08-30',5,3,5,149000.00),(152,258,'2013-06-25',2,1,5,110500.00),(153,873,'2013-07-07',1,2,1,180500.00),(154,364,'2017-01-19',1,3,5,172000.00),(155,613,'2019-09-26',1,2,1,211000.00),(156,581,'2015-09-10',3,1,3,286000.00),(157,515,'2021-01-15',4,2,3,203000.00),(158,750,'2016-09-07',2,3,5,127000.00),(159,981,'2016-09-23',1,1,5,292200.00),(160,360,'2020-06-04',2,2,2,337000.00),(161,993,'2016-06-04',3,3,5,246000.00),(162,113,'2012-11-05',1,1,3,384000.00),(163,527,'2016-07-08',4,1,4,266000.00),(164,212,'2019-06-04',4,2,5,213000.00),(165,137,'2011-12-13',4,1,5,159000.00),(166,560,'2020-09-28',4,1,5,116000.00),(167,863,'2019-05-09',4,1,3,99000.00),(168,294,'2015-12-16',2,3,5,180000.00),(169,548,'2011-08-28',2,3,5,174000.00),(170,802,'2014-10-11',3,2,1,285600.00),(171,429,'2013-06-24',1,1,5,65000.00),(172,957,'2021-04-17',5,2,1,248000.00),(173,580,'2015-03-10',4,2,4,127500.00),(174,653,'2017-12-19',4,2,3,113200.00),(175,570,'2016-09-05',3,2,3,273000.00),(176,191,'2020-09-30',5,2,1,330000.00),(177,852,'2015-02-18',2,3,5,405000.00),(178,797,'2019-04-10',2,3,5,177000.00),(179,922,'2011-07-19',5,1,3,168000.00),(180,106,'2019-07-26',2,2,5,35000.00),(181,26,'2019-06-20',5,3,5,320000.00),(182,422,'2015-07-26',1,3,5,114000.00),(183,102,'2018-12-29',5,2,4,324000.00),(184,937,'2014-03-25',1,1,4,258000.00),(185,346,'2017-03-27',4,3,5,177000.00),(186,278,'2014-05-06',4,1,3,279000.00),(187,527,'2015-05-18',3,2,3,157200.00),(188,847,'2012-09-20',2,2,4,150000.00),(189,749,'2018-02-05',4,1,3,148000.00),(190,539,'2019-07-29',5,3,5,217000.00),(191,590,'2020-11-22',4,1,4,170500.00),(192,871,'2012-05-31',1,2,4,43800.00),(193,292,'2012-04-27',5,2,4,204000.00),(194,515,'2016-03-08',5,1,3,180000.00),(195,390,'2013-04-08',2,3,5,270000.00),(196,500,'2016-12-20',2,3,5,219000.00),(197,428,'2020-12-28',5,3,5,294000.00),(198,246,'2018-02-02',3,3,5,238000.00),(199,354,'2013-06-14',2,3,5,125200.00),(200,619,'2020-10-02',1,1,4,178000.00),(201,930,'2019-05-01',5,1,4,405000.00),(202,510,'2019-09-27',4,2,4,240000.00),(203,759,'2013-08-06',2,2,4,332000.00),(204,257,'2019-10-15',3,2,1,91000.00),(205,272,'2017-07-03',3,1,4,327000.00),(206,864,'2020-04-09',2,3,5,304000.00),(207,57,'2016-04-25',5,3,5,26500.00),(208,741,'2013-02-22',1,1,4,158000.00),(209,162,'2016-06-20',2,3,5,342000.00),(210,279,'2019-12-06',2,3,5,78000.00),(211,3,'2012-06-25',3,2,5,77000.00),(212,876,'2019-12-13',2,3,5,164000.00),(213,500,'2015-08-10',5,3,5,347000.00),(214,521,'2020-08-07',1,2,4,163500.00),(215,146,'2012-12-21',2,1,3,250000.00),(216,506,'2015-11-13',1,2,3,276000.00),(217,6,'2013-05-19',1,3,5,169000.00),(218,37,'2016-04-16',5,3,5,190000.00),(219,200,'2018-01-05',1,2,1,142000.00),(220,416,'2011-07-30',3,3,5,234000.00),(221,673,'2017-10-21',3,1,4,247000.00),(222,841,'2015-07-10',1,1,4,313000.00),(223,347,'2014-09-27',2,2,5,178000.00),(224,967,'2013-01-02',2,3,5,241500.00),(225,954,'2021-01-22',4,2,4,120000.00),(226,732,'2018-02-08',5,3,5,212000.00),(227,225,'2012-10-22',5,3,5,162000.00),(228,207,'2018-02-19',2,1,4,200000.00),(229,145,'2021-02-20',3,1,4,127000.00),(230,409,'2017-03-26',3,2,3,97500.00),(231,571,'2013-06-30',5,2,5,226000.00),(232,912,'2016-01-07',3,3,5,246500.00),(233,305,'2013-03-07',1,3,5,270000.00),(234,822,'2020-02-12',5,2,5,138000.00),(235,897,'2020-02-09',5,3,5,336000.00),(236,670,'2020-02-07',5,2,5,205800.00),(237,840,'2011-09-09',5,1,4,249000.00),(238,577,'2018-01-03',1,1,4,93000.00),(239,7,'2018-07-07',3,1,5,145500.00),(240,236,'2014-02-10',5,3,5,212000.00),(241,724,'2019-02-16',2,1,5,375000.00),(242,809,'2018-10-15',4,3,5,288000.00),(243,269,'2020-01-31',2,2,5,199500.00),(244,218,'2021-03-12',3,1,4,312000.00),(245,385,'2011-09-16',3,3,5,211500.00),(246,654,'2014-07-26',2,1,3,225000.00),(247,756,'2019-05-07',4,3,5,298000.00),(248,511,'2013-11-09',1,2,2,167000.00),(249,938,'2017-07-06',1,3,5,107000.00),(250,668,'2019-08-03',3,3,5,142000.00),(251,843,'2012-01-13',2,1,4,174000.00),(252,970,'2020-11-09',5,1,5,229000.00),(253,455,'2013-09-11',2,1,3,384000.00),(254,271,'2012-01-04',3,1,3,62800.00),(255,635,'2021-02-01',2,2,3,337000.00),(256,767,'2021-01-28',5,2,5,60000.00),(257,627,'2012-09-15',1,3,5,216000.00),(258,487,'2016-02-21',3,1,5,191000.00),(259,76,'2013-02-16',1,2,5,237000.00),(260,334,'2016-03-27',4,2,2,223000.00),(261,822,'2017-04-26',5,1,5,217000.00),(262,194,'2013-07-06',3,2,4,126600.00),(263,369,'2019-11-07',4,3,5,276000.00),(264,493,'2012-08-19',1,1,4,194000.00),(265,816,'2015-03-08',2,3,5,201000.00),(266,41,'2020-10-17',4,3,5,309000.00),(267,941,'2021-03-24',2,3,5,135000.00),(268,834,'2019-08-20',1,3,5,179000.00),(269,484,'2015-06-17',3,1,3,276000.00),(270,411,'2017-04-26',5,2,2,333000.00),(271,716,'2017-09-14',5,3,5,95000.00),(272,943,'2014-03-08',5,1,3,252000.00),(273,414,'2017-07-13',2,3,5,282000.00),(274,937,'2014-04-15',4,2,1,212000.00),(275,575,'2014-03-18',1,1,3,156500.00),(276,28,'2013-01-27',1,2,3,249000.00),(277,674,'2016-02-01',5,3,5,159000.00),(278,342,'2014-04-12',3,2,3,176500.00),(279,740,'2013-04-16',3,3,5,136000.00),(280,415,'2012-05-16',2,1,3,345000.00),(281,727,'2015-01-03',2,3,5,147200.00),(282,887,'2016-07-23',5,1,4,264000.00),(283,651,'2016-04-21',2,3,5,130000.00),(284,760,'2011-08-02',1,3,5,98000.00),(285,371,'2013-06-26',4,3,5,225000.00),(286,977,'2016-09-30',4,2,2,183000.00),(287,541,'2018-08-03',2,2,2,348000.00),(288,562,'2015-08-28',4,1,4,282000.00),(289,801,'2014-10-15',1,1,5,115500.00),(290,798,'2014-01-26',2,2,3,362000.00),(291,845,'2020-10-15',4,2,4,304000.00),(292,676,'2012-07-08',2,2,2,131800.00),(293,396,'2018-10-15',2,3,5,162000.00),(294,804,'2019-01-20',2,3,5,255000.00),(295,673,'2016-06-22',3,1,3,127600.00),(296,87,'2012-02-20',3,3,5,83500.00),(297,511,'2013-09-16',3,2,5,246000.00),(298,267,'2017-03-07',1,2,4,172000.00),(299,311,'2012-01-02',5,1,5,263000.00),(300,753,'2020-02-23',1,2,3,243000.00),(301,279,'2015-05-15',3,1,3,101000.00),(302,690,'2012-03-05',2,2,2,259000.00),(303,295,'2014-09-07',3,1,3,128000.00),(304,203,'2016-01-21',5,1,3,193000.00),(305,527,'2017-07-03',2,3,5,356000.00),(306,206,'2020-11-14',5,1,4,80000.00),(307,853,'2015-03-21',2,1,3,192000.00),(308,722,'2012-02-23',3,3,5,239000.00),(309,998,'2020-03-18',1,1,4,241000.00),(310,23,'2014-06-06',4,2,2,154000.00),(311,582,'2018-06-18',4,3,5,117000.00),(312,443,'2019-09-17',3,3,5,102500.00),(313,855,'2014-10-28',1,3,5,117000.00),(314,899,'2019-03-20',2,1,3,316000.00),(315,500,'2013-07-18',1,3,5,89000.00),(316,776,'2016-01-30',3,2,4,200800.00),(317,777,'2018-12-23',5,1,5,244800.00),(318,653,'2017-09-29',2,2,4,209000.00),(319,587,'2019-12-12',1,3,5,193500.00),(320,423,'2020-05-08',3,1,4,110000.00),(321,348,'2018-10-05',2,3,5,285000.00),(322,301,'2011-07-12',2,2,5,314000.00),(323,531,'2011-12-14',4,3,5,300000.00),(324,692,'2014-10-07',2,3,5,159000.00),(325,631,'2014-01-16',3,1,3,216000.00),(326,449,'2019-09-05',5,3,5,147600.00),(327,111,'2020-05-22',2,2,3,216000.00),(328,271,'2015-08-29',5,2,2,129000.00),(329,588,'2017-09-27',1,2,1,201000.00),(330,779,'2014-04-11',2,3,5,192800.00),(331,320,'2011-06-19',3,1,3,246000.00),(332,701,'2011-12-16',4,1,5,204000.00),(333,199,'2015-05-26',1,2,3,182000.00),(334,159,'2014-11-14',5,2,4,75000.00),(335,517,'2012-06-16',2,1,5,240000.00),(336,550,'2015-10-08',4,2,1,198000.00),(337,765,'2014-03-13',3,1,3,414000.00),(338,966,'2014-02-05',5,1,3,204000.00),(339,384,'2015-05-07',3,2,4,185000.00),(340,723,'2020-03-05',3,2,1,194500.00),(341,213,'2020-02-04',1,1,5,85000.00),(342,742,'2013-07-16',1,1,3,136500.00),(343,593,'2014-11-26',3,3,5,177000.00),(344,378,'2017-02-16',5,2,1,253000.00),(345,337,'2013-05-15',5,1,3,120500.00),(346,272,'2016-02-26',3,1,4,156000.00),(347,165,'2013-04-13',3,2,2,240200.00),(348,325,'2019-11-29',1,3,5,160000.00),(349,779,'2020-07-16',2,1,3,150000.00),(350,709,'2016-03-16',5,3,5,405000.00),(351,395,'2017-05-03',2,3,5,130500.00),(352,760,'2018-04-25',4,3,5,211500.00),(353,407,'2014-10-12',1,2,4,132600.00),(354,753,'2011-10-01',5,1,4,232000.00),(355,768,'2019-03-13',3,3,5,213000.00),(356,537,'2013-08-24',2,1,4,273600.00),(357,165,'2020-08-26',2,2,3,225000.00),(358,756,'2012-09-07',3,3,5,310500.00),(359,239,'2014-08-28',1,2,2,342000.00),(360,217,'2019-06-16',1,2,3,86500.00),(361,228,'2013-10-31',1,1,3,38700.00),(362,761,'2013-07-04',4,1,5,159000.00),(363,252,'2017-08-25',4,1,5,203000.00),(364,818,'2013-07-10',1,1,4,214000.00),(365,939,'2017-01-24',2,3,5,189000.00),(366,609,'2019-05-20',4,1,5,101000.00),(367,679,'2013-05-30',2,2,2,78500.00),(368,380,'2012-06-29',4,1,3,277000.00),(369,929,'2012-02-10',5,2,2,181000.00),(370,809,'2020-10-01',2,2,3,420000.00),(371,631,'2014-05-14',2,2,2,156000.00),(372,241,'2014-01-06',1,1,5,181200.00),(373,143,'2013-02-23',3,3,5,246000.00),(374,961,'2020-12-31',4,3,5,195000.00),(375,433,'2017-02-08',5,1,5,324000.00),(376,890,'2021-03-25',4,1,3,51500.00),(377,513,'2014-02-05',4,3,5,75000.00),(378,284,'2013-02-03',2,2,3,246000.00),(379,603,'2018-08-04',3,3,5,75000.00),(380,219,'2015-02-15',3,3,5,212000.00),(381,494,'2019-10-09',4,3,5,243000.00),(382,489,'2016-05-09',1,3,5,159000.00),(383,941,'2018-08-24',4,2,3,166000.00),(384,140,'2018-02-14',4,1,5,241000.00),(385,434,'2016-12-27',4,3,5,69600.00),(386,262,'2011-06-28',2,2,4,190000.00),(387,193,'2019-02-17',1,2,2,108000.00),(388,434,'2021-03-20',3,2,1,280000.00),(389,564,'2017-06-16',4,2,5,135000.00),(390,837,'2017-05-16',1,2,5,98000.00),(391,526,'2019-08-27',1,1,4,50000.00),(392,755,'2019-11-25',5,1,3,197000.00),(393,529,'2012-06-12',2,1,3,273000.00),(394,952,'2018-09-01',1,1,4,105000.00),(395,457,'2013-07-22',1,3,5,298500.00),(396,488,'2017-06-04',2,1,3,339000.00),(397,88,'2015-06-07',1,2,2,307000.00),(398,887,'2013-11-26',4,1,3,278000.00),(399,830,'2017-01-09',2,3,5,185000.00),(400,561,'2015-01-01',4,1,3,277000.00),(401,119,'2020-07-13',4,3,5,166000.00),(402,516,'2013-11-07',1,2,3,166500.00),(403,1,'2018-01-22',3,2,2,297000.00),(404,143,'2016-10-08',4,1,4,113000.00),(405,822,'2018-08-27',4,3,5,390000.00),(406,637,'2014-07-01',4,2,2,291000.00),(407,355,'2018-09-23',2,2,5,282000.00),(408,439,'2013-03-06',4,2,1,172800.00),(409,287,'2014-05-15',1,3,5,282000.00),(410,865,'2016-06-21',1,1,4,282000.00),(411,396,'2013-04-10',2,1,4,199000.00),(412,132,'2018-04-16',4,3,5,118000.00),(413,192,'2011-09-22',4,2,3,82000.00),(414,517,'2016-12-17',3,1,3,217000.00),(415,929,'2019-08-26',2,3,5,189000.00),(416,527,'2020-09-04',4,3,5,127000.00),(417,141,'2016-01-30',2,2,3,246000.00),(418,567,'2017-10-26',5,3,5,100500.00),(419,4,'2017-08-17',3,1,3,95000.00),(420,969,'2014-06-27',1,2,1,76500.00),(421,257,'2018-12-15',3,3,5,316000.00),(422,145,'2017-06-22',4,3,5,129000.00),(423,806,'2013-03-20',4,3,5,155000.00),(424,426,'2017-02-28',1,3,5,219000.00),(425,478,'2016-07-05',4,1,3,203500.00),(426,859,'2016-03-05',4,1,5,303000.00),(427,18,'2013-04-27',2,3,5,252000.00),(428,439,'2011-10-27',3,2,2,260000.00),(429,52,'2020-06-20',1,2,3,408000.00),(430,213,'2012-07-04',5,2,3,303000.00),(431,187,'2017-11-29',4,2,1,135000.00),(432,438,'2016-06-29',4,3,5,51000.00),(433,714,'2015-12-08',1,1,5,162000.00),(434,786,'2020-12-23',3,2,1,191500.00),(435,215,'2013-10-23',4,2,1,329500.00),(436,205,'2013-05-12',3,2,3,260000.00),(437,955,'2013-01-19',3,1,4,426000.00),(438,843,'2013-02-28',5,3,5,418000.00),(439,494,'2012-05-07',1,2,5,122000.00),(440,201,'2013-03-18',3,3,5,149000.00),(441,236,'2019-12-03',2,3,5,182000.00),(442,547,'2018-04-07',3,3,5,193000.00),(443,804,'2014-10-26',2,1,5,201000.00),(444,70,'2020-04-22',5,2,3,335000.00),(445,410,'2015-05-04',1,1,4,206000.00),(446,8,'2019-12-07',2,1,5,303500.00),(447,457,'2018-08-15',1,2,1,226000.00),(448,141,'2018-06-14',2,2,2,170000.00),(449,514,'2011-09-18',5,3,5,78000.00),(450,416,'2012-03-23',4,1,5,269000.00),(451,437,'2014-06-30',1,1,3,286000.00),(452,353,'2016-07-14',4,3,5,255000.00),(453,762,'2017-07-06',1,1,4,174000.00),(454,462,'2015-10-12',3,3,5,224500.00),(455,243,'2015-10-31',1,1,4,400000.00),(456,538,'2016-03-12',5,2,1,264000.00),(457,705,'2013-08-06',1,2,5,143000.00),(458,935,'2019-02-20',3,3,5,78000.00),(459,370,'2014-04-18',4,3,5,234000.00),(460,548,'2018-08-02',2,2,5,252000.00),(461,710,'2015-11-23',3,3,5,74000.00),(462,386,'2016-06-09',4,2,4,190000.00),(463,105,'2016-12-26',5,1,4,405000.00),(464,142,'2015-09-22',4,3,5,98000.00),(465,849,'2020-08-24',1,2,5,223000.00),(466,324,'2016-05-06',1,3,5,74000.00),(467,912,'2020-06-28',1,3,5,196000.00),(468,707,'2019-09-25',3,2,2,257000.00),(469,145,'2017-05-06',2,2,1,274500.00),(470,15,'2016-09-24',1,1,4,192000.00),(471,817,'2012-12-01',5,2,4,348000.00),(472,448,'2016-07-31',5,2,2,160000.00),(473,939,'2019-01-24',3,1,4,294000.00),(474,987,'2015-06-29',4,3,5,167000.00),(475,674,'2017-12-09',1,2,3,112500.00),(476,137,'2018-09-14',2,3,5,160000.00),(477,165,'2019-11-07',2,3,5,105000.00),(478,649,'2018-12-19',2,2,1,198000.00),(479,342,'2016-07-04',3,3,5,118500.00),(480,5,'2019-01-07',3,1,3,327000.00),(481,431,'2014-05-18',3,1,4,280000.00),(482,404,'2018-08-13',2,1,3,190000.00),(483,689,'2016-12-29',2,2,2,280000.00),(484,155,'2015-10-16',3,1,4,370000.00),(485,470,'2012-11-05',1,2,4,293000.00),(486,599,'2019-07-07',1,3,5,166000.00),(487,2,'2015-05-16',3,2,2,166500.00),(488,362,'2015-07-12',3,1,4,303000.00),(489,39,'2013-03-31',1,3,5,157000.00),(490,817,'2018-08-21',2,2,4,134000.00),(491,682,'2019-04-17',3,2,4,360000.00),(492,388,'2019-05-18',4,1,4,124000.00),(493,541,'2020-02-20',2,2,1,175000.00),(494,483,'2019-04-27',4,3,5,166000.00),(495,750,'2020-05-20',5,2,1,292000.00),(496,628,'2011-07-31',5,1,4,97500.00),(497,775,'2011-12-08',2,3,5,288000.00),(498,12,'2019-01-04',5,1,4,159800.00),(499,183,'2013-10-08',1,2,3,167000.00),(500,880,'2019-09-29',4,2,1,303000.00),(501,684,'2012-04-24',1,1,3,264000.00),(502,308,'2016-01-16',1,2,5,48600.00),(503,614,'2018-12-11',2,3,5,221500.00),(504,244,'2016-02-14',5,1,3,100000.00),(505,688,'2017-09-09',4,2,2,247000.00),(506,694,'2015-09-18',5,2,4,213000.00),(507,463,'2018-11-15',1,2,4,117000.00),(508,27,'2015-02-01',3,1,3,232000.00),(509,431,'2015-01-29',1,1,3,334000.00),(510,659,'2011-08-24',2,3,5,165000.00),(511,532,'2018-09-01',2,2,5,161600.00),(512,466,'2016-12-22',1,3,5,175000.00),(513,33,'2016-02-29',2,3,5,183500.00),(514,714,'2021-02-15',3,3,5,126600.00),(515,472,'2014-09-09',3,1,3,224000.00),(516,332,'2016-11-25',5,2,5,285000.00),(517,621,'2020-11-27',5,3,5,312000.00),(518,31,'2012-04-04',5,1,5,199200.00),(519,636,'2020-09-26',3,1,4,245500.00),(520,986,'2018-11-14',4,1,5,279000.00),(521,244,'2015-11-15',5,3,5,164500.00),(522,949,'2018-01-28',3,1,3,123000.00),(523,375,'2015-09-13',4,1,5,199800.00),(524,984,'2017-03-26',5,1,3,109500.00),(525,1000,'2017-06-09',2,2,1,221000.00),(526,130,'2018-07-14',5,2,1,75500.00),(527,834,'2011-06-17',5,1,5,282000.00),(528,476,'2015-02-05',2,3,5,184000.00),(529,482,'2016-03-20',2,1,5,213000.00),(530,420,'2015-02-21',5,2,1,231000.00),(531,952,'2015-11-20',2,3,5,164700.00),(532,723,'2021-04-26',4,1,4,165000.00),(533,836,'2016-06-11',4,2,2,98500.00),(534,256,'2012-08-26',1,3,5,301000.00),(535,914,'2017-12-05',5,3,5,157000.00),(536,798,'2014-06-12',1,2,4,104000.00),(537,997,'2017-01-24',3,3,5,229500.00),(538,948,'2013-04-04',1,3,5,117000.00),(539,842,'2011-06-05',2,3,5,208000.00),(540,503,'2012-07-06',2,3,5,163000.00),(541,505,'2014-01-29',5,3,5,244000.00),(542,625,'2018-05-12',3,2,3,177000.00),(543,365,'2020-03-25',5,3,5,201000.00),(544,621,'2017-10-17',1,1,4,168600.00),(545,462,'2014-01-03',1,2,4,267000.00),(546,982,'2012-01-26',4,2,3,210000.00),(547,691,'2016-03-13',1,2,5,158000.00),(548,497,'2016-10-09',2,1,4,181000.00),(549,412,'2011-11-28',3,3,5,307000.00),(550,880,'2020-11-19',2,2,4,147000.00),(551,114,'2020-04-17',5,3,5,186000.00),(552,165,'2018-08-11',2,2,4,134000.00),(553,277,'2014-02-01',1,1,3,211000.00),(554,371,'2020-09-08',3,1,5,169800.00),(555,266,'2019-03-21',3,2,2,320000.00),(556,774,'2017-07-27',1,3,5,279000.00),(557,661,'2014-05-29',2,1,4,109000.00),(558,82,'2014-12-05',5,2,1,316000.00),(559,254,'2017-03-17',3,2,3,156000.00),(560,357,'2013-07-21',2,1,4,64100.00),(561,592,'2013-01-04',3,2,2,306000.00),(562,974,'2014-06-05',4,2,1,187000.00),(563,679,'2020-11-20',5,2,5,111000.00),(564,705,'2016-04-25',4,2,1,167000.00),(565,382,'2019-09-20',5,2,2,172000.00),(566,745,'2019-07-11',3,1,3,169000.00),(567,54,'2015-10-04',5,2,3,166000.00),(568,135,'2012-03-25',2,1,3,196000.00),(569,290,'2017-04-28',1,3,5,274000.00),(570,300,'2013-07-14',2,3,5,64800.00),(571,785,'2018-01-13',5,2,5,171000.00),(572,47,'2019-08-16',5,1,3,87500.00),(573,169,'2016-09-02',4,3,5,130000.00),(574,336,'2016-04-17',2,1,3,264000.00),(575,756,'2017-05-06',3,2,3,174000.00),(576,244,'2014-06-08',2,2,3,256500.00),(577,769,'2017-06-02',4,3,5,150000.00),(578,30,'2016-07-13',5,1,5,217200.00),(579,492,'2017-06-06',3,3,5,279000.00),(580,514,'2020-10-28',3,2,4,144000.00),(581,323,'2021-04-07',1,1,4,237000.00),(582,603,'2016-10-06',2,3,5,260000.00),(583,293,'2014-11-28',2,1,4,264000.00),(584,926,'2016-08-13',2,1,3,136200.00),(585,391,'2019-09-18',4,2,1,172000.00),(586,308,'2014-11-17',4,1,3,222000.00),(587,763,'2018-04-16',5,1,5,213000.00),(588,247,'2015-05-08',4,1,3,89000.00),(589,79,'2017-06-10',3,2,4,286500.00),(590,307,'2012-03-02',5,3,5,209000.00),(591,612,'2015-05-27',2,2,2,264000.00),(592,789,'2020-03-03',2,3,5,219000.00),(593,539,'2015-10-21',3,2,1,200000.00),(594,544,'2013-10-23',3,3,5,225000.00),(595,295,'2012-12-18',3,3,5,102500.00),(596,438,'2015-01-16',3,2,2,219000.00),(597,418,'2014-12-19',4,2,5,215800.00),(598,121,'2012-02-03',4,3,5,267000.00),(599,30,'2020-12-27',4,2,3,360000.00),(600,460,'2020-08-01',2,3,5,189000.00),(601,895,'2015-01-25',5,1,5,156000.00),(602,387,'2018-11-26',3,2,3,276000.00),(603,926,'2015-07-14',4,1,5,192000.00),(604,401,'2016-06-20',4,2,5,181000.00),(605,476,'2020-03-26',1,1,3,114600.00),(606,360,'2011-09-09',4,3,5,210000.00),(607,2,'2018-07-23',1,3,5,248000.00),(608,624,'2018-10-09',1,2,2,231000.00),(609,564,'2015-04-05',3,3,5,151200.00),(610,741,'2014-06-28',4,2,1,42000.00),(611,8,'2012-11-09',3,1,3,203000.00),(612,590,'2012-06-06',1,3,5,163500.00),(613,678,'2017-03-24',3,1,4,184000.00),(614,915,'2013-05-22',1,1,3,277000.00),(615,616,'2013-05-22',4,2,3,279000.00),(616,684,'2011-06-27',3,3,5,303000.00),(617,502,'2012-11-05',3,3,5,92500.00),(618,357,'2017-02-22',4,1,5,308000.00),(619,954,'2015-12-07',1,1,4,86200.00),(620,589,'2021-04-03',2,1,4,300000.00),(621,128,'2016-01-19',4,1,4,163500.00),(622,313,'2017-05-20',3,2,3,297000.00),(623,172,'2012-04-08',2,2,3,112000.00),(624,578,'2020-03-21',3,1,3,210000.00),(625,121,'2021-01-19',5,3,5,348000.00),(626,216,'2014-06-08',4,1,4,245500.00),(627,892,'2016-07-22',3,3,5,160000.00),(628,65,'2020-10-07',5,3,5,89000.00),(629,646,'2021-04-09',4,2,5,97500.00),(630,148,'2013-06-05',4,2,3,190800.00),(631,320,'2019-11-07',1,2,4,180000.00),(632,635,'2020-01-13',3,1,3,237000.00),(633,965,'2014-09-10',5,2,4,100000.00),(634,291,'2016-12-09',1,3,5,227000.00),(635,343,'2020-12-12',2,2,2,165000.00),(636,26,'2017-08-24',3,1,3,153000.00),(637,628,'2016-03-06',1,1,5,195000.00),(638,277,'2013-07-24',5,2,4,195000.00),(639,393,'2014-01-06',5,1,4,67500.00),(640,902,'2015-04-07',1,2,4,216000.00),(641,799,'2013-03-20',1,1,4,198000.00),(642,602,'2016-03-03',2,2,2,330000.00),(643,788,'2018-03-16',4,2,4,289000.00),(644,836,'2013-12-31',2,2,5,299000.00),(645,251,'2015-11-05',1,1,4,166000.00),(646,644,'2011-10-24',1,1,3,205000.00),(647,62,'2019-12-30',2,3,5,206000.00),(648,993,'2017-11-11',3,2,5,219000.00),(649,95,'2015-06-02',1,3,5,176000.00),(650,641,'2013-07-14',4,3,5,129000.00),(651,213,'2016-01-03',2,1,4,273000.00),(652,33,'2019-12-31',3,3,5,129000.00),(653,857,'2018-05-11',1,2,1,61200.00),(654,452,'2012-08-10',4,2,5,279000.00),(655,199,'2016-12-03',4,3,5,220000.00),(656,871,'2012-05-23',4,2,1,213000.00),(657,710,'2015-08-20',1,1,5,292000.00),(658,282,'2011-06-02',5,3,5,164000.00),(659,252,'2016-12-09',5,2,1,324000.00),(660,949,'2015-11-02',4,3,5,220000.00),(661,956,'2014-01-19',2,1,5,231000.00),(662,579,'2012-04-29',3,3,5,112800.00),(663,845,'2018-12-12',2,3,5,249000.00),(664,532,'2018-02-05',5,3,5,115000.00),(665,302,'2016-04-07',3,1,3,206000.00),(666,488,'2012-04-11',3,2,4,149200.00),(667,965,'2015-06-01',1,3,5,211500.00),(668,519,'2015-07-04',4,1,5,187000.00),(669,974,'2020-01-15',1,1,3,141000.00),(670,957,'2012-07-30',1,1,5,233000.00),(671,425,'2018-11-13',3,1,5,166000.00),(672,102,'2018-02-04',5,2,4,154500.00),(673,114,'2015-08-31',5,3,5,216600.00),(674,725,'2015-03-12',5,1,4,199000.00),(675,97,'2017-12-31',1,2,4,316000.00),(676,491,'2018-11-15',1,2,2,248000.00),(677,493,'2014-02-21',2,2,2,187000.00),(678,634,'2018-11-22',2,2,2,193000.00),(679,740,'2013-12-03',2,1,3,496000.00),(680,948,'2020-07-22',3,1,5,354000.00),(681,303,'2017-10-14',4,3,5,324000.00),(682,527,'2016-08-07',5,1,4,349000.00),(683,23,'2019-07-22',1,2,3,165000.00),(684,150,'2016-01-28',4,1,4,129000.00),(685,255,'2011-06-24',3,3,5,149500.00),(686,199,'2017-08-10',2,1,4,459000.00),(687,898,'2012-04-01',4,2,5,265000.00),(688,303,'2013-05-04',2,2,3,240600.00),(689,354,'2016-09-10',5,3,5,136000.00),(690,327,'2011-09-05',4,3,5,303000.00),(691,77,'2016-07-24',1,1,3,224000.00),(692,296,'2016-10-08',2,1,5,249000.00),(693,890,'2013-07-29',5,1,4,359000.00),(694,870,'2013-09-24',4,2,2,154000.00),(695,574,'2013-06-05',3,2,3,217500.00),(696,222,'2013-02-27',3,1,3,57000.00),(697,420,'2021-02-15',5,1,5,349000.00),(698,758,'2014-03-19',1,2,2,489000.00),(699,468,'2020-06-12',5,1,4,110000.00),(700,166,'2012-06-18',4,2,3,292000.00),(701,46,'2011-09-20',4,2,1,74600.00),(702,126,'2016-01-05',3,2,4,321000.00),(703,481,'2018-07-31',4,1,4,153000.00),(704,253,'2017-05-18',2,2,2,44000.00),(705,41,'2019-01-01',3,3,5,198000.00),(706,520,'2016-11-16',2,1,4,390000.00),(707,917,'2011-11-22',2,2,4,186000.00),(708,642,'2018-04-22',3,1,3,261000.00),(709,215,'2016-08-31',4,1,3,115000.00),(710,497,'2019-03-14',4,3,5,304000.00),(711,503,'2015-03-24',5,1,3,510000.00),(712,525,'2018-07-20',2,1,4,175000.00),(713,960,'2018-01-28',2,1,5,142500.00),(714,891,'2017-05-31',4,2,3,309000.00),(715,548,'2021-01-15',4,3,5,249000.00),(716,540,'2020-09-30',1,3,5,321000.00),(717,705,'2017-04-05',1,1,3,480000.00),(718,229,'2017-05-22',4,3,5,289000.00),(719,670,'2013-05-17',4,2,2,384000.00),(720,421,'2018-10-03',1,3,5,162000.00),(721,669,'2018-08-18',5,1,3,181000.00),(722,55,'2021-04-30',1,1,4,164000.00),(723,11,'2020-08-31',5,2,1,261000.00),(724,406,'2013-01-29',1,1,3,300000.00),(725,965,'2018-07-24',5,2,4,205000.00),(726,207,'2011-11-05',2,1,5,189000.00),(727,955,'2019-05-02',2,1,3,190000.00),(728,98,'2018-09-21',2,2,4,202000.00),(729,149,'2019-08-10',3,3,5,208800.00),(730,774,'2013-08-19',4,3,5,348000.00),(731,920,'2013-07-04',1,3,5,138000.00),(732,766,'2017-01-21',3,3,5,94200.00),(733,257,'2016-11-26',4,1,4,197000.00),(734,949,'2019-04-30',2,2,5,161000.00),(735,645,'2020-07-09',5,3,5,233000.00),(736,879,'2020-01-26',2,2,2,89000.00),(737,996,'2021-01-21',4,1,4,229000.00),(738,230,'2019-12-01',3,1,4,348000.00),(739,729,'2018-05-31',4,3,5,247000.00),(740,635,'2012-02-08',4,1,4,381000.00),(741,900,'2013-12-11',3,1,3,168000.00),(742,305,'2019-04-07',4,3,5,156000.00),(743,260,'2015-11-05',1,2,3,241000.00),(744,885,'2013-06-12',4,3,5,338000.00),(745,948,'2011-08-21',4,2,2,167000.00),(746,959,'2015-06-03',1,1,5,176000.00),(747,648,'2016-08-01',2,3,5,231000.00),(748,751,'2016-06-17',2,3,5,193500.00),(749,233,'2019-11-22',3,2,4,128000.00),(750,552,'2020-01-26',2,2,2,227600.00),(751,464,'2020-01-01',2,1,3,188000.00),(752,405,'2014-02-02',4,1,4,207000.00),(753,81,'2015-08-16',5,3,5,78000.00),(754,929,'2015-06-26',5,3,5,276000.00),(755,18,'2014-10-25',5,3,5,179000.00),(756,548,'2018-06-08',1,3,5,331000.00),(757,54,'2013-02-23',1,3,5,261000.00),(758,60,'2020-05-14',3,2,2,144000.00),(759,501,'2017-08-30',2,1,3,82000.00),(760,954,'2015-04-15',4,2,3,387000.00),(761,203,'2016-12-01',2,2,4,37300.00),(762,217,'2014-04-26',1,2,3,148000.00),(763,130,'2019-09-30',5,2,1,252000.00),(764,630,'2020-07-19',3,2,3,138000.00),(765,911,'2012-08-31',2,3,5,116000.00),(766,569,'2020-06-18',2,2,5,186000.00),(767,391,'2018-07-07',5,1,4,211000.00),(768,325,'2019-05-08',4,1,4,201000.00),(769,922,'2018-12-09',2,3,5,54000.00),(770,666,'2012-04-03',2,1,4,183600.00),(771,296,'2018-11-01',2,2,4,118000.00),(772,279,'2020-01-12',4,1,5,202000.00),(773,717,'2012-10-21',1,3,5,134000.00),(774,977,'2020-09-06',2,2,5,130000.00),(775,572,'2012-07-25',2,3,5,83000.00),(776,909,'2011-09-30',1,2,4,269000.00),(777,516,'2014-01-25',2,3,5,165500.00),(778,40,'2014-05-31',1,2,5,156000.00),(779,8,'2012-06-15',3,3,5,257000.00),(780,801,'2015-04-08',4,1,4,117000.00),(781,455,'2014-04-03',2,2,2,150000.00),(782,316,'2018-01-02',3,2,4,372000.00),(783,965,'2018-03-13',5,2,4,183000.00),(784,50,'2012-10-31',1,1,4,210000.00),(785,373,'2014-07-19',3,1,3,171000.00),(786,224,'2018-07-08',5,3,5,300000.00),(787,967,'2015-06-01',5,1,4,196000.00),(788,401,'2016-09-23',5,2,3,220000.00),(789,186,'2017-09-04',4,3,5,120000.00),(790,176,'2017-01-13',5,2,2,183000.00),(791,596,'2015-08-02',1,3,5,138000.00),(792,415,'2016-10-19',3,1,4,157500.00),(793,852,'2013-02-19',4,2,3,363000.00),(794,376,'2012-10-11',3,3,5,128000.00),(795,797,'2020-06-15',3,2,3,268000.00),(796,298,'2018-06-10',3,2,1,144500.00),(797,119,'2013-08-06',1,1,5,207000.00),(798,939,'2016-03-12',5,1,3,138000.00),(799,650,'2019-07-04',4,1,5,265000.00),(800,933,'2020-01-05',2,2,5,262000.00),(801,295,'2019-02-16',1,2,5,147000.00),(802,503,'2014-03-03',3,1,5,179000.00),(803,21,'2019-07-12',4,3,5,390000.00),(804,163,'2018-04-01',4,2,4,350000.00),(805,498,'2012-09-06',1,1,4,304500.00),(806,880,'2013-02-19',1,3,5,131800.00),(807,929,'2011-07-22',4,1,4,222000.00),(808,280,'2012-02-12',1,2,2,150000.00),(809,637,'2016-03-31',3,2,4,372000.00),(810,65,'2013-12-31',1,2,4,192000.00),(811,412,'2013-07-12',3,1,4,155000.00),(812,667,'2016-07-17',4,2,2,396000.00),(813,712,'2014-06-15',3,2,5,135000.00),(814,774,'2015-06-05',4,3,5,195000.00),(815,45,'2019-04-25',5,2,4,459000.00),(816,622,'2018-02-24',4,1,5,151000.00),(817,607,'2020-11-04',3,2,5,135000.00),(818,802,'2019-06-30',5,3,5,414000.00),(819,147,'2014-03-19',5,3,5,174000.00),(820,216,'2015-01-30',3,3,5,276000.00),(821,966,'2016-05-06',1,2,1,322000.00),(822,908,'2019-07-03',2,3,5,239500.00),(823,904,'2013-02-27',4,3,5,80500.00),(824,94,'2011-07-15',5,3,5,208000.00),(825,151,'2014-12-30',3,3,5,197000.00),(826,397,'2014-07-29',1,1,3,183000.00),(827,593,'2020-05-23',1,1,3,261000.00),(828,966,'2020-01-07',1,2,4,240000.00),(829,385,'2017-03-04',1,1,5,192000.00),(830,856,'2011-08-07',3,1,3,253000.00),(831,918,'2014-12-17',4,3,5,144000.00),(832,906,'2017-10-26',4,1,3,231000.00),(833,440,'2011-12-03',2,2,3,141000.00),(834,9,'2013-02-18',1,1,5,314800.00),(835,364,'2012-10-12',1,2,2,428000.00),(836,729,'2017-11-09',2,3,5,246000.00),(837,559,'2012-12-15',2,2,4,366000.00),(838,861,'2012-09-15',2,3,5,281000.00),(839,900,'2019-11-21',2,2,2,209500.00),(840,942,'2013-11-09',4,3,5,185000.00),(841,361,'2017-08-15',2,2,4,107200.00),(842,35,'2013-02-13',5,3,5,78200.00),(843,432,'2013-06-26',5,1,3,104000.00),(844,863,'2012-06-18',3,2,3,153000.00),(845,274,'2018-01-03',1,1,5,300000.00),(846,544,'2020-04-07',1,2,1,44000.00),(847,121,'2016-05-03',3,2,4,186300.00),(848,404,'2018-02-07',4,1,5,95000.00),(849,406,'2012-11-03',3,2,4,228000.00),(850,205,'2019-03-10',5,3,5,194000.00),(851,716,'2017-06-18',4,2,3,438000.00),(852,812,'2012-02-12',5,2,3,160000.00),(853,962,'2016-10-21',4,3,5,179000.00),(854,805,'2016-07-15',1,1,4,192000.00),(855,306,'2020-03-14',1,1,3,264000.00),(856,364,'2012-09-05',2,3,5,157000.00),(857,487,'2011-05-25',2,1,3,262000.00),(858,425,'2013-09-06',5,1,4,131000.00),(859,259,'2013-08-17',5,1,5,90000.00),(860,695,'2016-06-09',2,3,5,186000.00),(861,882,'2020-05-08',3,1,5,210000.00),(862,678,'2020-06-24',4,1,3,403000.00),(863,210,'2013-04-07',3,2,3,292000.00),(864,619,'2015-04-13',5,2,1,152000.00),(865,327,'2012-07-30',5,3,5,360000.00),(866,702,'2014-11-12',4,2,2,258000.00),(867,918,'2019-05-05',4,2,2,84000.00),(868,144,'2018-04-18',5,1,3,186000.00),(869,118,'2012-09-09',3,2,3,208000.00),(870,381,'2015-09-04',4,1,5,231000.00),(871,681,'2015-11-29',1,1,5,300000.00),(872,876,'2018-03-18',2,1,4,206000.00),(873,402,'2015-06-06',1,3,5,190500.00),(874,398,'2014-08-07',4,1,4,76000.00),(875,175,'2014-01-01',5,3,5,290000.00),(876,473,'2015-05-28',1,2,5,330000.00),(877,514,'2018-01-03',1,3,5,157500.00),(878,373,'2015-07-24',4,1,3,230000.00),(879,132,'2019-12-24',4,1,3,145500.00),(880,591,'2018-03-11',5,2,5,429000.00),(881,320,'2012-04-08',5,1,3,139500.00),(882,311,'2020-11-01',3,2,4,408000.00),(883,965,'2017-07-17',5,1,3,282000.00),(884,136,'2017-02-13',4,2,3,222000.00),(885,651,'2018-12-24',4,2,5,201000.00),(886,868,'2019-08-07',3,1,4,127000.00),(887,759,'2019-02-04',2,2,1,183000.00),(888,309,'2012-09-08',2,2,2,221000.00),(889,241,'2015-07-26',1,2,1,127000.00),(890,661,'2012-12-02',1,2,4,318000.00),(891,636,'2015-05-16',1,1,4,200000.00),(892,655,'2018-03-27',1,3,5,192000.00),(893,357,'2018-04-08',4,3,5,273000.00),(894,289,'2020-02-22',2,1,4,375000.00),(895,405,'2019-04-28',3,2,5,253800.00),(896,15,'2015-03-09',1,3,5,160000.00),(897,430,'2019-01-01',4,3,5,288000.00),(898,162,'2018-07-17',1,3,5,198200.00),(899,509,'2012-04-10',2,3,5,252000.00),(900,740,'2014-08-03',1,1,3,147600.00),(901,473,'2015-09-25',1,1,4,336000.00),(902,685,'2014-02-14',2,1,5,258000.00),(903,998,'2013-12-29',1,2,2,122000.00),(904,312,'2013-11-04',3,3,5,144000.00),(905,374,'2013-02-13',5,1,5,224000.00),(906,655,'2018-01-30',4,3,5,157000.00),(907,636,'2017-02-27',4,1,5,62800.00),(908,206,'2012-01-17',2,1,5,198000.00),(909,555,'2016-04-12',4,3,5,85000.00),(910,217,'2020-10-19',3,1,3,186000.00),(911,133,'2017-06-02',4,1,4,437000.00),(912,315,'2014-03-20',3,3,5,96000.00),(913,166,'2012-02-08',5,1,4,300000.00),(914,761,'2016-07-06',4,3,5,447000.00),(915,122,'2015-12-12',1,2,1,156000.00),(916,572,'2014-10-26',4,2,2,132000.00),(917,573,'2016-01-23',5,3,5,162600.00),(918,602,'2012-07-02',1,3,5,49800.00),(919,805,'2016-06-28',3,2,2,250000.00),(920,674,'2017-06-19',2,3,5,165000.00),(921,568,'2015-03-18',4,2,4,134500.00),(922,473,'2018-11-14',1,2,3,205000.00),(923,817,'2011-11-29',5,3,5,192000.00),(924,658,'2020-08-05',5,1,4,224000.00),(925,616,'2017-08-10',3,2,4,264000.00),(926,375,'2016-02-28',5,3,5,156000.00),(927,671,'2015-12-31',3,2,2,84500.00),(928,124,'2011-11-27',1,2,1,124000.00),(929,367,'2019-01-11',4,2,2,192000.00),(930,636,'2012-01-25',3,3,5,277800.00),(931,234,'2015-03-17',5,2,5,405000.00),(932,318,'2020-01-20',3,1,5,108000.00),(933,459,'2013-04-13',2,1,4,192000.00),(934,379,'2016-11-15',3,3,5,188000.00),(935,312,'2018-11-16',4,2,1,184800.00),(936,771,'2020-06-19',2,2,4,178000.00),(937,937,'2020-07-18',4,3,5,183000.00),(938,183,'2013-08-08',1,3,5,342500.00),(939,881,'2016-09-13',4,3,5,252000.00),(940,506,'2016-08-10',1,3,5,116000.00),(941,104,'2021-01-04',5,2,3,372000.00),(942,403,'2014-11-02',4,2,5,148000.00),(943,65,'2020-08-04',4,3,5,281000.00),(944,72,'2015-11-15',2,2,1,280200.00),(945,850,'2013-07-01',4,1,5,205000.00),(946,614,'2015-05-13',4,1,5,186500.00),(947,447,'2011-10-14',5,1,4,306000.00),(948,43,'2015-01-27',3,3,5,196000.00),(949,816,'2014-12-23',5,1,3,285000.00),(950,883,'2016-03-08',1,2,1,279000.00),(951,703,'2011-05-16',4,1,3,318000.00),(952,315,'2016-08-02',2,1,3,154500.00),(953,684,'2015-12-28',2,3,5,285000.00),(954,934,'2013-07-03',2,1,5,102000.00),(955,543,'2017-03-24',2,1,4,96500.00),(956,905,'2011-07-09',3,3,5,263000.00),(957,234,'2014-11-17',5,3,5,249000.00),(958,562,'2013-03-14',4,2,5,232000.00),(959,805,'2016-04-03',4,1,3,300000.00),(960,604,'2013-03-29',3,2,2,264000.00),(961,208,'2019-11-12',2,2,4,207000.00),(962,375,'2018-05-02',4,1,5,123000.00),(963,1,'2017-05-18',3,3,5,168000.00),(964,738,'2020-04-22',1,3,5,382000.00),(965,805,'2015-01-04',4,3,5,204000.00),(966,645,'2020-07-06',4,2,3,300000.00),(967,994,'2012-09-23',4,3,5,113800.00),(968,662,'2019-08-14',2,1,3,396000.00),(969,958,'2020-09-23',2,3,5,352000.00),(970,201,'2016-06-10',4,3,5,144500.00),(971,552,'2017-02-19',4,1,4,236000.00),(972,670,'2021-01-30',3,2,3,175800.00),(973,235,'2019-05-07',4,3,5,201000.00),(974,215,'2018-01-10',4,2,4,298000.00),(975,320,'2015-05-30',2,3,5,66000.00),(976,275,'2020-04-21',2,1,3,85500.00),(977,470,'2014-09-22',3,1,5,149000.00),(978,881,'2014-04-19',5,1,4,196000.00),(979,345,'2013-07-12',2,2,4,124000.00),(980,877,'2012-11-26',5,2,5,216000.00),(981,872,'2020-02-03',4,2,2,471000.00),(982,273,'2017-08-15',2,1,5,223200.00),(983,347,'2012-04-29',4,3,5,382000.00),(984,178,'2019-02-20',3,3,5,146000.00),(985,824,'2019-03-19',1,3,5,270000.00),(986,829,'2019-03-06',5,2,1,275000.00),(987,268,'2017-11-05',1,2,5,144000.00),(988,821,'2016-03-22',3,1,4,168000.00),(989,839,'2014-04-21',2,2,5,205000.00),(990,829,'2020-12-08',2,2,1,180000.00),(991,642,'2016-12-01',4,1,4,182000.00),(992,716,'2015-07-31',4,2,1,66000.00),(993,55,'2018-06-22',2,3,5,233000.00),(994,118,'2016-06-22',5,3,5,135800.00),(995,553,'2016-07-22',5,1,5,168000.00),(996,165,'2020-12-01',4,3,5,300000.00),(997,61,'2011-07-16',1,2,1,233000.00),(998,734,'2014-04-04',5,1,5,194000.00),(999,286,'2013-05-31',2,2,3,133000.00),(1000,166,'2020-02-06',3,3,5,310000.00),(1001,876,'2019-01-24',1,2,3,6600.00),(1002,524,'2016-01-02',3,2,3,30000.00),(1003,404,'2013-12-11',3,3,5,15000.00),(1004,681,'2016-02-28',2,1,5,33000.00),(1005,655,'2012-11-15',4,3,5,104000.00),(1006,614,'2017-05-07',3,2,1,90000.00),(1007,160,'2015-10-19',4,1,5,60000.00),(1008,566,'2016-05-26',3,2,3,36000.00),(1009,689,'2015-09-21',1,3,5,15000.00),(1010,370,'2016-12-19',1,3,5,45000.00),(1011,966,'2012-07-21',3,1,3,24000.00),(1012,238,'2016-08-05',3,2,1,6600.00),(1013,458,'2019-02-11',3,1,5,111000.00),(1014,100,'2017-03-16',1,3,5,96000.00),(1015,419,'2019-01-26',2,1,3,60000.00),(1016,86,'2020-07-17',5,2,5,20000.00),(1017,968,'2015-03-02',3,1,3,96000.00),(1018,141,'2011-08-09',1,1,4,156000.00),(1019,98,'2014-10-28',4,3,5,48000.00),(1020,262,'2017-05-29',1,2,5,20000.00),(1021,270,'2014-11-04',2,1,5,11000.00),(1022,109,'2015-03-01',1,1,4,180000.00),(1023,699,'2012-11-17',2,2,1,19800.00),(1024,404,'2019-01-10',2,2,4,25000.00),(1025,47,'2017-12-09',2,3,5,144000.00),(1026,759,'2019-12-16',3,1,3,96000.00),(1027,249,'2015-10-27',5,1,4,48000.00),(1028,88,'2017-12-14',3,1,5,40000.00),(1029,379,'2011-08-24',3,1,5,144000.00),(1030,365,'2016-09-15',1,2,1,48000.00),(1031,331,'2019-10-14',2,3,5,30000.00),(1032,663,'2014-12-24',4,1,3,45000.00),(1033,623,'2017-01-02',2,1,5,52000.00),(1034,199,'2020-05-07',4,2,4,52000.00),(1035,712,'2018-07-02',5,2,5,135000.00),(1036,816,'2011-11-02',3,3,5,7500.00),(1037,180,'2016-03-31',1,3,5,30000.00),(1038,144,'2016-04-19',2,1,3,25000.00),(1039,376,'2012-05-29',5,1,4,42000.00),(1040,443,'2021-04-10',5,2,3,135000.00),(1041,917,'2011-11-12',5,3,5,33000.00),(1042,249,'2014-09-25',1,1,4,48000.00),(1043,616,'2020-01-26',5,3,5,11000.00),(1044,213,'2012-12-04',2,2,5,90000.00),(1045,665,'2016-12-22',2,2,5,48000.00),(1046,123,'2014-10-01',5,3,5,135000.00),(1047,977,'2012-03-20',4,3,5,144000.00),(1048,268,'2012-08-15',2,3,5,144000.00),(1049,204,'2013-07-13',2,3,5,6600.00),(1050,934,'2016-03-06',1,1,3,11000.00),(1051,553,'2015-01-19',3,2,4,90000.00),(1052,237,'2011-05-28',5,3,5,57000.00),(1053,341,'2014-01-05',4,3,5,25000.00),(1054,894,'2016-03-25',4,2,2,11000.00),(1055,746,'2015-09-10',4,2,1,16500.00),(1056,189,'2018-09-05',5,1,3,90000.00),(1057,230,'2015-11-17',4,1,4,16500.00),(1058,252,'2020-07-28',1,2,4,90000.00),(1059,230,'2018-06-07',2,1,5,36000.00),(1060,560,'2012-11-16',3,1,3,30000.00),(1061,370,'2015-11-10',1,3,5,64000.00),(1062,803,'2016-01-08',3,3,5,57000.00),(1063,925,'2014-08-25',2,2,3,123000.00),(1064,84,'2012-02-28',3,1,3,96000.00),(1065,738,'2019-08-15',1,3,5,135000.00),(1066,550,'2013-12-30',1,1,3,50000.00),(1067,767,'2014-09-05',5,3,5,50000.00),(1068,385,'2011-07-19',3,3,5,48000.00),(1069,552,'2018-08-14',5,1,5,24000.00),(1070,791,'2017-04-17',1,1,4,15000.00),(1071,356,'2019-03-13',1,3,5,12000.00),(1072,858,'2020-02-12',4,3,5,41000.00),(1073,874,'2017-02-18',3,2,3,42000.00),(1074,776,'2017-07-31',2,1,4,135000.00),(1075,509,'2018-06-04',5,1,3,48000.00),(1076,322,'2020-04-23',4,3,5,90000.00),(1077,821,'2018-04-25',2,2,5,54000.00),(1078,554,'2012-05-28',4,3,5,144000.00),(1079,538,'2011-12-05',4,2,4,52000.00),(1080,243,'2016-03-30',4,3,5,52000.00),(1081,849,'2015-10-03',5,1,4,144000.00),(1082,854,'2018-06-19',5,2,2,30000.00),(1083,371,'2019-12-11',5,2,4,74000.00),(1084,806,'2013-04-02',4,1,4,60000.00),(1085,465,'2015-01-25',4,3,5,5500.00),(1086,234,'2016-07-03',2,3,5,50000.00),(1087,917,'2018-02-01',3,3,5,11000.00),(1088,555,'2011-05-15',4,3,5,45000.00),(1089,662,'2018-09-21',2,1,4,16000.00),(1090,866,'2016-08-05',1,3,5,22000.00),(1091,189,'2016-11-19',2,2,1,48000.00),(1092,42,'2014-05-01',4,3,5,6600.00),(1093,307,'2016-03-04',5,1,5,13200.00),(1094,987,'2017-08-19',3,2,2,52000.00),(1095,360,'2014-08-17',4,1,3,90000.00),(1096,649,'2016-08-13',1,3,5,25000.00),(1097,645,'2018-06-08',5,2,3,45000.00),(1098,372,'2013-08-24',2,1,5,50000.00),(1099,632,'2014-02-20',4,2,4,135000.00),(1100,544,'2013-09-22',3,1,4,90000.00),(1101,228,'2018-05-21',4,1,3,70000.00),(1102,291,'2017-06-22',4,1,5,306000.00),(1103,975,'2016-10-01',3,1,5,210000.00),(1104,773,'2014-07-05',3,3,5,144000.00),(1105,475,'2019-10-12',2,1,5,95500.00),(1106,949,'2020-05-30',3,2,5,117000.00),(1107,987,'2013-10-06',3,1,4,111000.00),(1108,326,'2015-09-09',3,1,4,84000.00),(1109,452,'2011-07-13',4,3,5,44000.00),(1110,925,'2016-10-25',4,2,1,176000.00),(1111,933,'2015-06-28',1,3,5,70000.00),(1112,810,'2013-12-02',5,3,5,141000.00),(1113,264,'2011-11-05',2,2,1,56000.00),(1114,200,'2020-06-09',2,2,1,171000.00),(1115,47,'2019-08-05',5,2,4,178000.00),(1116,688,'2012-01-18',1,1,4,192000.00),(1117,728,'2012-07-30',5,3,5,70000.00),(1118,384,'2021-01-13',4,2,3,101000.00),(1119,683,'2015-11-26',4,3,5,270000.00),(1120,429,'2019-01-04',5,1,4,228000.00),(1121,649,'2014-09-27',5,3,5,62000.00),(1122,252,'2018-02-25',4,1,4,149000.00),(1123,290,'2014-01-18',4,2,5,178000.00),(1124,355,'2012-03-29',5,3,5,90000.00),(1125,583,'2014-02-07',2,1,5,219000.00),(1126,111,'2017-12-29',1,3,5,107000.00),(1127,442,'2013-01-27',3,3,5,102000.00),(1128,423,'2014-12-16',3,1,4,58600.00),(1129,985,'2018-10-15',5,2,1,279000.00),(1130,129,'2013-09-17',3,2,1,151500.00),(1131,408,'2017-04-05',1,3,5,192000.00),(1132,555,'2020-10-18',5,1,5,22500.00),(1133,899,'2020-04-01',1,3,5,234000.00),(1134,369,'2014-12-25',4,2,4,253000.00),(1135,694,'2018-08-22',1,3,5,122000.00),(1136,257,'2016-02-10',3,3,5,116000.00),(1137,607,'2014-03-06',4,2,2,149000.00),(1138,925,'2015-09-04',3,3,5,31500.00),(1139,576,'2013-09-25',5,2,4,75000.00),(1140,385,'2016-05-07',3,1,3,105000.00),(1141,118,'2011-10-31',4,1,5,155000.00),(1142,826,'2011-09-27',2,3,5,29700.00),(1143,296,'2020-02-07',3,2,2,186000.00),(1144,968,'2021-01-29',2,1,5,22000.00),(1145,639,'2015-07-09',3,2,5,255000.00),(1146,166,'2020-08-25',2,2,3,194000.00),(1147,510,'2020-04-10',1,2,4,171000.00),(1148,428,'2015-11-29',1,3,5,69000.00),(1149,650,'2018-03-04',1,3,5,55000.00),(1150,145,'2021-04-21',2,2,5,204000.00),(1151,421,'2015-01-27',4,1,5,75000.00),(1152,719,'2014-03-04',5,2,5,43200.00),(1153,362,'2014-11-20',1,1,4,159000.00),(1154,61,'2015-04-25',1,2,5,82000.00),(1155,309,'2018-09-16',3,2,5,72000.00),(1156,112,'2018-07-20',2,2,1,192000.00),(1157,597,'2020-10-16',1,2,5,41000.00),(1158,788,'2021-01-10',2,3,5,164000.00),(1159,712,'2021-03-19',2,2,3,76000.00),(1160,71,'2012-06-07',4,1,5,204000.00),(1161,487,'2019-08-22',1,3,5,135000.00),(1162,83,'2018-12-15',3,1,5,148000.00),(1163,199,'2016-08-21',3,1,4,207000.00),(1164,514,'2016-05-12',3,3,5,93000.00),(1165,674,'2020-05-03',1,3,5,147000.00),(1166,356,'2018-11-27',2,3,5,119000.00),(1167,584,'2019-03-30',1,1,4,143000.00),(1168,129,'2016-05-26',5,1,5,73200.00),(1169,946,'2015-04-22',4,3,5,255000.00),(1170,384,'2012-02-02',3,1,5,116000.00),(1171,432,'2013-10-17',3,3,5,276000.00),(1172,933,'2014-04-09',3,1,3,246000.00),(1173,140,'2021-04-15',5,3,5,110000.00),(1174,954,'2012-01-19',2,3,5,79000.00),(1175,124,'2013-04-27',3,1,5,192000.00),(1176,446,'2013-07-28',3,2,2,132000.00),(1177,248,'2018-07-28',5,3,5,57500.00),(1178,31,'2020-01-22',5,2,3,87000.00),(1179,935,'2014-05-22',1,3,5,134000.00),(1180,344,'2012-05-01',2,3,5,46500.00),(1181,723,'2011-06-17',2,1,3,148000.00),(1182,723,'2019-09-08',2,3,5,175000.00),(1183,190,'2016-10-16',3,1,4,63000.00),(1184,845,'2018-07-06',2,2,2,120000.00),(1185,911,'2021-04-21',1,2,5,120000.00),(1186,576,'2019-04-16',5,1,4,65000.00),(1187,516,'2014-12-02',4,1,4,267000.00),(1188,502,'2014-12-14',3,1,5,56600.00),(1189,828,'2011-09-26',1,2,4,157000.00),(1190,869,'2015-06-07',5,3,5,93000.00),(1191,932,'2015-07-02',2,3,5,351000.00),(1192,661,'2017-02-09',5,3,5,141000.00),(1193,44,'2015-12-13',3,2,3,141000.00),(1194,493,'2012-02-13',4,2,2,32500.00),(1195,918,'2014-04-20',2,3,5,195000.00),(1196,770,'2017-12-13',4,2,1,172000.00),(1197,774,'2013-05-15',4,2,4,56000.00),(1198,182,'2015-09-17',3,3,5,189000.00),(1199,76,'2014-05-21',2,3,5,103200.00),(1200,194,'2019-03-04',1,1,3,171000.00),(1201,545,'2017-11-14',1,2,3,90000.00),(1202,571,'2016-12-26',3,1,5,30000.00),(1203,632,'2019-02-15',4,2,4,135000.00),(1204,907,'2018-05-08',5,2,1,33000.00),(1205,363,'2018-05-14',4,1,3,20000.00),(1206,344,'2014-07-23',1,1,3,75000.00),(1207,490,'2012-02-20',1,3,5,8000.00),(1208,663,'2017-02-19',2,3,5,180000.00),(1209,289,'2019-10-13',1,3,5,11000.00),(1210,251,'2014-08-19',1,2,2,30000.00),(1211,354,'2014-04-22',1,3,5,12000.00),(1212,904,'2012-01-29',5,2,1,144000.00),(1213,481,'2011-08-08',1,3,5,11000.00),(1214,706,'2016-10-30',2,2,2,96000.00),(1215,653,'2012-02-16',5,1,5,24000.00),(1216,616,'2012-04-17',1,1,5,96000.00),(1217,862,'2013-04-19',1,1,4,48000.00),(1218,89,'2015-10-12',5,2,4,90000.00),(1219,493,'2014-11-22',3,3,5,104000.00),(1220,908,'2012-09-23',2,1,4,36000.00),(1221,312,'2012-01-28',2,1,5,45000.00),(1222,258,'2017-01-06',1,3,5,48000.00),(1223,176,'2014-05-19',1,1,3,123000.00),(1224,690,'2014-02-28',2,3,5,144000.00),(1225,978,'2014-11-06',5,2,2,32000.00),(1226,587,'2011-11-29',1,2,4,120000.00),(1227,128,'2019-09-07',4,3,5,37000.00),(1228,713,'2016-06-04',1,3,5,156000.00),(1229,631,'2013-10-09',1,1,3,96000.00),(1230,700,'2012-01-24',1,2,5,96000.00),(1231,674,'2013-05-09',4,2,5,90000.00),(1232,339,'2012-06-29',2,3,5,15000.00),(1233,338,'2018-01-09',1,2,3,96000.00),(1234,993,'2018-11-08',4,3,5,156000.00),(1235,583,'2021-01-26',4,2,2,48000.00),(1236,848,'2019-11-19',2,1,5,90000.00),(1237,232,'2014-09-09',2,1,3,144000.00),(1238,709,'2013-12-10',4,2,1,45000.00),(1239,883,'2017-07-10',2,2,5,11000.00),(1240,519,'2016-06-11',4,3,5,6600.00),(1241,117,'2018-10-16',5,1,5,84000.00),(1242,165,'2018-12-11',5,3,5,96000.00),(1243,54,'2012-07-01',3,1,4,16500.00),(1244,387,'2018-06-25',5,1,4,12000.00),(1245,859,'2017-09-10',2,1,3,180000.00),(1246,783,'2017-12-29',5,1,5,30000.00),(1247,163,'2017-01-30',4,3,5,123000.00),(1248,499,'2014-06-03',4,3,5,15000.00),(1249,765,'2018-04-14',3,3,5,144000.00),(1250,529,'2014-06-05',3,2,5,10000.00),(1251,815,'2015-08-18',4,2,3,48000.00),(1252,299,'2012-03-25',2,1,3,74000.00),(1253,433,'2017-10-19',1,2,1,144000.00),(1254,230,'2021-03-20',4,1,4,52000.00),(1255,96,'2016-08-12',4,3,5,52000.00),(1256,613,'2014-04-28',2,3,5,8000.00),(1257,245,'2011-08-07',5,3,5,24000.00),(1258,219,'2011-10-02',1,1,5,48000.00),(1259,381,'2017-01-18',4,3,5,11000.00),(1260,476,'2013-02-09',1,1,3,45000.00),(1261,946,'2019-01-02',5,3,5,30000.00),(1262,362,'2016-06-22',3,3,5,50000.00),(1263,100,'2019-11-19',3,1,4,75000.00),(1264,365,'2019-09-13',4,3,5,15000.00),(1265,880,'2021-01-01',2,2,5,32000.00),(1266,171,'2014-07-09',5,3,5,8000.00),(1267,128,'2020-07-20',2,3,5,48000.00),(1268,313,'2017-09-13',4,1,4,90000.00),(1269,244,'2016-03-25',5,2,4,144000.00),(1270,889,'2020-07-28',1,1,3,24000.00),(1271,866,'2013-10-03',4,3,5,144000.00),(1272,753,'2019-10-04',4,2,5,156000.00),(1273,361,'2014-06-29',2,1,4,22500.00),(1274,164,'2020-10-20',1,1,5,30000.00),(1275,197,'2012-03-07',4,2,2,36000.00),(1276,945,'2019-08-04',1,1,4,36000.00),(1277,616,'2011-09-17',5,2,2,6600.00),(1278,211,'2020-05-29',5,3,5,48000.00),(1279,79,'2011-11-09',4,3,5,96000.00),(1280,533,'2020-07-11',3,2,3,96000.00),(1281,844,'2018-05-19',1,2,3,135000.00),(1282,83,'2016-07-19',1,1,4,30000.00),(1283,255,'2017-09-09',1,2,1,45000.00),(1284,334,'2020-12-24',4,3,5,5500.00),(1285,881,'2021-02-27',3,1,3,144000.00),(1286,295,'2017-07-13',2,2,2,52000.00),(1287,10,'2019-03-25',4,3,5,75000.00),(1288,986,'2019-01-27',2,3,5,156000.00),(1289,705,'2016-11-27',4,1,3,42000.00),(1290,903,'2012-12-25',5,3,5,144000.00),(1291,744,'2018-12-02',4,1,5,60000.00),(1292,827,'2018-09-11',2,1,5,135000.00),(1293,449,'2016-02-19',1,2,2,22500.00),(1294,519,'2014-06-19',3,3,5,30000.00),(1295,232,'2020-04-13',5,1,3,135000.00),(1296,157,'2011-08-31',1,3,5,8000.00),(1297,491,'2021-04-25',4,2,1,12000.00),(1298,942,'2012-03-10',4,3,5,144000.00),(1299,114,'2016-07-09',3,1,4,90000.00),(1300,458,'2020-01-15',4,3,5,18000.00),(1301,382,'2012-02-10',5,1,5,41000.00),(1302,771,'2018-04-17',1,1,5,90000.00),(1303,728,'2014-07-24',4,2,1,36000.00),(1304,85,'2017-12-14',1,2,2,30000.00),(1305,152,'2017-01-11',3,2,4,144000.00),(1306,551,'2016-05-13',1,2,3,45000.00),(1307,581,'2018-04-09',2,1,3,15000.00),(1308,757,'2018-03-01',2,2,5,52000.00),(1309,462,'2020-08-22',5,2,1,36000.00),(1310,795,'2021-03-24',1,2,3,57000.00),(1311,532,'2018-01-16',5,3,5,156000.00),(1312,360,'2015-09-18',1,3,5,45000.00),(1313,919,'2013-09-15',4,1,3,270000.00),(1314,128,'2017-01-30',2,3,5,48000.00),(1315,612,'2015-04-25',1,1,5,8000.00),(1316,899,'2017-04-12',4,2,3,15000.00),(1317,296,'2016-11-29',1,1,5,111000.00),(1318,664,'2013-05-06',2,3,5,12000.00),(1319,857,'2011-11-02',3,2,3,144000.00),(1320,635,'2012-11-19',2,1,4,144000.00),(1321,241,'2014-12-04',5,1,3,90000.00),(1322,34,'2017-02-25',2,1,3,82000.00),(1323,978,'2017-10-28',1,2,2,144000.00),(1324,579,'2013-01-12',3,3,5,15000.00),(1325,970,'2016-09-17',5,3,5,52000.00),(1326,977,'2015-08-03',4,2,5,24000.00),(1327,356,'2019-08-08',1,1,4,144000.00),(1328,510,'2020-01-26',4,3,5,45000.00),(1329,974,'2014-10-13',1,3,5,42000.00),(1330,62,'2012-01-28',5,1,5,36000.00),(1331,819,'2014-04-16',3,2,3,96000.00),(1332,1000,'2020-07-15',5,1,5,45000.00),(1333,552,'2015-06-01',4,3,5,171000.00),(1334,811,'2014-07-15',5,2,1,180000.00),(1335,839,'2019-04-07',4,3,5,96000.00),(1336,120,'2018-03-30',5,2,1,40000.00),(1337,173,'2019-12-03',5,3,5,30000.00),(1338,91,'2012-12-23',1,1,3,52000.00),(1339,227,'2017-05-20',5,1,3,75000.00),(1340,460,'2020-10-26',1,1,5,16000.00),(1341,651,'2013-11-24',5,2,2,45000.00),(1342,932,'2016-09-27',2,3,5,90000.00),(1343,349,'2017-10-25',1,1,4,135000.00),(1344,362,'2014-06-17',1,1,5,20000.00),(1345,214,'2018-03-22',1,1,3,96000.00),(1346,913,'2012-12-06',5,2,2,270000.00),(1347,283,'2020-02-19',4,1,3,156000.00),(1348,998,'2015-12-27',1,3,5,48000.00),(1349,834,'2019-03-17',5,1,3,48000.00),(1350,522,'2014-01-08',3,1,3,8000.00),(1351,58,'2016-04-30',3,3,5,144000.00),(1352,666,'2017-11-20',2,3,5,96000.00),(1353,763,'2019-07-23',5,2,1,19800.00),(1354,939,'2013-06-05',4,1,4,60000.00),(1355,593,'2012-02-17',1,3,5,48000.00),(1356,789,'2016-03-04',4,2,1,144000.00),(1357,417,'2019-06-21',2,3,5,96000.00),(1358,134,'2019-12-06',4,2,5,50000.00),(1359,949,'2015-07-12',5,3,5,22500.00),(1360,264,'2018-08-09',4,1,5,144000.00),(1361,47,'2017-11-18',2,2,3,60000.00),(1362,904,'2014-05-23',4,3,5,135000.00),(1363,306,'2017-06-18',3,2,1,24000.00),(1364,150,'2020-01-13',2,1,3,156000.00),(1365,508,'2016-09-16',2,1,5,20000.00),(1366,919,'2013-12-17',1,1,4,50000.00),(1367,809,'2017-07-25',4,1,5,52000.00),(1368,984,'2018-02-08',1,3,5,144000.00),(1369,55,'2013-09-08',1,1,4,48000.00),(1370,845,'2018-11-12',4,2,1,50000.00),(1371,417,'2017-09-08',2,2,4,144000.00),(1372,743,'2019-06-03',4,1,3,156000.00),(1373,675,'2019-06-02',1,2,4,96000.00),(1374,408,'2013-06-20',1,3,5,144000.00),(1375,608,'2011-05-17',5,1,4,15000.00),(1376,433,'2021-01-19',3,3,5,37000.00),(1377,571,'2015-01-12',3,3,5,64000.00),(1378,292,'2017-02-12',1,2,2,22000.00),(1379,770,'2018-02-23',2,3,5,96000.00),(1380,677,'2014-03-11',2,1,4,96000.00),(1381,941,'2011-05-04',5,2,1,114000.00),(1382,147,'2019-07-10',5,3,5,144000.00),(1383,832,'2019-02-27',1,2,1,13200.00),(1384,768,'2020-06-02',1,3,5,156000.00),(1385,280,'2013-08-13',1,1,4,48000.00),(1386,129,'2020-01-07',2,3,5,60000.00),(1387,73,'2017-11-17',5,2,3,11000.00),(1388,160,'2019-08-31',4,2,3,20000.00),(1389,555,'2012-06-25',3,2,1,30000.00),(1390,847,'2020-07-01',4,3,5,96000.00),(1391,101,'2018-09-04',4,3,5,156000.00),(1392,97,'2020-08-23',4,1,5,22500.00),(1393,374,'2017-09-08',5,2,2,15000.00),(1394,465,'2021-03-24',2,1,3,75000.00),(1395,705,'2013-10-07',5,1,3,15000.00),(1396,150,'2020-08-01',3,3,5,16000.00),(1397,206,'2020-10-25',3,3,5,60000.00),(1398,987,'2020-11-22',1,1,5,15000.00),(1399,76,'2013-09-09',3,1,3,114000.00),(1400,671,'2018-03-20',4,2,2,48000.00),(1401,684,'2013-02-16',3,2,1,90000.00),(1402,108,'2020-01-15',1,1,3,45000.00),(1403,557,'2013-05-28',1,3,5,104000.00),(1404,862,'2013-10-11',3,3,5,48000.00),(1405,682,'2021-02-06',1,2,1,18000.00),(1406,61,'2020-01-05',1,3,5,19800.00),(1407,263,'2014-02-25',2,1,3,20000.00),(1408,587,'2015-06-04',3,3,5,24000.00),(1409,633,'2012-03-21',3,2,2,37000.00),(1410,555,'2016-06-18',2,2,3,54000.00),(1411,539,'2020-07-05',3,3,5,50000.00),(1412,670,'2020-06-09',4,2,1,60000.00),(1413,555,'2019-09-09',5,1,5,22000.00),(1414,578,'2017-01-15',4,3,5,40000.00),(1415,574,'2012-03-16',1,1,5,96000.00),(1416,724,'2014-02-14',5,3,5,60000.00),(1417,177,'2015-06-16',1,3,5,48000.00),(1418,608,'2017-09-03',3,3,5,15000.00),(1419,751,'2020-07-01',1,3,5,60000.00),(1420,681,'2016-09-01',3,1,3,20000.00),(1421,917,'2016-02-03',2,3,5,96000.00),(1422,236,'2019-04-12',1,2,1,126000.00),(1423,435,'2013-03-08',4,2,2,180000.00),(1424,463,'2015-07-29',3,3,5,22000.00),(1425,975,'2013-02-27',2,2,3,96000.00),(1426,794,'2019-08-08',4,2,1,37000.00),(1427,394,'2015-01-31',3,1,5,180000.00),(1428,828,'2019-04-12',3,1,3,60000.00),(1429,306,'2017-08-20',2,1,4,30000.00),(1430,740,'2020-02-10',4,2,2,96000.00),(1431,748,'2014-01-30',3,1,3,52000.00),(1432,232,'2018-12-24',2,2,2,104000.00),(1433,791,'2012-11-11',3,2,4,48000.00),(1434,522,'2017-01-23',5,3,5,57000.00),(1435,761,'2013-05-06',2,3,5,144000.00),(1436,787,'2012-08-12',5,2,3,135000.00),(1437,90,'2017-05-27',4,2,5,60000.00),(1438,790,'2015-08-02',3,2,5,5500.00),(1439,993,'2013-10-28',5,3,5,90000.00),(1440,864,'2014-12-13',1,1,3,111000.00),(1441,757,'2016-02-12',3,1,4,6600.00),(1442,856,'2016-12-12',5,1,5,25000.00),(1443,162,'2019-10-15',2,1,5,48000.00),(1444,290,'2019-11-14',5,3,5,144000.00),(1445,183,'2014-11-14',5,3,5,25000.00),(1446,170,'2019-06-10',1,3,5,123000.00),(1447,469,'2011-09-16',2,1,3,144000.00),(1448,554,'2017-09-05',4,2,1,45000.00),(1449,252,'2013-10-31',3,2,4,37000.00),(1450,34,'2020-03-14',4,3,5,90000.00),(1451,701,'2020-04-25',4,2,2,52000.00),(1452,544,'2018-08-29',4,3,5,48000.00),(1453,218,'2016-03-11',3,2,3,8000.00),(1454,129,'2017-04-06',3,3,5,48000.00),(1455,910,'2020-10-30',3,3,5,90000.00),(1456,623,'2018-07-18',5,3,5,36000.00),(1457,555,'2017-06-08',2,1,3,90000.00),(1458,38,'2019-05-14',3,3,5,11000.00),(1459,30,'2016-03-11',5,2,1,48000.00),(1460,861,'2012-07-09',3,3,5,144000.00),(1461,271,'2020-02-10',2,3,5,11000.00),(1462,284,'2015-01-19',3,2,4,144000.00),(1463,643,'2016-12-16',4,1,5,15000.00),(1464,83,'2017-01-14',5,3,5,20000.00),(1465,619,'2016-06-07',3,2,3,96000.00),(1466,43,'2017-09-07',1,3,5,75000.00),(1467,976,'2019-02-12',2,1,5,270000.00),(1468,920,'2019-03-25',2,3,5,135000.00),(1469,885,'2011-10-16',3,3,5,50000.00),(1470,540,'2021-04-02',4,3,5,48000.00),(1471,731,'2012-05-01',5,1,3,156000.00),(1472,272,'2018-03-29',2,3,5,36000.00),(1473,223,'2012-08-31',1,2,2,22500.00),(1474,827,'2011-07-22',2,3,5,126000.00),(1475,836,'2014-09-03',2,1,3,126000.00),(1476,463,'2021-02-13',3,1,3,16500.00),(1477,525,'2014-10-10',5,2,2,60000.00),(1478,63,'2015-09-19',4,2,1,111000.00),(1479,286,'2018-08-05',2,2,1,11000.00),(1480,256,'2016-01-19',5,1,4,104000.00),(1481,507,'2017-04-08',2,3,5,45000.00),(1482,530,'2014-04-30',1,3,5,96000.00),(1483,585,'2015-12-23',4,1,5,104000.00),(1484,198,'2013-09-23',1,1,4,156000.00),(1485,497,'2016-05-26',1,1,4,64000.00),(1486,811,'2014-02-07',4,3,5,144000.00),(1487,640,'2018-03-31',1,1,5,156000.00),(1488,813,'2016-09-26',2,3,5,30000.00),(1489,340,'2013-11-14',3,3,5,96000.00),(1490,71,'2020-09-20',4,2,4,30000.00),(1491,587,'2014-03-25',4,2,1,40000.00),(1492,824,'2013-07-31',3,2,3,180000.00),(1493,19,'2015-10-18',2,2,3,52000.00),(1494,820,'2018-07-20',5,1,5,96000.00),(1495,643,'2018-02-18',4,2,5,13200.00),(1496,284,'2015-05-13',1,3,5,20000.00),(1497,538,'2018-11-12',2,2,2,96000.00),(1498,30,'2015-06-13',1,2,4,135000.00),(1499,829,'2020-04-01',5,1,3,19800.00),(1500,502,'2015-01-08',5,1,3,30000.00),(1501,1000,'2019-05-14',2,3,5,144000.00),(1502,933,'2020-09-05',3,2,5,48000.00),(1503,396,'2012-02-07',3,3,5,50000.00),(1504,330,'2011-12-20',1,1,3,57000.00),(1505,852,'2016-10-08',1,1,5,41000.00),(1506,978,'2011-11-22',5,3,5,11000.00),(1507,321,'2011-06-08',2,2,2,18000.00),(1508,298,'2016-10-15',3,3,5,24000.00),(1509,968,'2018-12-18',1,2,2,144000.00),(1510,364,'2021-02-12',3,3,5,114000.00),(1511,864,'2015-11-06',4,3,5,11000.00),(1512,107,'2016-01-01',4,2,5,30000.00),(1513,214,'2017-06-01',3,1,4,45000.00),(1514,929,'2013-05-01',5,3,5,32000.00),(1515,305,'2020-07-09',3,2,5,171000.00),(1516,173,'2012-06-29',5,2,1,135000.00),(1517,120,'2013-07-04',1,3,5,30000.00),(1518,751,'2017-03-15',5,2,1,123000.00),(1519,587,'2016-02-17',1,1,3,104000.00),(1520,382,'2017-06-29',1,1,3,45000.00),(1521,977,'2015-09-27',4,3,5,41000.00),(1522,523,'2020-08-16',2,3,5,82000.00),(1523,307,'2011-10-12',5,2,5,36000.00),(1524,954,'2019-02-15',5,3,5,20000.00),(1525,887,'2019-03-01',5,1,5,96000.00),(1526,934,'2012-10-04',5,3,5,156000.00),(1527,324,'2016-12-04',4,3,5,135000.00),(1528,207,'2019-09-17',1,2,1,60000.00),(1529,23,'2012-04-19',4,1,5,144000.00),(1530,145,'2015-06-08',3,3,5,45000.00),(1531,806,'2015-07-31',1,1,4,6600.00),(1532,947,'2013-01-19',5,2,2,84000.00),(1533,868,'2013-11-20',5,2,2,20000.00),(1534,181,'2019-11-18',4,1,4,16000.00),(1535,369,'2016-12-31',5,3,5,15000.00),(1536,457,'2019-11-02',1,2,1,30000.00),(1537,356,'2013-04-22',3,3,5,50000.00),(1538,417,'2015-05-15',2,2,3,84000.00),(1539,64,'2015-08-08',2,3,5,104000.00),(1540,390,'2012-02-14',5,1,3,6600.00),(1541,788,'2012-04-23',4,2,5,96000.00),(1542,62,'2018-11-16',5,3,5,48000.00),(1543,731,'2018-05-29',2,3,5,171000.00),(1544,346,'2015-12-01',1,3,5,52000.00),(1545,885,'2018-11-06',5,3,5,50000.00),(1546,479,'2017-10-08',3,3,5,90000.00),(1547,915,'2018-06-15',3,2,2,16000.00),(1548,94,'2019-03-10',4,1,4,33000.00),(1549,398,'2018-07-23',3,3,5,135000.00),(1550,842,'2014-07-17',3,1,4,90000.00),(1551,926,'2013-10-17',1,3,5,96000.00),(1552,631,'2014-07-10',4,2,5,15000.00),(1553,348,'2016-12-16',2,1,4,96000.00),(1554,296,'2018-11-06',4,2,3,41000.00),(1555,727,'2012-08-30',5,2,1,96000.00),(1556,196,'2020-04-06',4,2,4,30000.00),(1557,99,'2015-05-27',5,2,3,45000.00),(1558,768,'2011-09-07',1,2,1,114000.00),(1559,49,'2019-11-01',1,1,3,120000.00),(1560,863,'2017-05-04',3,3,5,60000.00),(1561,47,'2015-04-28',3,2,2,33000.00),(1562,321,'2011-08-28',2,2,4,180000.00),(1563,6,'2020-12-30',2,2,2,180000.00),(1564,54,'2017-12-23',1,2,1,30000.00),(1565,814,'2018-05-29',2,1,5,96000.00),(1566,620,'2012-07-24',3,3,5,180000.00),(1567,312,'2016-06-04',3,1,3,45000.00),(1568,796,'2017-05-06',5,1,4,54000.00),(1569,306,'2013-11-13',2,3,5,60000.00),(1570,897,'2013-07-07',4,3,5,45000.00),(1571,962,'2015-02-01',5,2,4,90000.00),(1572,927,'2019-07-06',5,2,2,25000.00),(1573,369,'2020-05-11',3,1,5,96000.00),(1574,785,'2015-04-22',1,1,3,11000.00),(1575,874,'2017-01-16',1,1,3,144000.00),(1576,882,'2011-09-29',5,1,4,96000.00),(1577,365,'2017-03-17',2,2,2,45000.00),(1578,425,'2011-10-27',3,3,5,64000.00),(1579,323,'2015-05-29',4,2,1,84000.00),(1580,693,'2014-04-05',4,2,3,50000.00),(1581,7,'2019-04-11',2,3,5,48000.00),(1582,62,'2017-04-25',5,1,3,60000.00),(1583,554,'2013-11-19',2,3,5,90000.00),(1584,427,'2017-01-23',5,2,4,52000.00),(1585,412,'2013-02-11',4,1,4,15000.00),(1586,484,'2015-12-09',3,1,4,45000.00),(1587,161,'2020-03-28',5,1,5,5500.00),(1588,91,'2018-10-28',2,3,5,156000.00),(1589,290,'2011-11-14',5,1,5,52000.00),(1590,972,'2013-01-21',5,2,1,10000.00),(1591,939,'2016-10-30',1,3,5,180000.00),(1592,739,'2018-09-12',1,2,5,144000.00),(1593,757,'2016-12-22',4,3,5,24000.00),(1594,905,'2011-05-05',1,1,4,15000.00),(1595,31,'2020-01-10',5,3,5,22000.00),(1596,63,'2017-02-05',1,2,5,13200.00),(1597,722,'2011-07-01',5,1,3,104000.00),(1598,80,'2019-03-17',4,1,5,156000.00),(1599,144,'2016-07-03',3,1,3,90000.00),(1600,161,'2016-08-23',3,2,2,13200.00),(1601,896,'2020-06-14',2,3,5,82000.00),(1602,61,'2017-02-17',4,3,5,50000.00),(1603,770,'2015-06-16',3,1,4,82000.00),(1604,790,'2017-08-11',3,2,3,16000.00),(1605,821,'2012-10-27',3,1,4,135000.00),(1606,239,'2016-01-07',4,3,5,30000.00),(1607,350,'2018-06-22',5,2,2,48000.00),(1608,650,'2011-10-09',2,3,5,144000.00),(1609,667,'2015-12-12',5,3,5,180000.00),(1610,790,'2020-11-08',1,2,1,90000.00),(1611,162,'2014-06-16',4,1,5,82000.00),(1612,213,'2012-04-14',4,3,5,96000.00),(1613,791,'2012-06-15',1,2,4,144000.00),(1614,122,'2020-11-29',3,3,5,96000.00),(1615,33,'2020-03-04',5,3,5,48000.00),(1616,225,'2019-04-09',2,2,3,52000.00),(1617,602,'2017-05-20',5,3,5,144000.00),(1618,677,'2014-01-19',4,3,5,15000.00),(1619,951,'2020-07-10',4,3,5,156000.00),(1620,217,'2017-05-05',2,3,5,57000.00),(1621,445,'2019-08-31',2,3,5,90000.00),(1622,679,'2018-09-24',2,1,5,48000.00),(1623,991,'2015-11-27',3,1,3,96000.00),(1624,641,'2019-03-18',5,2,4,90000.00),(1625,54,'2013-01-05',5,2,4,24000.00),(1626,55,'2019-08-15',2,2,5,8000.00),(1627,284,'2016-12-23',5,2,1,96000.00),(1628,286,'2015-02-15',4,1,3,96000.00),(1629,569,'2014-11-13',3,3,5,18000.00),(1630,494,'2012-10-17',2,3,5,156000.00),(1631,5,'2018-03-14',3,2,2,45000.00),(1632,248,'2012-05-26',1,3,5,24000.00),(1633,133,'2014-01-02',4,1,3,156000.00),(1634,306,'2020-11-20',3,3,5,18000.00),(1635,909,'2016-01-08',1,2,2,30000.00),(1636,202,'2012-03-05',4,2,4,171000.00),(1637,250,'2018-11-01',2,2,5,135000.00),(1638,148,'2015-05-09',5,1,5,104000.00),(1639,513,'2019-08-26',4,3,5,144000.00),(1640,493,'2014-08-11',2,1,4,90000.00),(1641,927,'2013-04-14',1,2,2,11000.00),(1642,637,'2012-09-06',1,2,1,37000.00),(1643,538,'2015-02-08',2,2,5,45000.00),(1644,882,'2016-12-09',3,1,3,19800.00),(1645,936,'2013-08-16',3,2,5,104000.00),(1646,132,'2016-04-30',4,2,5,48000.00),(1647,936,'2019-02-07',4,2,2,156000.00),(1648,767,'2017-08-08',1,2,4,156000.00),(1649,959,'2016-07-22',5,2,4,120000.00),(1650,572,'2021-03-02',3,1,5,48000.00),(1651,212,'2019-09-19',1,1,3,156000.00),(1652,829,'2019-06-28',5,1,4,45000.00),(1653,659,'2011-11-19',2,3,5,16000.00),(1654,311,'2021-02-06',4,2,2,52000.00),(1655,412,'2013-02-19',4,2,5,36000.00),(1656,660,'2014-06-04',5,1,3,156000.00),(1657,348,'2013-04-04',4,2,4,75000.00),(1658,315,'2017-12-02',4,1,3,90000.00),(1659,40,'2011-11-26',1,1,4,54000.00),(1660,172,'2012-05-21',3,2,5,104000.00),(1661,330,'2015-04-01',1,1,3,45000.00),(1662,769,'2018-06-29',2,1,4,48000.00),(1663,875,'2011-09-20',5,2,1,90000.00),(1664,710,'2014-10-10',2,3,5,50000.00),(1665,734,'2019-09-22',1,2,1,104000.00),(1666,202,'2021-02-06',3,1,4,96000.00),(1667,619,'2012-06-03',1,2,4,36000.00),(1668,846,'2012-01-24',3,1,5,90000.00),(1669,164,'2016-09-11',5,2,1,96000.00),(1670,741,'2012-07-29',3,2,1,114000.00),(1671,707,'2019-06-26',2,2,2,48000.00),(1672,559,'2017-04-28',3,1,3,156000.00),(1673,315,'2020-02-08',5,3,5,90000.00),(1674,61,'2015-03-04',1,3,5,135000.00),(1675,934,'2019-05-22',4,3,5,16000.00),(1676,331,'2020-10-02',5,1,5,64000.00),(1677,80,'2020-12-28',1,3,5,126000.00),(1678,300,'2019-03-20',3,3,5,57000.00),(1679,95,'2020-06-15',3,2,1,96000.00),(1680,484,'2015-09-17',1,2,1,45000.00),(1681,850,'2016-03-29',1,2,2,111000.00),(1682,150,'2017-10-10',1,1,3,48000.00),(1683,645,'2018-05-07',3,1,3,52000.00),(1684,204,'2011-07-03',4,3,5,32000.00),(1685,634,'2018-04-14',5,2,3,32000.00),(1686,528,'2020-11-23',2,1,5,24000.00),(1687,526,'2018-07-09',4,3,5,90000.00),(1688,446,'2020-10-30',2,2,2,84000.00),(1689,419,'2015-05-14',3,3,5,48000.00),(1690,396,'2021-04-14',4,2,5,104000.00),(1691,404,'2019-01-16',3,1,3,90000.00),(1692,167,'2012-11-20',2,3,5,7500.00),(1693,290,'2012-03-23',1,1,5,90000.00),(1694,735,'2019-10-18',1,1,5,16500.00),(1695,185,'2013-07-05',1,3,5,16000.00),(1696,252,'2018-09-02',1,1,4,37000.00),(1697,871,'2015-10-10',5,2,3,5500.00),(1698,794,'2014-11-02',1,3,5,60000.00),(1699,523,'2014-12-19',4,3,5,24000.00),(1700,278,'2011-06-06',2,1,4,45000.00),(1701,123,'2021-04-26',4,2,5,37000.00),(1702,784,'2015-11-29',2,3,5,90000.00),(1703,557,'2020-07-22',4,3,5,30000.00),(1704,160,'2011-07-19',3,2,3,111000.00),(1705,134,'2018-02-17',3,3,5,22000.00),(1706,354,'2015-07-06',1,1,3,114000.00),(1707,872,'2012-11-25',2,2,3,270000.00),(1708,142,'2016-04-22',2,3,5,37000.00),(1709,746,'2014-12-31',1,3,5,90000.00),(1710,943,'2020-05-01',4,1,5,36000.00),(1711,95,'2015-09-05',1,1,5,96000.00),(1712,808,'2012-03-18',4,2,5,30000.00),(1713,977,'2019-08-10',5,1,4,48000.00),(1714,844,'2018-07-31',5,3,5,10000.00),(1715,600,'2013-01-27',3,3,5,104000.00),(1716,360,'2016-06-08',1,1,4,90000.00),(1717,439,'2014-01-03',1,1,3,144000.00),(1718,95,'2018-05-23',2,2,2,50000.00),(1719,525,'2018-10-02',2,1,3,11000.00),(1720,687,'2012-11-22',3,3,5,15000.00),(1721,212,'2014-03-31',3,2,4,19800.00),(1722,473,'2016-10-25',4,2,4,96000.00),(1723,308,'2019-09-26',4,3,5,156000.00),(1724,659,'2021-04-11',1,2,4,90000.00),(1725,480,'2017-11-20',5,1,5,16000.00),(1726,158,'2017-05-16',2,1,4,96000.00),(1727,310,'2016-03-16',2,3,5,32000.00),(1728,707,'2019-03-11',5,3,5,52000.00),(1729,72,'2020-11-20',2,1,3,57000.00),(1730,312,'2019-02-05',5,1,3,104000.00),(1731,702,'2018-08-17',1,2,1,19800.00),(1732,962,'2013-06-20',3,1,5,11000.00),(1733,194,'2019-08-16',3,3,5,64000.00),(1734,500,'2020-03-24',4,3,5,96000.00),(1735,47,'2020-06-16',1,2,4,180000.00),(1736,620,'2012-08-23',5,2,2,144000.00),(1737,469,'2015-06-30',1,2,5,48000.00),(1738,277,'2016-06-02',4,1,3,10000.00),(1739,911,'2019-01-09',4,1,5,48000.00),(1740,715,'2017-06-09',3,1,3,104000.00),(1741,47,'2019-12-09',1,2,3,25000.00),(1742,468,'2021-02-27',4,3,5,10000.00),(1743,298,'2013-05-24',3,3,5,30000.00),(1744,521,'2019-05-10',3,1,4,171000.00),(1745,127,'2013-03-22',5,1,4,11000.00),(1746,526,'2011-11-25',2,2,2,7500.00),(1747,57,'2011-09-13',1,1,3,120000.00),(1748,515,'2013-05-26',5,3,5,104000.00),(1749,954,'2011-12-20',2,1,4,111000.00),(1750,492,'2017-06-26',4,2,1,30000.00),(1751,810,'2017-06-03',3,3,5,48000.00),(1752,792,'2011-12-07',2,2,1,11000.00),(1753,430,'2020-05-22',3,2,1,114000.00),(1754,66,'2012-04-02',2,2,4,6600.00),(1755,936,'2021-02-23',1,3,5,114000.00),(1756,335,'2020-06-21',4,3,5,24000.00),(1757,515,'2012-04-26',4,1,4,156000.00),(1758,495,'2020-11-15',3,2,3,57000.00),(1759,428,'2014-05-14',3,1,5,171000.00),(1760,533,'2016-09-26',2,1,5,15000.00),(1761,429,'2016-08-24',4,3,5,180000.00),(1762,893,'2016-11-24',5,1,3,50000.00),(1763,903,'2015-01-30',5,3,5,6600.00),(1764,928,'2016-06-13',5,1,5,135000.00),(1765,77,'2017-08-09',2,1,4,5500.00),(1766,814,'2011-09-04',3,3,5,180000.00),(1767,263,'2015-03-31',4,1,4,15000.00),(1768,148,'2012-03-23',1,1,3,144000.00),(1769,324,'2019-04-07',4,1,3,45000.00),(1770,166,'2020-12-13',3,3,5,18000.00),(1771,888,'2014-01-22',2,3,5,30000.00),(1772,214,'2015-11-20',4,2,1,156000.00),(1773,238,'2020-11-18',4,1,4,22500.00),(1774,540,'2014-03-27',1,3,5,90000.00),(1775,403,'2013-02-09',1,3,5,104000.00),(1776,666,'2017-05-02',5,3,5,135000.00),(1777,384,'2015-05-11',2,3,5,10000.00),(1778,807,'2014-10-07',4,1,3,75000.00),(1779,499,'2013-04-09',3,1,3,20000.00),(1780,149,'2019-03-09',2,3,5,48000.00),(1781,841,'2019-01-06',1,2,4,144000.00),(1782,585,'2020-02-11',4,3,5,96000.00),(1783,141,'2012-09-12',1,3,5,135000.00),(1784,292,'2012-01-19',5,2,1,16000.00),(1785,303,'2020-10-14',4,2,5,96000.00),(1786,335,'2018-06-07',4,3,5,11000.00),(1787,70,'2015-11-13',5,1,4,156000.00),(1788,290,'2012-02-27',1,2,5,41000.00),(1789,319,'2019-06-08',3,1,5,45000.00),(1790,234,'2019-09-01',2,3,5,156000.00),(1791,863,'2014-02-08',3,2,5,22500.00),(1792,99,'2012-12-31',2,3,5,90000.00),(1793,843,'2013-09-06',2,3,5,144000.00),(1794,360,'2018-09-21',1,2,3,156000.00),(1795,468,'2013-09-15',3,3,5,90000.00),(1796,440,'2020-01-30',2,3,5,60000.00),(1797,694,'2020-04-10',2,3,5,135000.00),(1798,26,'2018-08-07',3,3,5,180000.00),(1799,505,'2014-10-22',4,1,4,22500.00),(1800,999,'2013-05-11',3,1,5,96000.00),(1801,66,'2019-10-05',2,2,2,20000.00),(1802,58,'2014-03-10',3,2,5,144000.00),(1803,242,'2019-04-22',1,3,5,11000.00),(1804,335,'2016-10-05',3,2,1,96000.00),(1805,125,'2017-12-11',4,3,5,50000.00),(1806,914,'2021-04-15',5,2,1,25000.00),(1807,582,'2012-05-06',1,2,4,16000.00),(1808,911,'2014-07-04',2,3,5,15000.00),(1809,728,'2016-11-22',5,2,2,96000.00),(1810,734,'2013-06-24',1,1,4,144000.00),(1811,963,'2015-05-05',1,3,5,45000.00),(1812,567,'2011-09-06',2,1,3,144000.00),(1813,326,'2013-08-06',3,1,4,36000.00),(1814,975,'2017-05-18',3,3,5,16000.00),(1815,389,'2014-02-25',4,1,4,45000.00),(1816,663,'2016-03-10',4,3,5,104000.00),(1817,32,'2019-02-10',4,2,4,144000.00),(1818,421,'2014-12-09',1,3,5,30000.00),(1819,182,'2018-10-29',3,1,5,30000.00),(1820,609,'2013-10-08',2,3,5,48000.00),(1821,374,'2014-07-12',5,1,3,52000.00),(1822,797,'2011-08-27',4,3,5,57000.00),(1823,690,'2017-11-20',3,2,4,24000.00),(1824,370,'2018-11-11',5,2,3,12000.00),(1825,983,'2014-10-02',1,3,5,30000.00),(1826,965,'2012-02-19',4,3,5,82000.00),(1827,483,'2017-05-17',2,1,5,30000.00),(1828,799,'2020-06-28',2,3,5,18000.00),(1829,417,'2014-09-16',2,3,5,32000.00),(1830,776,'2019-06-20',5,2,1,75000.00),(1831,505,'2017-09-24',4,2,1,52000.00),(1832,900,'2020-01-17',5,3,5,52000.00),(1833,808,'2018-03-27',2,3,5,75000.00),(1834,932,'2016-05-30',1,3,5,144000.00),(1835,857,'2018-06-07',4,2,1,48000.00),(1836,218,'2019-09-05',1,3,5,24000.00),(1837,117,'2017-09-17',4,3,5,90000.00),(1838,915,'2018-01-27',4,3,5,32000.00),(1839,178,'2016-05-14',5,2,2,52000.00),(1840,975,'2013-05-08',3,2,3,20000.00),(1841,256,'2014-06-28',2,2,3,20000.00),(1842,189,'2015-06-14',3,1,3,30000.00),(1843,531,'2012-02-02',3,2,3,36000.00),(1844,586,'2014-05-20',1,3,5,270000.00),(1845,918,'2016-11-22',3,2,5,11000.00),(1846,920,'2013-12-31',1,3,5,104000.00),(1847,989,'2012-09-29',3,1,4,10000.00),(1848,515,'2021-04-19',4,2,2,48000.00),(1849,860,'2020-10-05',5,1,3,144000.00),(1850,822,'2013-02-11',5,2,5,18000.00),(1851,42,'2020-03-21',5,3,5,96000.00),(1852,154,'2019-09-23',1,1,5,135000.00),(1853,404,'2020-02-08',4,3,5,144000.00),(1854,199,'2014-10-09',2,2,4,30000.00),(1855,176,'2014-07-08',3,3,5,82000.00),(1856,38,'2017-11-27',4,3,5,16000.00),(1857,393,'2016-04-11',5,2,1,90000.00),(1858,876,'2014-05-30',4,2,4,15000.00),(1859,924,'2018-03-17',2,1,4,135000.00),(1860,31,'2017-04-28',1,1,3,48000.00),(1861,331,'2021-02-27',3,2,3,64000.00),(1862,14,'2012-01-17',5,1,5,30000.00),(1863,70,'2017-03-07',4,1,4,30000.00),(1864,452,'2019-06-02',1,1,3,84000.00),(1865,705,'2019-09-29',1,2,2,171000.00),(1866,803,'2017-07-03',3,1,4,60000.00),(1867,386,'2017-10-30',5,3,5,96000.00),(1868,184,'2012-09-12',3,2,5,90000.00),(1869,210,'2016-05-28',1,3,5,5500.00),(1870,765,'2018-09-01',3,3,5,45000.00),(1871,512,'2014-09-21',2,1,5,50000.00),(1872,791,'2013-04-26',2,2,3,96000.00),(1873,694,'2014-01-08',4,3,5,7500.00),(1874,962,'2011-08-27',1,2,5,18000.00),(1875,398,'2018-07-27',5,3,5,30000.00),(1876,377,'2012-01-29',1,3,5,96000.00),(1877,663,'2020-01-26',3,1,3,30000.00),(1878,455,'2020-09-18',3,2,5,24000.00),(1879,353,'2013-12-16',1,2,2,30000.00),(1880,209,'2019-09-26',1,3,5,90000.00),(1881,138,'2011-09-20',2,1,3,45000.00),(1882,610,'2016-07-09',3,2,3,135000.00),(1883,273,'2016-05-01',2,2,2,96000.00),(1884,438,'2013-11-25',1,3,5,135000.00),(1885,389,'2020-05-09',3,3,5,135000.00),(1886,87,'2017-11-01',1,2,5,144000.00),(1887,453,'2019-11-20',4,3,5,120000.00),(1888,480,'2020-12-11',2,3,5,37000.00),(1889,786,'2020-11-27',5,2,2,75000.00),(1890,631,'2014-02-18',2,1,4,48000.00),(1891,523,'2020-08-15',4,2,3,52000.00),(1892,389,'2016-02-29',5,1,5,144000.00),(1893,109,'2020-04-19',4,3,5,15000.00),(1894,66,'2015-05-29',1,1,5,126000.00),(1895,417,'2011-11-25',4,1,3,90000.00),(1896,134,'2017-07-12',4,2,4,48000.00),(1897,434,'2018-10-26',4,3,5,13200.00),(1898,235,'2012-11-25',3,2,4,144000.00),(1899,886,'2017-03-10',4,3,5,52000.00),(1900,68,'2016-05-03',2,2,1,48000.00),(1901,990,'2014-02-06',3,2,3,16000.00),(1902,507,'2014-02-12',3,1,5,15000.00),(1903,114,'2013-08-31',3,2,1,48000.00),(1904,869,'2016-11-04',4,2,4,114000.00),(1905,811,'2016-01-09',5,2,4,90000.00),(1906,214,'2021-04-09',2,2,5,6600.00),(1907,106,'2017-05-07',2,1,3,20000.00),(1908,605,'2021-03-28',4,3,5,135000.00),(1909,338,'2015-09-08',4,2,2,22500.00),(1910,180,'2016-05-14',1,2,5,171000.00),(1911,692,'2020-02-05',5,3,5,75000.00),(1912,139,'2020-07-29',3,3,5,60000.00),(1913,994,'2016-12-02',5,2,1,8000.00),(1914,380,'2018-03-11',5,1,3,90000.00),(1915,439,'2017-01-29',5,2,2,111000.00),(1916,183,'2020-11-28',5,2,3,45000.00),(1917,662,'2018-01-07',4,2,3,36000.00),(1918,518,'2018-02-20',4,3,5,25000.00),(1919,926,'2017-01-14',4,3,5,7500.00),(1920,658,'2019-10-21',2,1,3,50000.00),(1921,411,'2013-02-23',4,1,4,104000.00),(1922,350,'2013-04-17',2,2,2,11000.00),(1923,135,'2021-04-30',4,3,5,19800.00),(1924,261,'2019-02-12',5,2,1,135000.00),(1925,900,'2017-12-21',2,2,3,20000.00),(1926,420,'2016-07-10',4,3,5,25000.00),(1927,871,'2019-05-16',3,3,5,52000.00),(1928,825,'2012-06-07',1,1,4,22500.00),(1929,636,'2017-04-13',2,3,5,41000.00),(1930,194,'2020-05-11',1,3,5,90000.00),(1931,368,'2017-01-31',2,2,5,96000.00),(1932,361,'2015-02-11',3,2,2,90000.00),(1933,540,'2013-03-30',4,3,5,96000.00),(1934,630,'2019-09-06',3,3,5,48000.00),(1935,457,'2014-12-22',2,2,1,104000.00),(1936,816,'2011-06-30',5,3,5,22000.00),(1937,513,'2012-07-22',2,1,4,144000.00),(1938,696,'2018-10-28',2,2,5,30000.00),(1939,353,'2017-11-27',2,1,4,30000.00),(1940,336,'2018-09-25',3,3,5,30000.00),(1941,51,'2014-07-12',1,3,5,15000.00),(1942,399,'2020-09-21',2,2,5,96000.00),(1943,868,'2016-04-09',2,1,5,8000.00),(1944,78,'2017-06-08',4,3,5,45000.00),(1945,251,'2020-02-07',2,3,5,5500.00),(1946,884,'2019-04-13',5,2,5,12000.00),(1947,127,'2020-09-13',1,2,1,6600.00),(1948,468,'2017-11-25',4,2,1,60000.00),(1949,435,'2015-04-10',2,1,4,30000.00),(1950,402,'2015-06-14',3,2,3,84000.00),(1951,175,'2016-04-08',2,2,1,52000.00),(1952,813,'2016-09-16',5,1,5,75000.00),(1953,400,'2012-06-30',3,3,5,15000.00),(1954,687,'2019-12-28',5,3,5,156000.00),(1955,435,'2014-03-23',2,3,5,114000.00),(1956,212,'2014-03-12',4,1,5,48000.00),(1957,897,'2017-03-23',2,1,4,180000.00),(1958,333,'2011-09-20',1,1,5,96000.00),(1959,767,'2015-09-29',1,3,5,8000.00),(1960,798,'2015-11-07',3,3,5,37000.00),(1961,985,'2012-02-26',5,3,5,48000.00),(1962,948,'2020-09-08',5,1,5,135000.00),(1963,584,'2012-07-14',3,1,4,30000.00),(1964,332,'2013-12-19',3,3,5,156000.00),(1965,845,'2020-07-26',2,2,4,144000.00),(1966,931,'2017-02-25',1,3,5,57000.00),(1967,63,'2017-08-11',3,2,3,24000.00),(1968,863,'2013-08-01',2,3,5,144000.00),(1969,107,'2018-04-27',1,1,3,48000.00),(1970,869,'2015-05-20',2,1,5,82000.00),(1971,379,'2013-04-01',4,2,4,32000.00),(1972,832,'2017-12-10',5,2,2,6600.00),(1973,761,'2016-07-15',3,1,3,48000.00),(1974,325,'2014-03-07',3,2,2,45000.00),(1975,686,'2012-12-20',1,3,5,144000.00),(1976,733,'2014-03-02',5,2,1,37000.00),(1977,807,'2014-04-22',2,2,5,144000.00),(1978,915,'2020-01-28',4,2,3,13200.00),(1979,219,'2020-01-20',5,3,5,90000.00),(1980,312,'2014-09-02',5,1,5,54000.00),(1981,514,'2012-08-06',5,2,4,52000.00),(1982,51,'2018-01-04',1,2,2,8000.00),(1983,47,'2012-05-18',5,1,3,52000.00),(1984,620,'2011-06-27',1,2,5,171000.00),(1985,693,'2015-10-12',4,1,3,135000.00),(1986,546,'2011-07-06',1,1,4,96000.00),(1987,325,'2018-08-29',1,2,2,30000.00),(1988,266,'2018-07-14',2,2,3,40000.00),(1989,604,'2012-10-31',2,1,3,156000.00),(1990,980,'2013-11-27',5,1,3,96000.00),(1991,618,'2017-08-28',2,1,4,96000.00),(1992,663,'2020-05-31',5,2,4,96000.00),(1993,315,'2020-02-02',1,1,5,52000.00),(1994,880,'2014-09-05',2,2,5,52000.00),(1995,567,'2020-01-17',4,1,4,22000.00),(1996,644,'2014-10-06',1,1,5,135000.00),(1997,193,'2021-01-10',4,3,5,30000.00),(1998,819,'2020-05-07',4,1,3,96000.00),(1999,73,'2013-10-29',5,3,5,75000.00),(2000,948,'2012-11-28',2,2,4,144000.00);
/*!40000 ALTER TABLE `orders` ENABLE KEYS */;
UNLOCK TABLES;

--
-- Table structure for table `orders_products`
--

DROP TABLE IF EXISTS `orders_products`;
/*!40101 SET @saved_cs_client     = @@character_set_client */;
/*!50503 SET character_set_client = utf8mb4 */;
CREATE TABLE `orders_products` (
  `order_id` int unsigned NOT NULL COMMENT 'ссылка на номер заказа',
  `product_id` int unsigned NOT NULL COMMENT 'ссылка на id товара',
  `quantity` int unsigned NOT NULL COMMENT 'кол.во заказанных предметов',
  `created_at` datetime DEFAULT CURRENT_TIMESTAMP,
  PRIMARY KEY (`order_id`,`product_id`) COMMENT 'составной первичный ключ',
  KEY `orders_products_product_id_fk` (`product_id`),
  CONSTRAINT `orders_products_order_id_fk` FOREIGN KEY (`order_id`) REFERENCES `orders` (`id`),
  CONSTRAINT `orders_products_product_id_fk` FOREIGN KEY (`product_id`) REFERENCES `products` (`id`)
) ENGINE=InnoDB DEFAULT CHARSET=utf8mb4 COLLATE=utf8mb4_unicode_ci;
/*!40101 SET character_set_client = @saved_cs_client */;

--
-- Dumping data for table `orders_products`
--

LOCK TABLES `orders_products` WRITE;
/*!40000 ALTER TABLE `orders_products` DISABLE KEYS */;
INSERT INTO `orders_products` VALUES (1,5,1,'2015-02-08 10:39:39'),(1,18,1,'2020-02-23 04:50:09'),(1,23,1,'2019-01-19 21:40:15'),(2,21,1,'2020-03-16 07:06:47'),(2,28,1,'2013-12-03 12:02:22'),(2,35,3,'2012-08-11 02:07:43'),(3,21,3,'2012-05-07 23:02:07'),(3,22,1,'2017-02-20 04:48:59'),(3,26,3,'2016-02-17 06:58:21'),(4,5,3,'2016-08-09 07:47:23'),(4,27,3,'2013-08-06 05:09:45'),(4,34,2,'2019-06-02 16:44:58'),(5,5,3,'2015-03-04 13:25:14'),(5,26,2,'2011-12-06 05:41:33'),(5,29,1,'2021-04-22 17:16:29'),(6,1,3,'2013-01-20 13:51:02'),(6,5,3,'2016-01-27 06:34:30'),(6,25,2,'2014-12-14 17:00:22'),(7,13,2,'2012-05-04 09:03:02'),(7,18,3,'2020-02-10 22:49:30'),(7,27,3,'2012-05-24 11:56:53'),(8,12,3,'2018-12-13 01:01:36'),(8,30,3,'2020-06-04 05:48:28'),(8,34,2,'2017-02-04 03:41:12'),(9,13,1,'2017-07-16 20:39:28'),(9,14,2,'2018-05-11 12:58:44'),(9,31,2,'2015-10-06 05:47:38'),(10,13,3,'2020-01-07 14:26:37'),(10,15,2,'2021-02-28 04:54:36'),(10,36,1,'2012-07-20 12:33:26'),(11,5,3,'2015-08-12 23:12:40'),(11,13,1,'2020-11-23 19:04:12'),(11,25,3,'2020-05-20 13:47:25'),(12,7,2,'2014-05-24 02:23:47'),(12,21,1,'2015-07-10 04:15:22'),(12,31,2,'2013-02-19 04:05:02'),(13,8,3,'2013-05-06 23:32:05'),(13,26,1,'2012-03-08 03:47:11'),(13,30,1,'2015-11-15 18:14:22'),(14,12,2,'2016-03-21 21:04:35'),(14,27,3,'2018-04-25 19:31:36'),(14,30,2,'2012-05-12 04:11:01'),(15,21,3,'2017-07-13 23:12:51'),(15,31,2,'2018-07-29 01:10:31'),(15,35,1,'2019-09-20 10:29:22'),(16,1,2,'2020-11-26 03:38:23'),(16,4,1,'2016-10-08 18:24:51'),(16,16,3,'2016-08-16 03:15:39'),(17,31,2,'2021-04-11 16:58:48'),(17,32,3,'2018-05-11 17:59:35'),(17,35,2,'2013-09-06 04:18:35'),(18,24,2,'2020-08-18 07:45:35'),(18,27,3,'2016-03-26 10:20:45'),(18,31,2,'2019-10-12 13:50:03'),(19,2,2,'2018-12-24 18:31:59'),(19,18,1,'2020-06-07 13:21:31'),(19,29,3,'2014-10-12 08:57:41'),(20,17,1,'2016-01-12 20:45:16'),(20,25,1,'2021-02-24 09:33:53'),(20,34,2,'2020-11-05 20:57:19'),(21,7,3,'2020-04-22 19:38:14'),(21,12,3,'2015-09-26 11:12:13'),(21,22,3,'2019-05-02 03:41:32'),(22,14,3,'2019-03-05 00:32:57'),(22,23,3,'2011-09-17 15:29:40'),(23,3,1,'2020-10-24 08:44:13'),(23,18,1,'2012-02-12 14:13:41'),(23,30,2,'2017-09-12 20:18:33'),(24,6,1,'2019-12-01 22:02:14'),(24,10,1,'2014-08-22 05:17:18'),(24,35,3,'2012-07-23 20:43:26'),(25,10,3,'2020-02-18 07:00:40'),(25,19,2,'2020-02-06 05:03:24'),(26,5,2,'2014-01-18 05:06:04'),(26,18,2,'2017-08-01 10:25:51'),(26,30,1,'2011-07-03 10:19:52'),(27,17,3,'2020-01-26 10:24:52'),(27,20,3,'2019-06-15 06:55:19'),(27,27,3,'2017-12-10 02:39:13'),(28,7,3,'2018-11-17 20:55:55'),(28,33,1,'2012-12-10 16:14:46'),(28,34,3,'2015-04-02 18:43:15'),(29,1,3,'2018-12-13 06:20:10'),(29,13,3,'2017-10-29 01:29:44'),(29,26,2,'2017-08-09 14:12:39'),(30,10,2,'2020-01-03 13:48:20'),(30,18,3,'2017-02-11 01:44:17'),(30,27,1,'2012-07-01 12:54:53'),(31,2,2,'2017-04-03 20:10:41'),(31,14,3,'2016-05-20 01:55:08'),(31,17,1,'2014-10-18 17:12:09'),(32,7,3,'2011-06-29 00:50:27'),(32,17,3,'2012-06-21 03:14:14'),(32,32,2,'2018-02-25 21:06:30'),(33,8,1,'2012-08-02 13:45:53'),(33,19,2,'2013-12-29 01:52:00'),(33,24,1,'2019-05-03 09:24:27'),(34,6,1,'2016-07-25 08:29:30'),(34,21,1,'2021-02-28 10:39:50'),(34,27,2,'2015-06-22 03:57:28'),(35,8,3,'2018-10-05 17:29:19'),(35,12,2,'2012-08-06 19:56:27'),(36,5,3,'2016-06-11 23:19:07'),(36,15,2,'2016-08-13 16:25:52'),(36,30,3,'2012-03-26 00:29:22'),(37,7,1,'2015-08-10 04:33:51'),(37,15,3,'2020-11-14 21:14:14'),(37,20,1,'2018-01-25 21:23:16'),(38,7,2,'2017-03-17 21:03:08'),(38,22,1,'2017-10-05 18:01:19'),(38,30,1,'2015-10-01 20:52:18'),(39,8,1,'2019-09-25 18:52:28'),(39,15,3,'2019-06-27 12:24:46'),(39,28,2,'2018-02-19 17:11:52'),(40,13,1,'2017-12-16 16:52:13'),(40,26,3,'2021-04-22 01:50:02'),(40,30,2,'2012-09-03 19:39:32'),(41,3,2,'2014-11-09 11:41:56'),(41,9,2,'2018-12-30 22:45:34'),(41,11,1,'2012-09-11 03:11:02'),(42,14,2,'2016-03-16 03:25:21'),(42,18,3,'2012-08-07 02:49:34'),(42,23,2,'2012-04-24 03:36:41'),(43,12,1,'2013-05-06 07:40:59'),(43,22,1,'2019-01-01 17:36:36'),(43,25,3,'2020-09-27 14:39:52'),(44,1,3,'2012-11-06 21:20:12'),(44,26,3,'2014-04-12 07:55:51'),(44,30,1,'2020-08-11 17:16:59'),(45,6,1,'2013-10-08 08:17:41'),(45,10,2,'2015-05-22 09:58:39'),(45,23,1,'2017-04-02 03:21:32'),(46,16,3,'2011-11-02 19:45:41'),(46,20,1,'2018-04-11 06:09:41'),(46,29,1,'2020-12-16 12:21:25'),(47,13,2,'2014-06-29 22:38:15'),(47,23,2,'2015-01-22 15:43:42'),(47,27,3,'2012-08-22 07:52:51'),(48,15,1,'2021-04-21 19:01:25'),(48,26,2,'2014-08-30 22:01:35'),(48,32,2,'2018-09-01 09:28:58'),(49,16,2,'2019-06-24 04:56:42'),(49,17,2,'2012-05-07 07:41:42'),(49,25,2,'2016-11-19 03:55:34'),(50,9,2,'2019-09-28 11:09:16'),(50,29,2,'2016-07-30 11:19:34'),(51,1,2,'2018-09-09 12:18:47'),(51,6,1,'2014-05-22 18:15:38'),(52,10,3,'2016-11-11 17:38:50'),(52,20,3,'2011-11-29 10:42:07'),(52,26,2,'2018-09-04 14:03:17'),(53,19,3,'2020-06-08 06:01:00'),(53,28,2,'2012-11-02 22:52:56'),(53,31,3,'2019-01-11 20:39:04'),(54,17,1,'2013-07-22 08:32:57'),(54,30,3,'2014-12-21 04:46:31'),(54,33,2,'2018-01-25 07:30:10'),(55,8,1,'2018-03-17 00:00:05'),(55,12,3,'2011-10-20 08:17:13'),(55,17,2,'2011-05-17 09:00:45'),(56,16,2,'2017-05-21 22:33:44'),(56,25,1,'2017-06-26 19:09:23'),(56,29,3,'2015-08-03 06:26:28'),(57,6,3,'2018-01-02 21:06:34'),(57,7,3,'2013-10-22 22:59:48'),(57,21,3,'2012-09-01 03:53:59'),(58,1,1,'2019-03-20 03:03:05'),(58,15,2,'2018-12-03 21:46:58'),(58,17,2,'2014-02-21 03:24:02'),(59,3,3,'2019-04-29 23:57:13'),(59,28,1,'2014-05-18 12:26:28'),(59,31,1,'2019-04-25 01:42:50'),(60,1,1,'2017-12-13 10:19:36'),(60,4,2,'2020-08-18 13:12:47'),(60,23,2,'2016-10-11 02:21:35'),(61,18,1,'2012-11-21 20:44:01'),(61,23,2,'2012-11-20 13:34:34'),(61,34,2,'2018-08-01 08:04:14'),(62,4,1,'2015-03-23 19:58:08'),(62,6,2,'2013-12-05 09:50:01'),(62,20,2,'2018-12-02 06:24:09'),(63,6,1,'2018-04-13 16:58:35'),(63,15,3,'2014-07-17 18:18:31'),(63,28,1,'2021-01-05 20:53:54'),(64,7,2,'2015-01-13 15:57:57'),(64,14,1,'2020-10-09 20:56:35'),(65,8,3,'2011-12-18 01:48:17'),(65,19,2,'2011-06-13 08:32:48'),(65,26,1,'2020-08-15 13:34:07'),(66,26,1,'2014-11-23 08:18:25'),(66,32,2,'2012-12-28 02:20:59'),(66,36,2,'2014-05-30 21:18:15'),(67,18,2,'2017-12-26 18:08:51'),(67,19,2,'2017-05-09 02:39:56'),(67,28,2,'2019-11-04 04:10:00'),(68,27,1,'2011-06-13 07:06:28'),(68,31,1,'2012-06-03 16:36:28'),(68,35,1,'2011-05-05 18:45:23'),(69,3,3,'2014-03-21 02:27:14'),(69,10,3,'2013-08-19 00:37:41'),(69,22,1,'2019-10-17 15:32:33'),(70,18,2,'2016-09-29 19:00:24'),(70,21,1,'2017-12-13 14:44:54'),(70,25,1,'2015-10-16 17:19:49'),(71,15,3,'2017-08-06 19:38:38'),(71,18,1,'2020-07-08 03:08:23'),(71,29,1,'2014-05-30 16:16:28'),(72,1,2,'2015-06-01 15:04:46'),(72,15,3,'2016-08-12 04:28:21'),(72,34,2,'2018-11-07 00:27:41'),(73,10,2,'2020-04-10 05:35:00'),(73,15,2,'2013-09-30 04:33:46'),(73,34,1,'2019-05-25 01:53:39'),(74,13,2,'2012-11-02 13:16:40'),(74,22,3,'2019-07-05 00:37:03'),(74,30,1,'2015-01-23 02:10:32'),(75,7,3,'2016-12-22 03:30:06'),(75,30,3,'2014-12-29 00:38:21'),(76,10,3,'2014-03-27 22:38:50'),(76,26,2,'2017-12-23 18:15:38'),(77,7,3,'2011-09-25 07:42:29'),(77,14,1,'2013-11-08 23:03:13'),(77,27,2,'2015-05-14 02:10:21'),(78,11,1,'2020-08-19 12:18:43'),(78,27,3,'2016-09-06 11:40:07'),(78,28,3,'2021-02-04 20:32:47'),(79,3,2,'2013-08-15 13:08:19'),(79,5,3,'2020-07-21 15:47:35'),(79,10,3,'2015-06-20 19:02:25'),(80,8,2,'2015-12-28 08:51:46'),(80,10,3,'2014-01-11 20:08:54'),(80,21,1,'2012-08-22 04:20:03'),(81,12,2,'2018-12-14 09:06:53'),(81,22,3,'2018-11-10 23:06:01'),(81,30,3,'2019-07-23 02:42:51'),(82,2,1,'2017-07-08 16:35:51'),(82,13,2,'2016-04-19 21:32:19'),(83,4,1,'2012-12-14 04:54:26'),(83,26,1,'2019-07-20 14:36:35'),(83,34,3,'2020-12-23 16:34:03'),(84,15,2,'2021-01-26 17:12:19'),(84,22,3,'2020-01-22 22:29:28'),(84,33,1,'2012-01-04 07:05:43'),(85,13,3,'2014-05-19 22:34:51'),(85,19,1,'2013-02-15 16:40:58'),(85,24,2,'2011-08-20 17:59:50'),(86,22,2,'2016-01-04 04:04:39'),(86,27,1,'2014-08-05 00:56:28'),(86,28,2,'2019-10-24 08:46:26'),(87,1,3,'2017-05-28 15:39:22'),(87,21,3,'2016-09-11 22:35:43'),(87,22,3,'2018-11-05 00:40:05'),(88,4,2,'2015-08-14 11:48:05'),(88,25,1,'2016-04-14 02:23:08'),(88,27,1,'2016-10-14 05:13:09'),(89,12,1,'2016-10-27 21:56:39'),(89,20,1,'2015-01-30 18:59:26'),(90,3,1,'2013-12-28 17:02:58'),(90,16,3,'2011-08-05 22:49:25'),(90,17,2,'2013-12-12 22:45:23'),(91,23,1,'2021-02-12 19:30:20'),(91,27,3,'2015-05-18 06:40:57'),(92,7,1,'2016-01-08 07:08:25'),(92,8,3,'2013-10-27 15:42:38'),(92,13,2,'2018-06-11 05:02:35'),(93,15,2,'2017-06-28 11:06:38'),(93,17,3,'2013-04-18 22:43:07'),(93,31,3,'2016-07-07 12:27:07'),(94,8,3,'2018-01-09 19:43:26'),(94,26,1,'2012-08-09 12:17:50'),(94,34,3,'2020-02-09 13:22:33'),(95,30,1,'2018-07-22 01:28:12'),(95,33,1,'2017-12-14 17:24:05'),(95,34,3,'2015-02-23 11:56:54'),(96,21,2,'2018-03-29 07:23:52'),(96,28,1,'2013-01-24 17:21:55'),(96,32,3,'2017-12-24 03:03:38'),(97,5,1,'2020-01-23 19:58:14'),(97,8,1,'2014-01-06 00:46:27'),(97,20,2,'2012-01-28 01:19:36'),(98,11,2,'2016-12-21 01:01:55'),(98,18,1,'2016-02-19 03:03:55'),(98,33,2,'2011-10-01 12:47:29'),(99,4,1,'2021-03-08 12:37:41'),(99,14,1,'2012-09-01 22:03:33'),(99,23,2,'2015-07-02 01:46:32'),(100,3,2,'2015-11-17 01:41:07'),(100,26,2,'2016-02-18 17:32:54'),(100,35,2,'2020-03-04 02:13:36'),(101,12,1,'2019-02-14 06:03:35'),(101,26,3,'2016-07-22 22:09:30'),(101,36,1,'2018-11-28 17:34:48'),(102,1,3,'2019-09-28 23:00:16'),(102,9,2,'2021-03-12 21:27:51'),(102,27,1,'2014-01-14 18:06:48'),(103,5,2,'2018-11-09 11:44:28'),(103,13,3,'2016-04-02 07:38:59'),(103,22,1,'2014-12-08 02:47:45'),(104,2,2,'2020-04-12 21:51:25'),(104,30,3,'2014-03-22 11:27:34'),(104,32,2,'2011-08-21 17:02:17'),(105,12,2,'2017-01-31 01:48:04'),(105,27,1,'2021-03-31 06:25:55'),(105,30,1,'2021-02-13 12:35:57'),(106,5,3,'2014-08-11 00:10:25'),(106,7,2,'2012-03-24 11:37:27'),(106,10,3,'2019-06-14 18:27:09'),(107,2,1,'2016-07-30 09:45:49'),(107,22,3,'2013-01-28 03:50:32'),(107,35,2,'2012-10-21 00:09:08'),(108,6,2,'2017-09-28 02:13:57'),(108,26,2,'2018-01-29 21:04:32'),(108,28,3,'2017-04-08 01:06:32'),(109,4,1,'2011-11-20 19:22:36'),(109,14,1,'2018-02-14 17:54:28'),(109,15,2,'2012-02-14 02:15:03'),(110,3,1,'2018-06-13 19:39:50'),(110,23,2,'2017-03-20 23:09:29'),(110,29,3,'2017-01-10 21:37:09'),(111,2,1,'2014-05-23 01:52:56'),(111,14,2,'2016-12-21 15:59:39'),(111,29,1,'2021-01-21 03:31:06'),(112,14,2,'2014-09-02 12:03:02'),(112,25,2,'2012-12-28 12:22:11'),(112,30,3,'2015-01-10 03:14:54'),(113,10,2,'2018-07-15 12:16:17'),(113,17,2,'2019-12-09 09:25:47'),(113,19,2,'2015-10-11 13:46:29'),(114,3,3,'2016-02-18 02:27:57'),(114,13,1,'2016-03-11 03:53:32'),(114,20,2,'2014-05-15 02:36:41'),(115,1,2,'2018-11-01 14:29:40'),(115,6,3,'2019-09-17 14:46:39'),(115,22,1,'2011-12-30 17:40:57'),(116,9,1,'2016-06-01 08:56:22'),(116,16,1,'2019-08-13 01:18:55'),(116,35,2,'2018-12-05 16:31:07'),(117,4,2,'2018-01-05 20:16:26'),(117,20,1,'2020-10-01 16:40:46'),(117,33,2,'2015-11-02 00:14:41'),(118,6,2,'2017-03-21 12:09:06'),(118,18,3,'2017-12-18 01:22:12'),(118,36,3,'2018-11-26 22:43:08'),(119,6,1,'2020-02-29 21:11:29'),(119,8,3,'2020-04-12 12:11:10'),(119,26,2,'2011-09-21 08:19:43'),(120,22,3,'2015-12-08 19:49:59'),(120,30,2,'2019-01-26 19:33:53'),(120,35,2,'2011-06-26 09:22:49'),(121,7,1,'2015-06-26 07:25:39'),(121,16,2,'2013-06-23 07:31:46'),(121,23,1,'2014-11-05 16:19:19'),(122,6,3,'2015-06-12 10:17:46'),(122,14,3,'2015-02-03 04:41:31'),(122,16,1,'2019-11-05 04:15:24'),(123,33,2,'2012-06-29 20:03:14'),(123,35,2,'2018-02-18 06:52:58'),(123,36,1,'2013-01-28 08:01:56'),(124,8,1,'2012-12-30 10:09:49'),(124,9,1,'2011-06-17 12:27:45'),(124,14,1,'2012-02-25 03:05:46'),(125,25,2,'2020-11-21 02:26:38'),(125,29,1,'2011-12-11 07:23:36'),(126,6,3,'2019-09-14 10:24:45'),(126,12,1,'2011-08-10 12:04:30'),(126,18,1,'2011-11-22 10:29:06'),(127,23,2,'2020-03-23 00:54:41'),(127,29,2,'2012-07-02 21:52:16'),(127,31,1,'2019-03-04 10:32:46'),(128,7,3,'2012-03-20 14:56:03'),(128,27,1,'2014-02-03 04:50:17'),(128,31,2,'2015-07-12 10:39:40'),(129,18,1,'2017-05-16 00:39:43'),(129,29,1,'2020-12-31 00:32:39'),(129,32,3,'2020-03-06 23:04:13'),(130,22,1,'2018-11-17 00:00:55'),(130,25,2,'2016-07-01 02:12:51'),(130,33,3,'2015-08-13 12:27:19'),(131,5,2,'2016-05-15 09:09:51'),(131,9,3,'2017-05-03 04:13:09'),(131,32,1,'2013-09-08 20:55:21'),(132,5,1,'2018-01-17 20:15:09'),(132,10,2,'2019-05-10 01:49:33'),(132,31,2,'2018-04-10 14:27:38'),(133,5,1,'2015-06-10 09:48:26'),(133,15,1,'2020-01-05 07:16:38'),(133,24,2,'2017-07-28 16:19:31'),(134,11,1,'2014-02-27 22:49:18'),(134,22,1,'2020-10-17 13:47:23'),(134,33,2,'2012-08-10 18:37:37'),(135,16,1,'2016-01-01 12:22:39'),(135,18,1,'2014-05-07 13:00:32'),(136,12,1,'2020-10-11 18:50:48'),(136,19,3,'2011-11-11 21:09:15'),(136,26,2,'2021-01-26 08:57:41'),(137,12,3,'2013-10-21 08:55:51'),(137,21,1,'2013-12-13 13:01:53'),(137,24,1,'2014-03-08 00:27:56'),(138,20,1,'2011-08-18 03:11:52'),(138,29,1,'2020-10-03 20:49:58'),(138,36,3,'2015-11-21 16:46:35'),(139,18,3,'2012-09-20 00:07:10'),(139,24,1,'2012-09-04 18:06:02'),(139,35,1,'2018-11-30 20:54:21'),(140,16,2,'2015-12-04 16:00:42'),(140,25,2,'2012-09-07 11:16:06'),(140,26,2,'2015-05-31 21:01:01'),(141,1,2,'2018-07-08 06:19:04'),(141,11,3,'2013-12-21 22:14:01'),(141,12,1,'2012-11-26 12:52:50'),(142,14,3,'2020-10-02 20:27:49'),(142,15,3,'2017-06-06 15:00:53'),(142,21,2,'2013-12-22 16:53:26'),(143,5,1,'2017-09-11 22:01:16'),(143,12,3,'2017-05-01 17:40:18'),(143,32,1,'2015-09-18 23:55:46'),(144,4,2,'2017-03-02 17:33:15'),(144,7,1,'2016-11-06 15:54:57'),(144,27,1,'2016-04-05 08:04:03'),(145,5,3,'2017-04-21 17:07:16'),(145,26,1,'2012-11-01 04:10:52'),(145,31,3,'2016-06-15 03:23:10'),(146,27,1,'2016-06-25 08:16:05'),(146,32,2,'2016-07-27 00:05:22'),(147,19,1,'2018-12-20 08:51:18'),(147,22,2,'2012-12-12 05:49:58'),(147,32,2,'2014-09-02 02:15:02'),(148,13,1,'2018-12-28 04:50:45'),(148,27,1,'2019-01-05 21:31:31'),(149,16,1,'2021-01-15 08:35:19'),(149,31,1,'2017-03-15 06:26:03'),(150,10,3,'2020-06-24 00:51:50'),(150,12,1,'2018-04-30 02:52:59'),(150,34,2,'2018-02-13 19:50:45'),(151,3,2,'2018-01-16 20:28:22'),(151,21,3,'2015-02-23 17:41:34'),(151,33,1,'2020-01-25 11:02:04'),(152,15,2,'2014-07-30 22:57:27'),(152,21,1,'2016-12-08 22:57:01'),(152,35,1,'2020-07-10 18:43:31'),(153,23,2,'2012-08-07 09:45:58'),(153,24,2,'2011-11-02 07:39:49'),(153,34,3,'2019-12-09 18:28:00'),(154,15,2,'2017-03-07 17:16:11'),(154,21,3,'2012-01-10 04:26:26'),(154,24,1,'2013-10-27 00:34:33'),(155,13,1,'2012-07-12 06:23:05'),(155,19,3,'2017-08-15 01:18:11'),(155,23,2,'2017-12-10 16:53:56'),(156,10,3,'2015-10-08 07:15:44'),(156,23,3,'2019-05-19 10:17:27'),(156,33,2,'2013-12-22 14:50:28'),(157,4,1,'2014-01-20 06:56:47'),(157,17,3,'2020-06-27 16:09:49'),(157,28,1,'2019-08-07 02:36:06'),(158,7,1,'2014-06-07 01:44:40'),(158,27,3,'2012-06-11 19:12:49'),(158,29,1,'2018-01-07 00:17:22'),(159,6,3,'2021-02-11 04:27:20'),(159,15,3,'2016-12-12 07:54:08'),(159,36,2,'2012-07-31 06:40:32'),(160,9,3,'2019-06-15 20:17:02'),(160,16,3,'2014-11-06 01:36:48'),(160,31,2,'2014-05-15 17:17:34'),(161,5,2,'2019-01-07 20:10:07'),(161,16,2,'2015-08-28 15:39:27'),(161,20,2,'2020-07-10 00:26:15'),(162,3,3,'2013-02-27 18:03:04'),(162,12,3,'2020-09-20 00:16:55'),(162,23,2,'2015-01-27 19:20:01'),(163,3,2,'2019-08-25 20:59:27'),(163,5,2,'2013-03-04 09:58:00'),(163,24,2,'2019-02-19 01:17:42'),(164,15,2,'2015-06-23 04:04:47'),(164,25,3,'2021-01-14 18:41:42'),(165,18,2,'2015-01-18 07:01:54'),(165,28,3,'2013-12-12 18:31:26'),(165,29,3,'2011-12-08 16:34:53'),(166,7,2,'2015-05-03 18:00:00'),(166,30,2,'2019-01-25 21:16:23'),(167,4,1,'2016-09-19 16:34:02'),(167,25,1,'2013-12-17 20:22:44'),(167,30,1,'2012-08-30 11:17:36'),(168,4,2,'2017-03-15 09:58:08'),(168,24,2,'2021-03-04 07:59:04'),(168,30,1,'2016-08-11 16:31:23'),(169,4,2,'2015-06-06 06:28:53'),(169,18,3,'2020-01-13 10:49:28'),(169,23,1,'2016-11-27 03:22:45'),(170,10,3,'2020-11-10 03:29:45'),(170,17,3,'2018-09-03 03:59:27'),(170,36,1,'2015-12-18 07:06:27'),(171,25,1,'2017-07-05 19:02:40'),(171,33,3,'2011-06-19 16:47:22'),(172,3,2,'2017-01-31 17:00:27'),(172,6,1,'2011-05-21 02:02:25'),(172,11,2,'2014-09-14 12:20:05'),(173,8,1,'2015-04-27 11:21:35'),(173,21,1,'2012-08-07 19:02:44'),(173,34,3,'2015-06-03 08:57:16'),(174,25,2,'2013-05-08 18:51:51'),(174,27,1,'2012-12-14 10:46:04'),(174,36,2,'2019-04-11 15:55:41'),(175,17,3,'2015-02-07 02:37:01'),(175,18,1,'2018-10-22 17:12:36'),(175,23,3,'2018-04-19 05:07:42'),(176,2,3,'2017-10-13 21:56:19'),(176,5,2,'2016-06-07 18:56:21'),(176,17,2,'2020-02-18 21:31:02'),(177,6,3,'2011-07-12 15:58:37'),(177,14,2,'2013-12-19 09:38:26'),(177,32,3,'2012-09-14 05:13:01'),(178,3,2,'2014-08-13 03:15:27'),(178,18,2,'2013-08-28 21:36:15'),(178,32,1,'2019-01-13 11:07:01'),(179,4,3,'2016-06-29 06:34:54'),(179,18,2,'2014-02-28 12:58:47'),(180,33,3,'2014-01-14 04:36:06'),(180,35,2,'2018-12-09 21:10:15'),(181,3,3,'2019-09-19 03:12:13'),(181,14,3,'2016-02-08 18:41:32'),(181,25,1,'2018-03-05 23:18:22'),(182,1,1,'2017-10-15 10:40:12'),(182,29,2,'2017-07-16 23:09:32'),(182,33,2,'2020-11-22 15:32:34'),(183,5,3,'2012-02-12 04:24:32'),(183,11,3,'2019-06-15 01:40:49'),(183,33,3,'2013-09-15 16:15:08'),(184,6,1,'2020-04-09 14:10:06'),(184,8,2,'2014-02-24 08:13:39'),(184,20,1,'2013-10-22 11:35:16'),(185,15,2,'2013-04-30 03:53:28'),(185,20,1,'2015-08-28 13:43:17'),(185,32,1,'2020-11-22 14:48:55'),(186,2,3,'2015-04-22 22:28:32'),(186,8,1,'2016-10-19 21:09:23'),(186,17,1,'2014-07-08 21:17:01'),(187,6,3,'2013-12-05 17:02:53'),(187,36,2,'2011-12-17 19:05:04'),(188,7,1,'2020-02-09 02:07:23'),(188,21,3,'2019-06-07 09:42:31'),(188,32,1,'2015-09-18 01:22:58'),(189,2,2,'2021-02-16 19:10:59'),(189,30,3,'2014-12-24 06:27:11'),(189,31,2,'2013-10-08 12:02:02'),(190,6,3,'2015-07-23 10:14:00'),(190,22,1,'2018-08-23 10:37:50'),(190,25,1,'2012-11-18 04:47:52'),(191,1,2,'2013-05-31 13:01:16'),(191,13,1,'2015-04-25 10:25:07'),(191,34,3,'2013-05-21 10:52:34'),(192,18,2,'2011-05-03 00:00:21'),(192,36,3,'2017-10-30 07:58:47'),(193,1,1,'2020-01-22 04:13:03'),(193,20,2,'2019-02-14 03:35:22'),(193,22,3,'2013-07-14 15:39:52'),(194,6,2,'2016-02-07 10:08:40'),(194,9,1,'2018-02-18 01:18:43'),(194,33,3,'2015-09-03 12:10:59'),(195,16,1,'2012-07-27 09:10:08'),(195,27,3,'2012-01-16 12:28:46'),(195,32,3,'2020-11-11 22:02:56'),(196,14,3,'2019-04-15 07:14:57'),(196,22,2,'2019-10-08 04:59:05'),(196,28,1,'2013-07-06 23:20:18'),(197,2,3,'2014-09-01 02:16:02'),(197,9,2,'2013-11-16 08:54:11'),(197,26,2,'2013-08-18 15:56:22'),(198,9,1,'2011-06-22 11:54:03'),(198,12,2,'2011-09-04 18:35:22'),(198,24,2,'2019-10-21 18:33:18'),(199,25,2,'2015-05-05 02:17:49'),(199,30,3,'2011-06-08 08:56:11'),(199,36,2,'2018-01-21 14:04:10'),(200,12,2,'2019-11-25 21:26:55'),(200,13,1,'2020-05-05 11:38:18'),(200,31,2,'2015-06-17 21:20:25'),(201,5,3,'2012-09-05 11:13:22'),(201,20,3,'2012-03-06 20:11:38'),(201,32,3,'2012-07-27 12:16:10'),(202,4,3,'2013-11-22 23:13:35'),(202,5,1,'2015-01-28 16:43:16'),(202,6,1,'2012-10-23 19:17:05'),(203,7,3,'2011-07-25 23:45:07'),(203,13,2,'2016-05-29 21:24:58'),(203,23,2,'2014-01-12 12:27:52'),(204,7,1,'2016-01-23 07:36:35'),(204,27,1,'2016-03-07 22:59:14'),(204,29,1,'2018-07-23 05:15:10'),(205,9,1,'2013-10-09 17:54:51'),(205,10,2,'2018-10-07 15:01:00'),(205,32,3,'2016-10-24 12:29:59'),(206,4,2,'2014-04-26 20:14:58'),(206,5,3,'2014-08-21 17:51:36'),(206,22,2,'2020-05-09 15:50:43'),(207,30,1,'2021-03-08 06:01:43'),(207,35,3,'2011-12-07 03:50:58'),(208,20,1,'2011-09-01 02:29:15'),(208,24,2,'2017-02-25 20:51:59'),(208,27,3,'2012-12-24 19:12:28'),(209,6,3,'2020-03-13 02:18:12'),(209,7,3,'2013-02-15 08:39:57'),(209,27,3,'2019-05-17 06:40:55'),(210,6,1,'2020-09-10 10:04:04'),(210,21,1,'2015-01-15 20:13:39'),(210,26,1,'2013-05-23 12:00:20'),(211,18,1,'2016-05-02 09:12:21'),(211,21,3,'2011-05-13 11:24:42'),(211,28,1,'2015-03-03 09:52:26'),(212,7,3,'2021-01-27 14:49:24'),(212,30,2,'2020-01-11 00:22:56'),(213,2,3,'2015-04-12 12:02:02'),(213,22,1,'2019-04-01 05:48:40'),(213,32,3,'2014-12-20 19:48:15'),(214,4,2,'2019-09-25 05:46:01'),(214,20,2,'2017-01-15 09:58:25'),(214,34,1,'2011-09-11 09:05:19'),(215,4,2,'2020-09-17 11:40:41'),(215,13,2,'2018-09-09 12:34:02'),(215,19,2,'2013-01-07 08:55:59'),(216,1,2,'2018-08-24 22:48:18'),(216,16,3,'2018-04-04 08:26:47'),(216,26,3,'2017-02-11 14:35:54'),(217,6,3,'2012-02-17 01:36:42'),(217,19,1,'2020-10-29 22:16:14'),(218,10,1,'2016-09-04 11:51:32'),(218,11,1,'2015-03-17 04:54:59'),(218,17,2,'2020-06-15 14:02:40'),(219,18,2,'2012-01-31 22:56:14'),(219,22,3,'2015-07-08 14:13:40'),(219,31,2,'2011-09-14 06:42:34'),(220,5,2,'2012-10-23 17:35:40'),(220,6,1,'2012-05-12 12:47:24'),(220,17,2,'2015-06-27 22:15:30'),(221,11,1,'2011-05-10 16:17:30'),(221,16,3,'2018-12-02 00:04:52'),(221,20,2,'2019-03-24 12:28:43'),(222,1,2,'2015-10-24 23:12:33'),(222,17,3,'2015-08-07 14:27:36'),(222,25,2,'2016-09-17 12:11:13'),(223,2,2,'2015-05-12 23:39:00'),(223,12,1,'2017-05-12 14:52:51'),(223,26,2,'2018-05-08 01:16:00'),(224,9,3,'2020-08-05 19:01:57'),(224,15,1,'2018-08-03 10:33:07'),(224,35,3,'2016-06-20 15:35:15'),(225,9,1,'2019-12-25 03:39:47'),(225,21,3,'2013-08-14 04:02:00'),(225,26,1,'2012-11-11 05:57:36'),(226,7,1,'2019-10-29 20:22:14'),(226,16,2,'2014-03-29 16:52:32'),(226,24,2,'2013-09-11 17:45:42'),(227,2,1,'2016-10-12 15:12:47'),(227,5,2,'2019-07-10 10:59:44'),(227,27,1,'2011-10-04 11:38:06'),(228,5,3,'2011-09-29 03:25:01'),(228,22,1,'2016-01-24 23:45:05'),(228,33,3,'2017-07-04 09:36:22'),(229,15,2,'2021-04-11 04:06:54'),(229,18,1,'2016-12-16 12:24:00'),(229,29,1,'2020-07-22 10:52:19'),(230,9,1,'2015-11-06 18:54:12'),(230,26,1,'2013-05-04 01:51:48'),(230,34,3,'2018-01-23 21:45:01'),(231,12,1,'2015-10-29 03:47:46'),(231,28,3,'2018-02-18 16:37:13'),(231,32,2,'2017-01-27 06:20:33'),(232,9,2,'2014-01-22 06:04:13'),(232,13,2,'2015-09-10 01:16:24'),(232,34,3,'2016-09-28 10:03:37'),(233,5,2,'2019-11-15 05:10:35'),(233,16,2,'2016-12-09 01:05:33'),(233,23,2,'2019-01-06 11:54:56'),(234,4,1,'2011-09-22 00:33:29'),(234,18,3,'2021-01-09 10:37:08'),(234,27,3,'2016-05-28 13:08:46'),(235,1,3,'2011-06-09 09:24:50'),(235,13,3,'2019-04-14 17:00:10'),(235,18,3,'2016-11-30 23:00:59'),(236,10,2,'2020-06-06 09:03:58'),(236,16,2,'2011-10-03 05:43:15'),(236,36,3,'2014-07-10 10:41:38'),(237,1,3,'2012-10-13 10:43:45'),(237,16,2,'2020-01-19 10:28:48'),(237,21,1,'2014-02-17 18:43:07'),(238,1,1,'2021-03-06 16:22:42'),(238,15,1,'2014-05-29 17:04:30'),(239,17,2,'2012-03-27 18:23:40'),(239,31,3,'2013-06-30 18:33:05'),(239,34,3,'2018-07-26 19:08:33'),(240,6,1,'2016-08-18 04:20:09'),(240,17,2,'2018-04-03 02:56:18'),(240,24,2,'2012-12-19 02:57:15'),(241,6,1,'2015-10-30 13:42:58'),(241,13,3,'2016-03-17 01:47:16'),(241,32,3,'2020-05-18 00:06:40'),(242,2,1,'2020-04-26 17:47:42'),(242,4,3,'2012-02-02 05:30:44'),(242,7,2,'2018-09-12 00:06:05'),(243,3,2,'2015-02-16 20:46:17'),(243,6,2,'2014-01-01 08:21:05'),(243,34,1,'2018-05-30 17:32:59'),(244,2,2,'2014-06-30 06:59:08'),(244,8,2,'2017-09-25 00:00:27'),(244,18,3,'2014-02-08 01:58:52'),(245,4,1,'2011-08-08 14:50:37'),(245,13,3,'2012-11-25 15:44:05'),(245,34,1,'2018-03-07 02:29:27'),(246,16,2,'2021-01-29 21:31:51'),(246,20,3,'2013-07-20 05:38:16'),(246,26,3,'2018-05-13 19:25:11'),(247,1,3,'2012-07-10 12:26:20'),(247,28,2,'2014-07-04 08:57:23'),(247,32,2,'2014-09-07 14:10:41'),(248,20,2,'2016-10-25 19:04:59'),(248,22,3,'2014-11-10 09:50:27'),(248,35,2,'2014-11-27 18:01:21'),(249,5,1,'2011-08-26 19:26:28'),(249,6,1,'2017-05-30 07:32:46'),(249,31,1,'2011-10-04 14:13:27'),(250,5,2,'2020-07-17 22:39:32'),(250,18,2,'2014-04-10 21:56:54'),(250,31,2,'2016-06-15 01:58:42'),(251,10,1,'2017-02-17 05:59:07'),(251,20,1,'2013-06-07 06:08:58'),(251,22,3,'2016-09-11 04:57:24'),(252,14,2,'2016-01-14 06:34:31'),(252,29,1,'2019-07-05 11:50:38'),(252,32,2,'2012-11-17 00:32:09'),(253,6,3,'2018-01-15 20:13:04'),(253,9,3,'2019-03-13 14:46:52'),(253,20,2,'2020-06-26 21:23:55'),(254,19,1,'2020-12-01 02:38:53'),(254,27,1,'2013-03-09 10:53:01'),(254,36,3,'2019-12-22 01:16:07'),(255,2,3,'2012-09-03 04:51:27'),(255,11,3,'2017-04-16 23:37:16'),(255,24,1,'2015-03-22 23:21:49'),(256,30,3,'2014-07-11 07:22:09'),(256,31,2,'2020-04-22 16:33:43'),(256,33,1,'2017-08-14 23:00:34'),(257,1,1,'2016-01-12 21:33:31'),(257,2,3,'2011-07-04 06:54:19'),(257,33,3,'2018-08-12 09:06:54'),(258,4,3,'2016-07-11 00:51:08'),(258,19,1,'2019-05-03 15:06:55'),(258,31,2,'2012-02-24 05:50:57'),(259,12,3,'2020-01-07 11:15:51'),(259,16,1,'2020-11-24 10:51:53'),(259,18,3,'2015-05-29 12:13:25'),(260,6,2,'2018-12-31 09:54:12'),(260,16,2,'2015-06-04 01:07:56'),(260,24,1,'2013-07-12 05:37:52'),(261,14,1,'2019-01-30 12:01:08'),(261,17,3,'2020-12-20 00:13:14'),(261,24,1,'2017-05-10 17:01:02'),(262,17,2,'2020-06-28 08:50:03'),(262,21,2,'2020-01-11 13:05:51'),(262,36,1,'2013-09-23 11:26:31'),(263,7,3,'2018-02-27 03:58:57'),(263,19,2,'2018-01-16 22:53:52'),(263,25,2,'2019-10-31 00:16:20'),(264,12,2,'2014-11-22 23:36:45'),(264,19,3,'2018-03-26 06:08:51'),(264,34,2,'2015-08-12 11:44:49'),(265,5,2,'2019-03-18 09:06:41'),(265,29,3,'2012-02-17 07:01:18'),(265,30,3,'2012-11-11 23:01:55'),(266,2,3,'2017-02-10 21:33:42'),(266,9,2,'2021-02-01 20:52:09'),(266,15,1,'2018-12-21 16:34:34'),(267,13,1,'2019-04-24 06:19:34'),(267,29,3,'2014-12-19 15:43:17'),(267,33,1,'2019-11-07 18:10:21'),(268,14,2,'2012-06-09 07:47:36'),(268,24,2,'2018-05-17 20:09:29'),(268,26,1,'2017-02-01 14:30:11'),(269,1,2,'2016-05-05 21:48:25'),(269,14,2,'2017-11-12 01:05:35'),(269,20,3,'2018-05-18 11:56:50'),(270,2,3,'2013-12-12 07:23:34'),(270,16,3,'2020-07-15 14:03:03'),(270,27,3,'2016-11-19 15:38:49'),(271,9,1,'2016-01-12 12:11:34'),(271,21,1,'2017-10-30 17:30:53'),(271,28,1,'2013-02-07 13:29:24'),(272,10,2,'2018-06-08 12:55:20'),(272,23,3,'2018-10-28 08:43:26'),(272,30,3,'2017-07-14 18:16:23'),(273,2,2,'2020-09-24 11:26:29'),(273,4,2,'2021-01-21 09:10:54'),(273,20,3,'2014-05-16 16:59:29'),(274,4,1,'2020-09-05 05:05:18'),(274,13,2,'2012-09-14 17:06:55'),(274,20,2,'2016-09-09 12:47:02'),(275,9,2,'2011-07-05 11:31:22'),(275,28,1,'2020-06-29 16:39:07'),(275,35,3,'2013-07-30 11:18:33'),(276,9,1,'2019-04-12 03:19:44'),(276,10,3,'2015-05-18 17:51:09'),(276,21,3,'2019-06-14 06:50:31'),(277,12,1,'2017-06-20 00:22:42'),(277,25,2,'2014-12-15 09:44:32'),(277,29,1,'2015-05-29 18:15:43'),(278,3,2,'2011-09-03 01:21:56'),(278,19,3,'2020-07-13 19:38:46'),(278,35,1,'2014-07-16 05:54:11'),(279,18,2,'2016-11-04 22:26:10'),(279,25,2,'2021-03-02 05:26:23'),(279,26,2,'2014-05-18 00:38:38'),(280,10,3,'2020-02-24 22:46:08'),(280,11,3,'2013-02-07 12:08:59'),(280,15,1,'2014-08-15 21:06:09'),(281,13,2,'2019-06-25 14:16:18'),(281,26,2,'2011-08-31 16:37:43'),(281,36,2,'2018-02-02 14:06:55'),(282,5,2,'2018-04-09 11:10:59'),(282,11,2,'2019-01-08 06:47:46'),(282,22,2,'2020-08-02 16:21:35'),(283,17,2,'2011-08-26 11:26:36'),(283,29,1,'2020-03-07 18:50:31'),(283,34,2,'2016-09-09 09:40:39'),(284,13,1,'2018-05-15 16:59:20'),(284,21,2,'2015-07-10 21:24:42'),(284,33,2,'2013-04-30 14:08:58'),(285,12,3,'2020-07-19 08:35:08'),(285,18,3,'2019-11-17 17:47:18'),(285,31,3,'2013-01-07 23:27:06'),(286,6,1,'2019-04-27 11:55:05'),(286,14,1,'2018-03-21 19:12:50'),(286,16,2,'2015-12-24 10:52:17'),(287,2,3,'2012-04-19 18:00:55'),(287,5,1,'2019-10-20 02:19:41'),(287,11,3,'2012-09-16 11:04:41'),(288,6,2,'2016-05-29 07:55:30'),(288,24,3,'2016-06-19 04:42:48'),(288,29,3,'2019-12-21 18:58:56'),(289,7,1,'2016-05-24 23:11:05'),(289,28,3,'2019-11-12 03:36:13'),(289,34,1,'2014-08-14 00:38:38'),(290,7,3,'2017-07-27 11:48:42'),(290,11,2,'2018-03-08 08:37:01'),(290,32,2,'2018-07-20 08:16:26'),(291,2,3,'2017-05-04 00:04:38'),(291,10,3,'2018-06-22 22:46:31'),(291,33,2,'2020-01-14 04:00:26'),(292,12,1,'2016-07-27 03:20:00'),(292,28,3,'2019-09-20 14:25:43'),(292,36,3,'2013-03-13 16:37:23'),(293,13,1,'2020-05-28 20:06:27'),(293,17,2,'2019-07-19 13:35:51'),(293,30,2,'2016-12-14 20:18:25'),(294,1,2,'2021-02-15 10:16:11'),(294,6,3,'2016-01-22 06:42:06'),(294,34,2,'2013-12-09 15:45:20'),(295,5,2,'2015-12-13 03:34:37'),(295,29,1,'2017-01-26 08:10:53'),(295,36,1,'2015-03-02 05:09:36'),(296,19,2,'2015-01-01 00:49:24'),(296,31,1,'2015-10-23 20:55:16'),(296,34,3,'2017-09-17 15:21:45'),(297,16,3,'2019-10-30 08:40:17'),(297,18,3,'2013-02-20 22:36:32'),(297,19,3,'2015-11-02 16:38:06'),(298,7,1,'2015-08-02 19:00:55'),(298,19,2,'2015-02-03 02:15:43'),(298,24,2,'2015-06-12 05:48:19'),(299,2,3,'2020-04-18 07:30:17'),(299,11,2,'2019-12-06 01:02:59'),(299,21,1,'2018-06-30 00:34:42'),(300,10,3,'2011-12-13 13:48:36'),(300,21,3,'2017-08-28 02:06:44'),(300,27,3,'2020-03-08 21:50:21'),(301,3,1,'2013-12-09 21:50:21'),(301,15,1,'2011-05-28 09:22:35'),(301,33,1,'2016-09-06 05:46:02'),(302,15,3,'2014-03-03 10:46:30'),(302,20,2,'2020-11-14 08:17:26'),(302,22,2,'2016-10-09 03:30:34'),(303,5,1,'2012-06-08 01:46:51'),(303,7,1,'2015-06-03 04:11:50'),(303,22,1,'2011-10-26 17:06:16'),(304,11,3,'2011-12-22 07:10:31'),(304,24,1,'2016-05-08 14:38:00'),(305,4,3,'2017-09-30 12:44:52'),(305,8,2,'2011-12-18 12:41:10'),(305,22,1,'2019-05-04 12:45:37'),(306,2,1,'2017-07-18 10:37:32'),(306,18,2,'2012-04-09 11:13:43'),(306,33,1,'2012-04-01 10:45:33'),(307,5,3,'2021-03-20 09:48:43'),(307,7,1,'2012-02-26 22:58:03'),(308,2,3,'2011-07-06 16:41:46'),(308,28,1,'2018-06-27 06:44:34'),(308,29,3,'2016-01-10 18:35:22'),(309,9,3,'2019-06-25 16:33:44'),(309,19,1,'2017-05-24 02:02:30'),(309,27,2,'2019-09-04 11:09:05'),(310,2,1,'2017-04-24 12:38:35'),(310,15,2,'2014-01-16 13:40:06'),(310,33,2,'2014-07-22 21:33:20'),(311,14,1,'2021-01-18 15:58:26'),(311,22,2,'2018-07-29 04:59:44'),(311,33,1,'2018-05-11 18:47:16'),(312,20,2,'2019-10-26 21:52:21'),(312,24,1,'2017-07-30 08:14:45'),(312,35,1,'2011-10-11 08:44:43'),(313,19,3,'2019-06-16 12:44:05'),(313,27,1,'2014-06-16 21:25:04'),(313,33,3,'2017-06-17 06:40:10'),(314,12,3,'2017-03-28 10:05:34'),(314,14,3,'2014-05-02 10:09:00'),(314,29,1,'2017-07-24 16:56:20'),(315,2,1,'2020-12-18 09:19:04'),(315,21,2,'2019-07-23 16:00:29'),(315,35,2,'2017-01-03 02:52:10'),(316,2,3,'2016-03-28 14:07:35'),(316,24,1,'2016-08-05 08:44:21'),(316,36,3,'2021-03-23 05:36:36'),(317,8,2,'2017-01-25 18:04:14'),(317,26,3,'2012-04-19 20:59:26'),(317,36,3,'2012-07-08 03:41:42'),(318,9,3,'2011-08-14 12:30:13'),(318,27,1,'2012-10-06 10:34:37'),(318,35,2,'2019-04-17 05:03:01'),(319,5,3,'2015-09-07 18:12:38'),(319,31,3,'2018-12-22 08:52:55'),(319,35,3,'2015-08-19 02:07:27'),(320,21,3,'2020-08-21 15:39:30'),(320,26,1,'2012-07-09 07:22:07'),(320,29,2,'2019-12-27 12:31:56'),(321,8,2,'2012-09-29 07:36:08'),(321,14,1,'2019-12-18 13:10:31'),(321,28,3,'2013-11-12 15:33:58'),(322,1,2,'2019-11-12 04:11:37'),(322,5,3,'2020-10-26 14:06:16'),(322,24,2,'2020-04-03 11:09:45'),(323,11,3,'2020-02-14 03:52:37'),(323,23,3,'2018-01-04 08:10:32'),(323,27,1,'2013-10-24 22:13:40'),(324,5,2,'2012-04-29 04:53:47'),(324,21,3,'2018-02-06 19:18:38'),(324,27,1,'2015-12-26 11:11:47'),(325,6,3,'2017-10-18 16:05:42'),(325,22,1,'2013-09-23 16:56:36'),(325,28,2,'2021-04-22 23:08:49'),(326,1,2,'2016-08-14 10:25:05'),(326,21,3,'2014-01-26 19:08:29'),(326,36,1,'2019-06-28 14:49:08'),(327,3,1,'2015-10-08 04:36:56'),(327,5,1,'2020-03-17 21:20:38'),(327,9,2,'2016-12-15 17:35:52'),(328,21,2,'2020-07-17 01:45:43'),(328,26,3,'2011-12-14 03:14:22'),(328,27,3,'2015-07-06 16:08:25'),(329,8,1,'2017-06-09 06:18:44'),(329,22,3,'2013-05-13 18:01:09'),(329,34,2,'2016-08-18 21:28:06'),(330,19,2,'2015-08-09 23:02:22'),(330,25,3,'2012-11-18 03:52:26'),(330,36,3,'2016-07-12 20:35:59'),(331,22,3,'2015-09-19 22:27:59'),(331,27,2,'2018-02-11 04:20:07'),(331,32,2,'2019-12-22 12:38:23'),(332,5,3,'2016-04-03 10:14:37'),(332,6,1,'2014-04-28 21:29:32'),(332,18,1,'2016-06-13 16:54:15'),(333,9,1,'2015-12-17 11:59:08'),(333,15,2,'2020-04-25 15:07:34'),(333,22,1,'2012-03-04 12:56:54'),(334,19,1,'2020-09-15 22:25:45'),(334,29,2,'2014-07-31 01:45:43'),(335,9,2,'2012-05-22 05:42:11'),(335,15,2,'2017-07-14 14:02:12'),(335,26,2,'2021-01-26 23:52:15'),(336,13,1,'2013-09-24 20:00:37'),(336,17,3,'2013-01-30 22:05:29'),(336,31,1,'2012-08-31 16:15:35'),(337,5,3,'2016-12-11 09:14:07'),(337,15,3,'2015-05-05 16:53:56'),(337,17,3,'2017-11-08 05:34:07'),(338,9,2,'2017-04-08 10:28:48'),(338,12,1,'2015-09-21 02:33:14'),(338,22,1,'2017-06-25 20:30:22'),(339,13,2,'2018-10-20 10:17:42'),(339,25,1,'2014-01-26 04:05:10'),(339,28,2,'2016-09-12 18:54:28'),(340,9,2,'2013-07-26 06:04:41'),(340,13,1,'2019-10-18 10:14:48'),(340,34,3,'2014-11-17 15:33:02'),(341,1,1,'2012-06-06 17:28:27'),(341,24,1,'2012-06-14 13:55:13'),(342,20,3,'2012-08-13 22:05:08'),(342,25,1,'2017-04-16 16:03:55'),(342,35,1,'2020-01-17 11:37:09'),(343,3,3,'2014-10-04 00:26:50'),(343,26,1,'2015-05-14 02:44:57'),(343,27,1,'2013-10-01 13:13:25'),(344,13,1,'2020-01-19 04:34:32'),(344,19,3,'2012-10-11 03:00:22'),(344,23,3,'2020-03-09 23:59:47'),(345,19,1,'2013-04-14 04:59:21'),(345,20,3,'2019-03-29 03:35:34'),(345,35,1,'2013-07-15 15:50:10'),(346,7,2,'2011-08-13 04:10:51'),(346,17,1,'2015-04-05 08:53:36'),(346,34,2,'2018-07-22 10:10:29'),(347,11,2,'2018-09-19 02:00:48'),(347,25,3,'2015-09-02 05:15:48'),(347,36,2,'2013-10-23 21:45:47'),(348,5,1,'2014-02-14 11:28:25'),(348,13,1,'2020-07-09 22:06:21'),(348,20,2,'2018-09-18 07:14:43'),(349,2,1,'2019-05-22 06:42:48'),(349,14,1,'2018-12-27 08:25:06'),(349,32,1,'2019-05-11 07:44:42'),(350,14,3,'2015-07-29 04:19:50'),(350,15,3,'2012-07-08 18:55:28'),(350,17,3,'2014-06-29 14:32:43'),(351,21,2,'2018-03-04 09:45:03'),(351,23,2,'2014-12-01 12:52:12'),(351,35,3,'2016-07-27 09:42:25'),(352,4,3,'2015-07-09 11:41:14'),(352,26,3,'2014-04-13 23:42:47'),(352,34,3,'2020-01-23 23:13:07'),(353,24,3,'2019-09-03 16:19:38'),(353,34,2,'2014-05-25 20:35:07'),(353,36,1,'2014-02-10 12:08:25'),(354,2,3,'2014-06-12 15:36:49'),(354,18,2,'2016-11-24 18:15:06'),(354,22,2,'2012-07-09 23:36:18'),(355,10,3,'2011-10-16 01:43:01'),(355,16,1,'2012-08-27 21:02:34'),(355,18,2,'2014-05-24 19:26:10'),(356,11,3,'2019-01-18 12:46:36'),(356,24,3,'2021-04-17 19:39:47'),(356,36,1,'2020-11-11 10:12:07'),(357,13,3,'2019-02-09 22:26:12'),(357,26,3,'2020-06-14 08:56:23'),(357,33,3,'2013-03-10 15:37:17'),(358,6,3,'2014-01-20 14:49:02'),(358,7,3,'2016-09-11 23:03:57'),(358,34,3,'2013-12-29 11:40:14'),(359,13,3,'2015-05-17 05:38:06'),(359,20,2,'2017-04-03 12:35:54'),(359,23,3,'2013-03-14 11:44:35'),(360,14,1,'2020-07-08 09:32:53'),(360,29,1,'2014-01-11 14:33:35'),(360,35,3,'2017-09-01 19:44:22'),(361,28,1,'2016-07-31 17:00:25'),(361,35,1,'2017-09-18 03:33:39'),(361,36,2,'2012-06-22 22:06:58'),(362,7,2,'2019-04-17 12:27:06'),(362,16,1,'2017-05-31 11:07:14'),(362,27,1,'2015-12-04 07:25:17'),(363,4,1,'2011-08-12 18:41:26'),(363,22,1,'2012-04-22 14:47:40'),(363,25,3,'2014-10-20 20:04:35'),(364,9,2,'2016-08-01 17:41:02'),(364,20,1,'2014-10-31 20:36:19'),(364,22,2,'2020-04-24 01:14:39'),(365,9,1,'2019-12-24 06:49:42'),(365,11,2,'2013-04-15 14:37:49'),(365,19,1,'2016-06-28 19:10:07'),(366,20,3,'2020-02-12 13:51:06'),(366,35,2,'2013-12-04 21:20:26'),(367,28,2,'2011-08-24 12:44:05'),(367,33,2,'2016-03-14 14:33:13'),(367,34,3,'2020-05-27 05:46:02'),(368,8,1,'2012-11-18 01:21:03'),(368,13,1,'2012-01-16 06:54:33'),(368,14,3,'2014-01-11 09:33:10'),(369,19,2,'2016-06-16 03:22:15'),(369,25,3,'2019-09-28 12:21:39'),(369,33,1,'2017-09-11 10:05:26'),(370,3,3,'2020-03-08 22:21:14'),(370,4,2,'2020-05-06 17:19:41'),(370,8,2,'2014-12-11 08:04:09'),(371,3,2,'2011-10-27 15:10:16'),(371,11,1,'2020-01-11 03:42:04'),(371,33,1,'2019-06-30 16:10:51'),(372,15,3,'2017-12-04 05:58:22'),(372,31,3,'2015-05-03 19:42:16'),(372,36,2,'2016-11-22 03:28:43'),(373,3,2,'2013-10-04 07:43:12'),(373,16,2,'2019-05-29 03:02:39'),(373,28,3,'2019-12-16 03:51:09'),(374,8,1,'2017-11-15 23:19:16'),(374,17,2,'2018-09-15 19:05:20'),(374,26,1,'2019-02-12 02:21:31'),(375,8,2,'2016-02-10 06:16:22'),(375,13,2,'2015-08-29 03:39:35'),(375,28,2,'2012-02-27 19:15:30'),(376,27,2,'2011-11-16 14:59:57'),(376,33,1,'2018-08-31 04:24:31'),(376,34,1,'2014-05-04 06:04:57'),(377,24,1,'2012-10-01 03:41:09'),(377,27,1,'2012-11-01 05:03:50'),(377,30,2,'2015-05-28 04:24:01'),(378,7,3,'2013-01-05 15:01:18'),(378,14,1,'2012-01-17 10:34:52'),(378,32,1,'2019-06-30 08:19:29'),(379,24,1,'2015-10-05 04:54:23'),(379,27,1,'2018-10-23 02:00:08'),(379,28,1,'2016-08-16 07:45:40'),(380,4,2,'2013-10-17 15:58:01'),(380,6,2,'2018-06-16 00:42:07'),(380,28,1,'2019-07-04 08:51:24'),(381,12,3,'2013-10-31 20:22:20'),(381,15,1,'2018-02-01 04:01:15'),(381,23,1,'2020-08-27 19:09:48'),(382,4,2,'2017-09-10 07:38:59'),(382,10,1,'2020-07-20 00:24:59'),(382,21,1,'2019-11-17 01:10:54'),(383,5,2,'2015-04-18 19:40:02'),(383,16,1,'2012-05-05 17:17:57'),(383,19,1,'2018-07-17 18:46:33'),(384,13,1,'2013-11-11 22:46:54'),(384,27,1,'2019-06-11 17:39:30'),(384,32,3,'2015-02-21 06:34:21'),(385,10,1,'2012-02-10 00:35:55'),(385,26,1,'2011-10-09 23:14:07'),(385,36,1,'2013-12-12 22:54:55'),(386,8,1,'2015-02-23 08:04:27'),(386,10,1,'2013-11-19 02:18:36'),(386,12,1,'2017-12-16 19:00:10'),(387,7,1,'2017-02-11 06:41:19'),(387,28,3,'2015-01-22 18:33:53'),(388,1,3,'2020-11-20 22:05:30'),(388,11,2,'2019-02-02 19:51:55'),(388,22,1,'2012-02-22 19:47:56'),(389,27,1,'2017-11-14 03:03:50'),(389,28,3,'2019-09-02 16:13:28'),(389,32,1,'2017-12-15 06:47:04'),(390,24,2,'2011-09-22 23:13:02'),(390,33,3,'2016-04-06 23:06:58'),(391,21,2,'2021-02-12 14:40:16'),(391,30,2,'2019-02-05 15:23:05'),(392,22,2,'2018-05-22 03:18:08'),(392,24,3,'2021-01-09 23:37:54'),(392,31,2,'2012-08-12 12:32:46'),(393,8,2,'2016-08-17 23:07:17'),(393,19,3,'2020-04-23 12:50:28'),(393,27,1,'2018-10-30 05:12:55'),(394,20,3,'2020-12-26 16:28:27'),(394,21,1,'2014-05-25 07:33:08'),(395,9,3,'2013-03-01 05:27:47'),(395,22,3,'2014-03-07 04:56:48'),(395,34,3,'2018-07-11 11:47:50'),(396,3,3,'2016-04-21 03:25:46'),(396,8,2,'2020-04-18 22:04:04'),(396,21,1,'2011-05-24 14:56:39'),(397,14,3,'2013-06-27 01:54:42'),(397,16,3,'2018-02-22 00:45:52'),(397,24,1,'2017-01-02 17:02:05'),(398,1,1,'2018-12-20 01:09:03'),(398,11,3,'2012-06-07 12:16:52'),(398,24,2,'2019-02-23 00:02:04'),(399,2,3,'2019-10-15 03:41:07'),(399,29,1,'2016-08-21 22:34:53'),(399,33,2,'2021-04-07 05:18:12'),(400,13,1,'2012-07-05 19:31:02'),(400,16,3,'2019-06-27 09:47:49'),(400,17,2,'2013-04-20 11:16:23'),(401,10,2,'2014-01-23 21:54:28'),(401,19,1,'2013-05-07 18:29:17'),(401,21,3,'2015-12-06 08:59:41'),(402,4,2,'2014-07-18 17:15:54'),(402,5,1,'2011-05-19 11:56:37'),(402,34,3,'2017-04-03 19:19:05'),(403,17,2,'2013-06-05 05:54:25'),(403,23,2,'2014-09-10 12:32:41'),(403,25,3,'2011-05-20 06:27:28'),(404,19,3,'2013-11-08 21:56:07'),(404,20,1,'2018-09-13 12:00:22'),(404,33,1,'2018-10-21 15:08:50'),(405,4,3,'2015-07-14 09:51:05'),(405,11,3,'2012-03-22 22:48:19'),(405,16,2,'2014-03-09 08:12:17'),(406,11,2,'2014-01-14 23:05:35'),(406,12,1,'2016-03-04 19:11:57'),(406,16,3,'2015-11-10 04:42:29'),(407,3,3,'2014-06-30 19:59:20'),(407,32,2,'2011-12-01 14:28:14'),(407,33,3,'2014-06-12 03:21:51'),(408,23,1,'2020-02-20 07:39:56'),(408,24,3,'2016-09-22 00:36:23'),(408,36,3,'2013-05-21 19:41:20'),(409,3,2,'2011-07-08 00:45:26'),(409,11,3,'2013-10-20 21:46:30'),(409,20,1,'2018-07-03 10:24:02'),(410,13,3,'2015-07-27 21:20:44'),(410,21,2,'2012-03-23 19:08:42'),(410,22,3,'2016-10-01 08:47:09'),(411,16,1,'2015-02-10 07:44:29'),(411,17,2,'2012-04-20 06:09:52'),(411,22,2,'2019-08-19 18:44:10'),(412,1,1,'2016-09-19 06:12:22'),(412,7,1,'2014-02-06 20:37:06'),(412,31,2,'2020-01-29 03:32:39'),(413,13,1,'2015-08-27 20:54:39'),(413,28,1,'2011-11-02 09:21:21'),(413,30,1,'2020-05-17 01:31:06'),(414,5,3,'2015-04-25 21:12:36'),(414,7,1,'2018-06-02 22:06:18'),(414,29,1,'2019-01-11 18:29:15'),(415,7,3,'2012-08-16 17:04:43'),(415,28,1,'2016-11-04 23:15:49'),(415,29,1,'2012-11-02 12:15:59'),(416,7,1,'2017-12-07 03:31:49'),(416,23,1,'2016-02-06 04:12:20'),(416,24,1,'2017-11-18 16:44:44'),(417,5,2,'2015-08-10 13:10:02'),(417,15,3,'2012-09-06 23:26:03'),(417,26,1,'2018-06-07 20:42:12'),(418,24,1,'2016-01-01 13:57:15'),(418,25,1,'2018-10-18 15:31:18'),(418,34,3,'2012-05-01 16:51:21'),(419,6,1,'2015-01-02 15:07:41'),(419,27,2,'2020-07-17 12:10:08'),(419,35,2,'2017-05-13 21:48:43'),(420,18,2,'2016-09-18 07:24:03'),(420,30,3,'2014-11-19 22:36:06'),(420,34,3,'2015-06-15 07:32:25'),(421,5,3,'2013-05-12 02:54:39'),(421,17,2,'2012-03-19 19:21:17'),(421,25,2,'2011-05-22 22:26:12'),(422,14,1,'2013-10-06 00:34:58'),(422,18,2,'2019-07-21 23:37:18'),(422,28,3,'2011-11-19 23:08:45'),(423,15,2,'2018-09-23 04:06:04'),(423,19,1,'2012-07-19 21:45:00'),(423,28,2,'2019-06-26 12:00:31'),(424,1,2,'2015-12-22 21:43:11'),(424,5,1,'2015-09-30 21:43:10'),(424,29,3,'2018-12-30 17:09:45'),(425,29,1,'2012-05-26 03:24:49'),(425,32,3,'2019-10-28 10:56:15'),(425,34,1,'2011-12-16 14:21:05'),(426,4,1,'2015-08-11 12:07:11'),(426,8,2,'2020-01-14 02:56:06'),(426,19,3,'2011-11-24 20:21:48'),(427,7,2,'2020-09-25 16:57:21'),(427,12,3,'2013-02-26 16:43:16'),(428,11,2,'2015-12-14 22:19:24'),(428,22,3,'2017-09-19 00:21:40'),(428,28,3,'2017-02-21 08:35:01'),(429,1,3,'2021-03-05 09:09:04'),(429,9,2,'2016-01-21 21:15:36'),(429,10,3,'2018-09-11 23:53:19'),(430,2,3,'2018-05-18 20:57:03'),(430,14,3,'2013-04-05 01:50:34'),(430,18,2,'2012-01-31 13:33:43'),(431,19,2,'2015-10-12 11:01:18'),(431,24,2,'2015-05-01 16:32:50'),(431,35,2,'2016-06-21 00:21:41'),(432,29,1,'2012-03-12 12:54:34'),(432,34,2,'2020-10-17 02:03:24'),(432,35,2,'2017-07-20 04:16:42'),(433,15,2,'2017-02-16 17:21:46'),(433,19,2,'2020-02-02 19:32:18'),(433,31,2,'2014-11-08 08:42:25'),(434,2,2,'2015-06-20 07:13:44'),(434,16,2,'2014-11-01 08:12:12'),(434,35,1,'2014-06-09 13:01:24'),(435,6,3,'2018-02-20 19:29:53'),(435,9,3,'2020-02-17 09:00:48'),(435,35,1,'2019-10-20 18:45:37'),(436,4,2,'2017-05-06 22:03:02'),(436,7,3,'2016-12-06 10:00:45'),(436,30,2,'2016-07-07 16:05:13'),(437,9,3,'2017-04-15 23:19:20'),(437,29,3,'2011-06-21 12:57:50'),(437,32,3,'2017-12-15 05:53:14'),(438,1,2,'2020-12-14 17:54:35'),(438,8,3,'2016-02-09 04:10:02'),(438,12,1,'2011-12-03 01:02:51'),(439,12,1,'2012-09-16 18:22:45'),(439,24,1,'2016-03-26 09:31:51'),(439,31,3,'2015-03-22 03:24:45'),(440,14,1,'2015-11-18 11:54:09'),(440,22,2,'2017-11-27 21:41:20'),(440,28,2,'2013-05-05 18:35:44'),(441,4,3,'2019-04-22 06:49:57'),(441,21,2,'2017-01-08 16:51:45'),(441,33,1,'2016-03-01 15:20:35'),(442,10,2,'2012-01-18 07:42:52'),(442,13,1,'2019-11-24 22:40:53'),(442,26,3,'2018-05-09 15:37:54'),(443,12,3,'2020-07-20 11:43:37'),(443,28,1,'2013-07-25 02:12:21'),(443,29,1,'2019-11-07 14:48:06'),(444,1,3,'2018-06-30 07:48:18'),(444,8,2,'2012-10-13 06:08:09'),(444,35,2,'2020-03-06 20:31:25'),(445,1,2,'2012-06-05 01:29:27'),(445,14,2,'2016-05-14 14:49:58'),(445,30,2,'2019-11-28 21:56:36'),(446,8,3,'2012-05-07 14:13:13'),(446,31,1,'2016-11-15 10:40:59'),(446,34,3,'2019-10-14 23:10:33'),(447,1,1,'2019-01-24 05:12:14'),(447,12,1,'2019-05-28 09:35:57'),(447,23,3,'2019-08-23 00:10:28'),(448,6,3,'2013-01-14 00:22:26'),(448,34,2,'2014-10-11 15:45:15'),(448,35,2,'2016-03-03 06:34:09'),(449,10,1,'2015-01-03 06:37:59'),(449,26,2,'2020-10-26 15:43:28'),(450,13,2,'2013-05-03 14:27:01'),(450,16,2,'2020-08-25 02:39:08'),(450,19,3,'2015-10-14 22:31:05'),(451,5,2,'2017-04-27 07:12:27'),(451,22,2,'2017-09-06 03:42:48'),(451,23,3,'2017-12-13 11:58:12'),(452,6,2,'2016-04-07 18:47:33'),(452,23,3,'2017-05-10 03:11:51'),(452,31,3,'2020-04-20 23:00:34'),(453,5,2,'2012-07-11 23:19:58'),(453,14,1,'2018-07-24 02:26:42'),(453,31,3,'2018-09-07 19:34:09'),(454,5,3,'2013-10-06 13:54:56'),(454,29,3,'2018-02-23 21:12:49'),(454,35,1,'2012-10-29 19:18:25'),(455,8,3,'2013-08-03 03:08:24'),(455,14,2,'2011-08-20 17:23:57'),(455,28,2,'2020-12-28 11:22:01'),(456,5,3,'2019-05-27 22:55:26'),(456,19,3,'2015-11-20 00:17:01'),(456,26,3,'2013-09-04 00:14:14'),(457,7,2,'2014-02-27 07:10:24'),(457,18,3,'2017-01-08 10:24:22'),(457,31,1,'2013-12-09 18:50:05'),(458,16,1,'2015-03-29 23:53:51'),(458,31,3,'2015-03-23 01:46:24'),(459,6,3,'2020-05-20 13:41:33'),(459,16,2,'2011-09-26 04:51:43'),(460,26,3,'2016-01-27 11:19:02'),(460,27,2,'2014-11-05 20:04:20'),(460,32,3,'2014-05-11 06:00:58'),(461,21,2,'2019-01-05 16:35:03'),(461,31,3,'2011-08-21 19:58:53'),(461,35,2,'2016-04-16 10:03:51'),(462,3,2,'2019-08-05 06:46:16'),(462,18,1,'2019-08-05 01:53:52'),(462,25,2,'2017-09-27 22:40:15'),(463,8,3,'2014-04-08 14:18:06'),(463,9,1,'2016-02-04 14:13:32'),(463,29,3,'2017-10-09 11:02:14'),(464,31,3,'2019-04-17 05:04:38'),(464,32,1,'2017-12-06 03:01:29'),(464,33,1,'2016-11-28 04:52:35'),(465,1,2,'2017-10-07 21:05:49'),(465,17,2,'2017-02-28 17:07:30'),(465,24,1,'2013-12-17 23:11:57'),(466,18,2,'2017-12-29 19:30:46'),(466,19,2,'2013-04-11 04:24:36'),(467,25,2,'2018-10-24 09:00:58'),(467,27,3,'2018-01-03 19:38:51'),(467,28,3,'2018-04-03 20:50:19'),(468,15,1,'2011-10-31 01:10:26'),(468,25,1,'2011-12-01 03:50:12'),(468,32,3,'2011-06-07 07:04:03'),(469,3,2,'2019-12-31 00:13:42'),(469,12,3,'2019-04-03 09:18:37'),(469,34,3,'2015-09-01 07:53:55'),(470,2,1,'2015-01-22 10:04:36'),(470,23,3,'2017-07-21 20:08:06'),(470,27,1,'2013-07-03 00:03:02'),(471,8,3,'2012-01-31 04:43:52'),(471,10,1,'2015-03-08 19:23:53'),(471,30,3,'2012-01-18 09:51:29'),(472,8,1,'2017-09-21 19:38:10'),(472,19,2,'2017-08-18 02:15:50'),(472,28,1,'2020-12-25 15:43:26'),(473,3,3,'2012-02-01 00:39:12'),(473,15,2,'2019-03-08 10:19:16'),(473,20,2,'2015-11-22 15:42:55'),(474,3,3,'2017-12-04 01:04:01'),(474,33,1,'2013-10-04 15:10:23'),(474,34,2,'2018-03-05 12:15:49'),(475,7,1,'2019-03-30 02:13:02'),(475,23,1,'2012-02-10 13:36:45'),(475,34,3,'2016-12-01 02:58:16'),(476,11,2,'2013-05-19 19:53:49'),(476,25,1,'2018-07-14 04:06:13'),(476,34,2,'2021-03-12 01:49:32'),(477,5,1,'2018-06-16 09:52:31'),(477,23,1,'2018-11-24 07:40:13'),(477,26,1,'2016-02-17 10:14:49'),(478,13,1,'2020-03-29 00:32:28'),(478,14,3,'2016-04-20 13:09:19'),(478,31,1,'2017-09-29 00:47:10'),(479,21,3,'2014-03-30 05:55:15'),(479,32,1,'2020-03-13 22:59:04'),(479,35,3,'2017-08-22 23:02:32'),(480,3,2,'2012-01-15 11:25:15'),(480,20,2,'2014-03-21 14:29:12'),(480,32,3,'2020-09-25 17:47:18'),(481,2,3,'2018-06-19 01:58:41'),(481,5,2,'2013-09-16 06:15:22'),(481,28,2,'2018-01-02 16:51:08'),(482,9,2,'2016-11-28 23:40:50'),(482,10,1,'2021-01-08 00:31:14'),(482,31,2,'2019-01-26 08:39:02'),(483,4,1,'2015-06-23 15:14:17'),(483,8,2,'2020-12-17 18:55:27'),(483,13,1,'2016-11-16 17:12:56'),(484,8,3,'2015-04-17 06:18:42'),(484,19,2,'2018-12-07 02:22:45'),(484,29,2,'2012-01-29 05:29:51'),(485,10,3,'2020-08-02 12:04:58'),(485,11,2,'2017-07-09 02:26:34'),(485,16,1,'2019-05-30 15:21:44'),(486,1,2,'2014-12-08 01:47:33'),(486,10,1,'2016-03-27 19:09:46'),(486,31,2,'2013-10-22 11:26:25'),(487,22,3,'2017-07-20 00:57:37'),(487,27,3,'2020-12-22 23:24:37'),(487,35,3,'2015-12-14 19:22:49'),(488,5,1,'2013-06-02 13:44:04'),(488,9,2,'2017-08-25 20:41:02'),(488,16,3,'2018-07-27 19:19:31'),(489,23,2,'2019-05-31 08:41:06'),(489,32,1,'2012-01-24 12:01:34'),(489,33,2,'2012-07-12 12:24:51'),(490,4,2,'2019-07-01 01:47:44'),(490,30,3,'2015-03-11 00:58:09'),(490,33,1,'2019-03-02 03:56:45'),(491,9,3,'2014-10-08 21:37:15'),(491,15,1,'2012-11-03 08:48:02'),(491,17,3,'2014-08-10 06:48:29'),(492,22,2,'2013-08-27 06:36:30'),(492,26,3,'2014-01-02 15:48:07'),(492,34,2,'2014-11-27 18:26:55'),(493,11,2,'2020-10-01 02:52:15'),(493,28,3,'2013-04-12 07:30:16'),(493,31,1,'2020-03-06 18:48:22'),(494,7,1,'2013-01-18 21:53:37'),(494,10,2,'2015-07-25 10:43:14'),(494,31,2,'2016-04-24 08:13:53'),(495,1,3,'2012-01-10 21:08:50'),(495,11,1,'2014-07-01 17:05:27'),(495,22,3,'2016-10-21 02:21:01'),(496,9,1,'2014-07-23 20:27:04'),(496,21,2,'2016-08-14 23:25:20'),(496,34,1,'2015-12-10 18:36:44'),(497,3,3,'2021-02-15 20:04:58'),(497,6,2,'2014-04-28 15:28:02'),(497,7,1,'2018-09-04 09:55:05'),(498,14,2,'2016-10-19 11:50:45'),(498,19,2,'2013-08-22 02:45:49'),(498,36,3,'2015-08-06 11:47:59'),(499,12,1,'2012-09-16 19:14:31'),(499,13,2,'2016-10-23 08:11:45'),(499,35,2,'2019-07-08 04:02:11'),(500,11,3,'2012-07-27 11:14:05'),(500,17,3,'2019-04-18 13:21:55'),(500,18,1,'2018-06-23 13:04:51'),(501,6,1,'2019-11-02 23:59:41'),(501,8,2,'2014-03-05 10:42:04'),(501,27,2,'2017-08-18 04:38:36'),(502,27,1,'2015-09-20 16:08:52'),(502,33,3,'2012-05-28 01:59:33'),(502,36,1,'2020-11-14 08:54:02'),(503,17,1,'2014-06-18 19:48:56'),(503,32,3,'2013-05-27 12:55:58'),(503,35,1,'2019-07-07 19:20:12'),(504,14,2,'2018-12-14 10:30:24'),(504,30,1,'2019-09-10 08:38:41'),(505,11,2,'2016-10-02 03:46:22'),(505,25,3,'2018-08-04 08:51:05'),(505,28,1,'2020-02-27 19:04:21'),(506,5,1,'2019-05-28 10:48:23'),(506,9,2,'2019-10-18 15:02:42'),(506,21,3,'2013-05-29 15:45:57'),(507,14,1,'2020-10-30 05:39:14'),(507,29,2,'2015-01-05 04:27:18'),(507,31,2,'2015-09-13 16:32:10'),(508,2,1,'2014-12-21 04:19:23'),(508,5,3,'2011-08-23 03:06:23'),(508,28,2,'2020-03-17 05:57:54'),(509,8,2,'2012-05-11 15:02:08'),(509,12,2,'2015-11-10 06:24:40'),(509,19,2,'2016-11-23 16:28:48'),(510,1,2,'2017-04-22 23:07:39'),(510,27,2,'2020-06-30 02:03:22'),(510,31,3,'2016-12-24 13:38:56'),(511,3,3,'2019-02-11 08:46:29'),(511,31,1,'2019-02-14 00:25:13'),(511,36,1,'2014-02-28 09:06:36'),(512,16,3,'2017-07-20 06:17:28'),(512,19,1,'2012-07-09 15:42:06'),(512,34,2,'2016-04-17 11:36:16'),(513,12,3,'2020-03-27 16:05:56'),(513,31,1,'2020-07-07 10:55:38'),(513,35,3,'2019-05-29 07:01:39'),(514,14,2,'2016-03-10 20:30:35'),(514,30,3,'2017-06-10 19:00:33'),(514,36,1,'2015-09-11 00:24:11'),(515,2,1,'2020-09-23 21:42:26'),(515,12,3,'2020-06-11 06:55:47'),(515,28,1,'2016-12-16 11:52:07'),(516,6,3,'2015-01-27 23:48:34'),(516,7,2,'2019-06-27 20:51:09'),(516,17,1,'2015-09-22 08:43:47'),(517,25,3,'2017-08-16 07:02:44'),(517,29,3,'2016-04-15 12:25:42'),(517,32,2,'2013-05-04 10:57:06'),(518,1,2,'2016-12-24 23:35:04'),(518,20,3,'2013-04-04 04:17:19'),(518,36,2,'2014-07-02 03:40:21'),(519,12,1,'2012-09-29 12:44:07'),(519,32,3,'2017-03-19 06:10:17'),(519,34,3,'2013-09-13 05:23:17'),(520,2,3,'2016-12-28 00:37:24'),(520,14,1,'2015-01-29 02:44:21'),(520,16,2,'2019-03-11 00:45:08'),(521,9,1,'2015-02-28 09:58:01'),(521,25,2,'2013-02-09 05:29:23'),(521,34,3,'2017-04-08 06:52:04'),(522,15,1,'2015-10-29 11:52:57'),(522,27,1,'2018-07-25 20:11:17'),(522,28,3,'2017-06-13 10:17:49'),(523,5,3,'2019-09-22 04:22:20'),(523,27,2,'2014-01-07 14:49:25'),(523,36,3,'2016-11-27 16:56:30'),(524,18,1,'2019-05-23 21:32:42'),(524,29,3,'2015-01-10 10:57:38'),(524,34,3,'2018-01-30 00:17:21'),(525,11,3,'2019-01-23 20:20:53'),(525,26,1,'2012-06-25 05:44:44'),(525,29,2,'2018-05-05 20:23:59'),(526,28,1,'2021-02-11 19:10:00'),(526,31,3,'2017-05-10 17:14:08'),(526,34,3,'2020-02-24 13:29:35'),(527,7,2,'2015-06-15 15:19:39'),(527,12,3,'2018-07-22 05:24:15'),(527,20,1,'2019-07-23 09:05:05'),(528,6,3,'2011-11-10 06:26:54'),(528,18,2,'2019-08-26 09:00:01'),(528,33,2,'2014-02-13 02:48:02'),(529,4,1,'2018-07-01 13:16:23'),(529,17,3,'2019-11-02 23:21:52'),(529,21,2,'2015-08-16 13:35:34'),(530,3,2,'2020-03-22 13:45:05'),(530,15,3,'2017-06-27 03:02:17'),(531,5,3,'2021-01-31 06:15:33'),(531,34,1,'2019-07-01 17:57:04'),(531,36,2,'2019-03-31 21:47:14'),(532,9,2,'2020-02-26 13:28:14'),(532,17,1,'2021-01-23 05:27:54'),(533,24,1,'2020-04-30 20:51:31'),(533,26,3,'2020-02-11 04:28:07'),(533,35,3,'2021-01-03 18:42:23'),(534,13,3,'2015-11-02 16:27:47'),(534,16,3,'2012-12-25 04:59:59'),(534,30,1,'2018-05-16 04:21:59'),(535,1,2,'2012-06-09 15:25:13'),(535,19,1,'2012-01-12 04:33:25'),(535,27,2,'2018-03-30 17:38:01'),(536,10,2,'2012-01-31 20:29:18'),(536,33,1,'2014-04-05 04:38:19'),(537,8,1,'2020-10-13 18:57:28'),(537,25,3,'2013-03-14 23:16:20'),(537,35,3,'2020-02-20 21:07:43'),(538,20,1,'2016-03-21 04:08:54'),(538,27,3,'2018-08-16 04:21:44'),(538,31,3,'2012-08-13 06:14:08'),(539,4,2,'2017-11-03 00:18:01'),(539,17,2,'2012-10-19 03:08:39'),(539,31,2,'2011-11-21 23:22:47'),(540,1,2,'2013-02-02 05:46:22'),(540,13,1,'2012-11-12 08:08:30'),(540,26,1,'2014-02-13 13:37:09'),(541,1,2,'2019-09-14 17:27:42'),(541,2,2,'2012-02-12 03:59:26'),(541,12,1,'2020-01-13 23:09:55'),(542,12,1,'2013-03-09 09:40:43'),(542,32,2,'2020-07-15 07:08:27'),(542,35,2,'2019-06-02 09:55:57'),(543,9,1,'2019-06-26 21:29:43'),(543,16,1,'2020-11-29 08:13:15'),(543,22,3,'2013-04-09 11:19:25'),(544,6,1,'2012-01-24 17:14:57'),(544,32,2,'2013-10-27 09:38:32'),(544,36,1,'2014-08-19 12:16:49'),(545,8,2,'2017-03-30 10:12:37'),(545,30,3,'2019-01-19 17:41:19'),(545,32,1,'2011-08-26 12:18:03'),(546,4,3,'2020-04-11 15:44:14'),(546,18,2,'2013-06-20 17:21:38'),(546,23,1,'2020-06-27 12:34:46'),(547,19,3,'2017-12-19 09:43:16'),(547,29,3,'2013-08-01 19:33:03'),(547,33,1,'2013-04-29 17:37:53'),(548,13,1,'2020-12-05 13:21:23'),(548,23,2,'2016-01-30 08:26:36'),(548,26,3,'2012-09-15 22:22:18'),(549,4,2,'2020-06-23 00:27:14'),(549,28,2,'2020-03-16 18:17:19'),(549,32,3,'2017-01-12 16:00:58'),(550,2,1,'2011-09-18 19:52:52'),(550,18,2,'2011-10-30 08:18:40'),(550,29,3,'2014-04-16 22:06:39'),(551,21,3,'2017-10-17 20:37:46'),(551,24,3,'2017-10-23 19:38:55'),(551,30,3,'2018-08-02 14:41:38'),(552,22,2,'2015-06-30 10:20:50'),(552,26,3,'2012-08-08 22:46:42'),(552,29,1,'2016-02-06 22:31:29'),(553,9,3,'2012-06-12 09:01:16'),(553,30,2,'2019-06-02 20:57:27'),(553,35,2,'2020-01-04 10:11:32'),(554,4,2,'2013-06-04 02:00:33'),(554,27,3,'2019-03-28 10:57:38'),(554,36,3,'2014-10-19 16:13:47'),(555,4,3,'2016-12-09 13:11:32'),(555,12,3,'2016-10-19 20:01:59'),(555,28,1,'2016-10-29 16:01:30'),(556,2,3,'2011-09-15 10:02:46'),(556,14,1,'2011-07-28 22:47:28'),(556,17,2,'2018-08-01 08:43:18'),(557,3,1,'2012-03-31 12:52:10'),(557,18,2,'2012-10-16 03:43:43'),(557,24,1,'2021-04-16 03:06:38'),(558,2,2,'2015-01-28 19:09:03'),(558,9,3,'2012-12-20 14:48:45'),(558,28,2,'2016-10-05 11:59:40'),(559,17,1,'2020-09-18 22:50:07'),(559,19,3,'2015-03-26 03:33:14'),(559,27,2,'2019-05-29 11:09:25'),(560,25,1,'2017-10-03 16:12:32'),(560,35,3,'2020-07-17 22:16:50'),(560,36,1,'2013-11-09 15:39:45'),(561,15,1,'2017-05-28 08:36:15'),(561,17,3,'2016-02-24 05:46:02'),(561,23,3,'2016-04-24 22:11:21'),(562,9,2,'2014-03-22 13:16:43'),(562,20,1,'2020-01-05 19:52:53'),(562,24,1,'2017-01-12 01:57:40'),(563,3,1,'2021-02-18 06:16:25'),(563,26,2,'2012-02-17 16:08:59'),(563,31,3,'2021-04-22 08:47:43'),(564,21,2,'2012-11-29 21:46:59'),(564,22,3,'2011-08-29 14:42:27'),(564,25,1,'2020-11-27 20:44:11'),(565,4,1,'2011-09-23 12:47:08'),(565,30,1,'2016-12-18 12:17:18'),(565,32,2,'2020-01-06 00:52:04'),(566,6,2,'2015-08-24 11:15:33'),(566,7,1,'2015-02-14 00:48:09'),(566,29,1,'2020-11-30 14:35:43'),(567,20,1,'2015-05-19 10:28:55'),(567,31,2,'2018-12-15 16:56:00'),(567,32,2,'2019-12-16 03:42:18'),(568,11,1,'2013-09-12 19:13:25'),(568,20,2,'2017-06-10 19:00:52'),(568,23,2,'2015-01-14 12:15:04'),(569,7,2,'2013-04-14 17:19:32'),(569,13,1,'2014-07-22 19:28:00'),(569,23,3,'2011-08-10 16:46:46'),(570,17,1,'2018-03-28 01:38:40'),(570,36,3,'2021-02-16 02:03:29'),(571,24,3,'2017-02-19 16:53:39'),(571,28,3,'2013-02-16 16:00:24'),(572,18,2,'2019-05-20 02:52:00'),(572,25,1,'2017-06-23 08:38:07'),(572,34,3,'2012-04-11 07:19:57'),(573,14,2,'2013-09-13 18:24:18'),(573,21,1,'2014-12-29 16:49:21'),(573,29,1,'2015-10-30 09:10:02'),(574,6,2,'2011-11-04 12:43:40'),(574,21,3,'2016-04-26 20:07:17'),(574,25,3,'2013-06-24 00:16:49'),(575,1,1,'2018-11-23 10:10:00'),(575,18,3,'2015-12-18 14:19:46'),(575,20,3,'2014-10-26 05:48:44'),(576,4,3,'2020-07-23 12:48:27'),(576,6,2,'2021-04-26 14:10:41'),(576,35,3,'2011-09-01 14:28:26'),(577,17,2,'2014-06-02 03:26:23'),(577,20,2,'2017-05-17 02:02:38'),(578,10,3,'2015-04-19 08:44:59'),(578,28,3,'2011-06-24 20:35:22'),(578,36,2,'2015-10-27 11:37:23'),(579,8,1,'2015-06-16 12:21:13'),(579,12,3,'2013-09-20 02:01:43'),(579,31,3,'2018-06-24 11:17:39'),(580,4,1,'2019-06-30 09:47:36'),(580,18,1,'2018-12-24 06:24:30'),(580,23,2,'2018-08-23 04:57:45'),(581,15,3,'2016-12-28 19:48:38'),(581,16,1,'2018-08-24 15:31:25'),(581,32,1,'2017-05-21 15:28:22'),(582,1,3,'2020-05-31 01:05:04'),(582,10,2,'2014-09-07 08:02:07'),(582,28,1,'2014-06-18 09:20:35'),(583,2,3,'2015-03-20 23:43:43'),(583,17,2,'2014-05-18 19:09:36'),(583,21,2,'2013-09-01 12:59:32'),(584,10,1,'2015-09-11 08:26:06'),(584,29,3,'2011-10-27 17:10:07'),(584,36,2,'2011-09-14 07:18:40'),(585,20,3,'2015-12-11 05:51:16'),(585,24,2,'2014-01-03 17:56:56'),(585,33,1,'2020-06-20 09:18:38'),(586,4,2,'2011-11-23 10:08:57'),(586,8,1,'2017-06-05 10:14:36'),(586,27,2,'2018-05-19 20:38:33'),(587,14,2,'2012-08-11 21:23:03'),(587,25,3,'2012-08-07 11:20:43'),(588,19,1,'2012-11-21 13:36:40'),(588,27,3,'2019-11-14 05:27:41'),(588,30,1,'2012-10-10 17:14:16'),(589,11,3,'2017-07-23 01:25:18'),(589,32,2,'2015-04-10 17:58:02'),(589,35,3,'2013-08-16 10:46:21'),(590,2,3,'2015-06-15 06:09:07'),(590,27,3,'2015-10-27 10:06:10'),(590,35,2,'2012-11-30 05:13:42'),(591,4,1,'2016-01-24 18:23:12'),(591,11,3,'2017-09-30 07:33:21'),(591,20,2,'2016-02-12 06:35:41'),(592,10,1,'2020-06-04 11:53:21'),(592,17,1,'2014-07-29 13:24:31'),(592,23,3,'2011-12-22 17:23:41'),(593,2,1,'2012-04-25 14:08:06'),(593,3,3,'2013-02-03 16:29:35'),(593,33,1,'2017-06-16 20:30:11'),(594,9,3,'2013-07-31 23:21:49'),(594,24,1,'2017-02-26 07:40:43'),(594,33,1,'2011-07-19 16:38:22'),(595,24,1,'2015-01-05 21:49:21'),(595,28,3,'2016-01-11 14:48:07'),(595,35,1,'2019-11-30 16:55:20'),(596,15,2,'2020-02-09 10:52:42'),(596,21,1,'2021-03-05 16:51:16'),(596,32,2,'2017-11-11 03:38:05'),(597,4,3,'2017-03-11 06:03:43'),(597,13,1,'2012-06-29 20:40:41'),(597,36,3,'2014-03-20 16:48:19'),(598,9,2,'2013-02-12 14:45:44'),(598,17,3,'2017-10-07 00:15:52'),(598,18,1,'2014-08-15 02:57:21'),(599,7,3,'2016-11-02 20:19:54'),(599,15,2,'2019-12-18 15:54:38'),(599,23,3,'2013-04-21 17:05:24'),(600,1,2,'2017-11-20 22:24:11'),(600,10,1,'2011-10-04 19:25:59'),(600,14,1,'2017-08-09 03:09:20'),(601,23,3,'2015-11-10 17:04:34'),(601,30,3,'2014-02-14 03:58:51'),(602,8,1,'2020-05-01 19:56:30'),(602,13,3,'2019-09-16 08:06:03'),(602,26,2,'2014-01-29 09:36:27'),(603,12,1,'2011-11-25 21:39:08'),(603,17,2,'2015-11-30 09:12:44'),(603,29,2,'2015-10-08 06:55:12'),(604,4,3,'2012-01-08 10:39:41'),(604,18,1,'2021-02-13 04:28:09'),(604,29,1,'2016-02-14 20:48:31'),(605,7,2,'2020-04-11 17:50:33'),(605,18,1,'2012-11-10 06:33:24'),(605,36,1,'2012-11-23 05:46:20'),(606,9,2,'2013-06-13 09:32:42'),(606,20,2,'2019-05-03 05:09:29'),(606,30,3,'2013-07-13 14:10:59'),(607,4,2,'2017-04-11 05:56:02'),(607,6,1,'2017-03-14 07:16:23'),(607,12,2,'2019-05-02 11:44:53'),(608,5,2,'2018-04-18 17:12:30'),(608,20,2,'2013-01-27 01:55:59'),(608,29,3,'2016-04-11 11:40:19'),(609,3,1,'2020-08-16 16:31:35'),(609,14,2,'2012-06-13 13:49:29'),(609,36,2,'2019-01-05 12:20:09'),(610,18,1,'2018-08-24 06:32:51'),(610,28,1,'2016-08-18 07:40:40'),(610,30,1,'2013-05-14 23:32:17'),(611,13,2,'2020-11-10 22:17:04'),(611,19,3,'2014-01-23 07:01:20'),(611,33,3,'2016-02-04 06:09:30'),(612,4,2,'2020-03-16 22:03:41'),(612,9,1,'2018-11-25 08:50:02'),(612,34,1,'2018-01-13 01:08:13'),(613,2,2,'2021-01-07 01:11:17'),(613,12,1,'2011-06-18 02:46:51'),(613,27,2,'2011-10-31 07:03:32'),(614,8,2,'2018-10-07 15:43:35'),(614,19,3,'2011-12-05 01:52:48'),(614,31,2,'2014-05-10 22:17:23'),(615,6,3,'2021-04-22 07:26:34'),(615,16,3,'2016-01-21 19:25:36'),(616,4,3,'2012-07-15 02:57:32'),(616,16,3,'2016-10-07 04:17:31'),(616,33,3,'2016-07-30 23:12:40'),(617,19,3,'2018-07-21 21:58:47'),(617,30,1,'2019-03-07 10:34:08'),(617,34,1,'2014-08-13 00:44:14'),(618,6,3,'2020-10-24 08:20:03'),(618,9,1,'2011-05-25 00:24:53'),(618,11,2,'2012-01-02 21:58:23'),(619,4,1,'2012-01-21 11:01:55'),(619,19,1,'2018-12-09 16:24:15'),(619,36,2,'2011-10-05 22:01:41'),(620,5,2,'2019-05-12 12:02:11'),(620,6,3,'2011-06-19 03:32:02'),(620,28,3,'2013-04-19 15:14:40'),(621,23,3,'2013-06-08 12:21:14'),(621,26,1,'2018-10-14 04:21:49'),(621,34,3,'2019-08-12 16:29:26'),(622,13,2,'2020-09-22 23:19:17'),(622,31,2,'2014-10-20 12:33:30'),(622,32,3,'2014-06-16 04:08:19'),(623,5,1,'2021-02-18 05:34:30'),(623,6,1,'2018-10-12 03:41:27'),(623,33,2,'2016-02-11 00:26:06'),(624,15,1,'2015-04-28 18:25:43'),(624,24,3,'2012-10-11 00:26:06'),(624,27,3,'2019-06-13 18:58:13'),(625,5,3,'2020-02-29 04:50:52'),(625,10,3,'2017-11-07 10:13:12'),(625,20,2,'2016-10-27 01:19:22'),(626,5,3,'2018-11-18 10:26:43'),(626,6,2,'2015-04-20 02:29:41'),(626,35,1,'2014-09-05 11:56:27'),(627,7,1,'2020-09-27 22:58:20'),(627,12,2,'2019-10-05 11:39:05'),(627,33,1,'2012-09-13 03:13:08'),(628,4,1,'2020-01-03 10:23:45'),(628,29,1,'2020-03-21 18:03:05'),(628,33,2,'2015-11-11 17:34:26'),(629,15,2,'2020-12-30 23:10:25'),(629,34,1,'2013-11-29 03:41:50'),(630,24,3,'2020-08-13 11:33:38'),(630,28,3,'2016-06-05 06:58:01'),(630,36,3,'2016-12-25 09:32:27'),(631,20,1,'2013-12-20 05:32:02'),(631,27,2,'2016-09-29 23:51:17'),(631,32,2,'2019-12-26 12:26:07'),(632,9,3,'2019-10-26 05:58:02'),(632,25,1,'2014-05-20 04:39:51'),(632,33,2,'2016-04-30 07:02:56'),(633,16,1,'2013-05-29 22:40:00'),(633,24,1,'2012-04-14 21:09:26'),(633,27,1,'2015-12-01 05:23:48'),(634,1,2,'2016-06-29 00:25:12'),(634,17,2,'2014-06-06 23:32:50'),(634,25,1,'2019-07-05 10:49:29'),(635,14,2,'2019-07-22 22:16:56'),(635,21,3,'2018-08-26 10:47:52'),(635,30,3,'2016-12-23 22:09:19'),(636,6,1,'2017-01-17 11:38:57'),(636,9,1,'2020-05-14 18:09:15'),(636,21,3,'2015-08-07 01:40:13'),(637,15,2,'2020-08-12 20:33:29'),(637,17,2,'2013-01-09 20:56:23'),(637,34,2,'2012-07-24 12:35:43'),(638,4,2,'2013-02-18 20:37:09'),(638,26,3,'2020-10-01 14:55:56'),(638,27,3,'2018-11-20 20:39:33'),(639,13,1,'2019-11-19 07:58:44'),(639,33,1,'2018-05-11 07:24:35'),(639,34,1,'2020-04-19 17:16:46'),(640,8,1,'2016-06-18 02:17:32'),(640,24,3,'2014-02-14 10:51:11'),(640,34,2,'2020-06-07 21:56:50'),(641,4,3,'2017-12-07 23:25:54'),(641,27,3,'2020-10-07 03:21:20'),(642,5,1,'2015-09-26 01:20:33'),(642,24,3,'2020-06-20 18:40:06'),(642,32,3,'2019-08-03 20:32:25'),(643,15,3,'2013-02-22 06:59:03'),(643,20,3,'2016-09-05 12:25:43'),(643,22,2,'2013-05-29 14:55:19'),(644,3,3,'2016-06-03 02:28:38'),(644,10,3,'2015-12-30 09:45:12'),(644,35,2,'2018-01-21 17:50:44'),(645,13,3,'2015-05-08 18:10:01'),(645,30,1,'2017-12-28 18:17:59'),(646,7,1,'2019-08-25 01:23:11'),(646,16,3,'2011-11-30 07:11:31'),(646,31,2,'2013-03-01 02:03:17'),(647,1,2,'2013-06-15 20:07:35'),(647,9,1,'2017-01-04 06:14:37'),(647,19,2,'2012-06-26 09:57:54'),(648,5,1,'2014-11-11 07:58:21'),(648,15,3,'2015-05-27 16:59:53'),(648,27,2,'2021-02-10 14:31:38'),(649,2,2,'2018-07-17 22:21:17'),(649,7,1,'2018-10-11 13:21:17'),(649,22,1,'2020-01-11 14:15:52'),(650,1,1,'2012-05-02 23:40:34'),(650,3,1,'2012-08-13 10:37:10'),(650,31,3,'2015-09-28 08:38:33'),(651,23,3,'2017-10-28 13:50:16'),(651,24,3,'2014-04-09 07:33:06'),(651,27,2,'2015-09-06 00:18:40'),(652,9,1,'2012-09-27 06:48:27'),(652,27,3,'2020-04-28 19:53:59'),(652,34,2,'2013-02-25 06:19:06'),(653,20,1,'2014-12-22 21:09:30'),(653,27,1,'2021-03-21 03:52:57'),(653,36,2,'2019-03-23 18:56:17'),(654,1,2,'2015-07-10 14:39:52'),(654,23,3,'2018-01-28 13:07:06'),(654,32,1,'2011-05-22 14:39:58'),(655,5,2,'2017-11-05 13:22:21'),(655,12,2,'2012-10-16 00:44:18'),(655,30,2,'2016-02-20 18:15:29'),(656,6,1,'2016-03-25 04:43:40'),(656,17,2,'2018-02-23 15:47:07'),(656,29,3,'2019-05-29 17:55:46'),(657,11,3,'2019-09-18 06:13:02'),(657,12,2,'2020-04-22 02:58:55'),(657,22,1,'2013-02-06 01:04:05'),(658,20,3,'2012-06-16 04:28:10'),(658,22,2,'2016-06-22 06:44:30'),(658,30,1,'2018-06-12 02:18:58'),(659,1,2,'2011-08-31 21:23:53'),(659,2,1,'2013-11-30 04:57:39'),(659,8,2,'2021-04-16 01:36:12'),(660,11,1,'2020-01-18 18:23:30'),(660,14,3,'2020-05-28 19:05:01'),(660,31,3,'2016-01-01 06:44:53'),(661,5,2,'2011-08-22 00:41:58'),(661,15,2,'2011-08-28 18:15:37'),(661,17,1,'2011-08-22 06:26:52'),(662,18,3,'2014-08-08 08:00:47'),(662,32,1,'2019-11-06 12:50:31'),(662,36,3,'2014-03-13 02:26:26'),(663,7,1,'2016-10-25 06:26:58'),(663,12,3,'2012-09-27 10:52:26'),(663,14,1,'2014-01-18 06:21:27'),(664,12,1,'2012-02-23 11:35:13'),(664,15,1,'2016-05-05 10:36:02'),(664,27,1,'2012-09-22 03:02:59'),(665,6,3,'2014-06-08 17:47:47'),(665,11,1,'2016-01-26 14:08:47'),(665,30,1,'2016-03-10 01:54:21'),(666,25,2,'2017-08-25 03:56:19'),(666,27,3,'2011-09-24 15:05:36'),(666,36,2,'2018-03-11 14:00:24'),(667,3,3,'2015-01-22 03:48:20'),(667,16,1,'2013-01-07 14:43:26'),(667,34,3,'2016-05-13 21:44:07'),(668,1,1,'2013-08-27 14:42:34'),(668,22,2,'2016-08-13 18:47:48'),(668,29,3,'2015-04-09 04:42:22'),(669,12,2,'2014-06-04 23:35:16'),(669,18,1,'2016-09-10 17:01:20'),(669,19,1,'2019-12-26 21:00:09'),(670,4,1,'2011-09-04 16:10:10'),(670,7,3,'2017-02-22 18:28:06'),(670,25,1,'2014-11-14 18:30:59'),(671,21,2,'2019-11-03 14:01:19'),(671,31,2,'2021-04-02 07:41:05'),(671,32,2,'2020-08-11 16:30:18'),(672,10,2,'2011-11-22 04:09:45'),(672,23,1,'2015-09-05 01:06:53'),(672,35,3,'2018-06-18 07:19:33'),(673,9,3,'2016-11-29 18:27:22'),(673,21,2,'2017-12-07 13:41:30'),(673,36,1,'2014-06-16 06:33:58'),(674,14,3,'2018-06-16 12:33:49'),(674,22,2,'2017-04-06 12:11:43'),(675,13,3,'2014-02-15 08:49:47'),(675,14,3,'2021-01-30 19:24:18'),(675,29,1,'2012-09-15 23:23:45'),(676,11,2,'2012-12-10 14:49:42'),(676,13,2,'2016-02-27 01:07:06'),(676,28,2,'2019-09-02 07:48:36'),(677,13,1,'2016-10-23 10:41:18'),(677,15,2,'2019-11-30 11:06:46'),(677,16,1,'2017-10-13 19:59:33'),(678,5,2,'2016-10-02 13:39:11'),(678,19,3,'2014-05-02 17:14:43'),(678,31,2,'2013-11-23 16:19:06'),(679,5,3,'2014-07-18 23:33:13'),(679,8,3,'2013-02-18 23:44:03'),(679,25,2,'2018-05-07 05:15:54'),(680,3,3,'2018-08-22 16:41:39'),(680,11,3,'2020-06-21 20:28:39'),(680,27,3,'2018-01-27 15:29:03'),(681,2,2,'2016-06-19 16:46:10'),(681,6,1,'2021-02-03 23:05:48'),(681,8,2,'2014-10-27 00:00:11'),(682,2,3,'2019-07-21 21:59:01'),(682,9,3,'2013-07-26 21:23:57'),(682,29,1,'2018-01-07 19:13:36'),(683,9,2,'2012-08-06 04:00:00'),(683,26,3,'2019-05-12 05:07:45'),(684,3,2,'2011-09-13 04:12:40'),(684,31,2,'2020-12-12 23:06:13'),(684,35,2,'2018-04-16 16:57:02'),(685,5,1,'2020-09-12 04:10:47'),(685,22,3,'2011-06-20 02:11:35'),(685,35,1,'2014-01-11 14:58:47'),(686,3,3,'2016-12-29 11:03:51'),(686,8,2,'2020-07-04 08:06:05'),(686,16,3,'2016-04-10 18:05:00'),(687,5,3,'2015-02-22 19:46:29'),(687,24,3,'2018-12-06 06:38:02'),(687,30,1,'2020-05-13 22:45:35'),(688,4,3,'2016-10-27 16:07:35'),(688,15,2,'2016-07-29 19:15:19'),(688,36,1,'2019-12-22 01:11:41'),(689,5,2,'2017-12-24 20:02:55'),(689,19,1,'2021-01-23 03:11:01'),(689,26,1,'2014-01-10 11:45:08'),(690,11,3,'2015-03-13 22:27:49'),(690,16,2,'2015-10-04 18:08:53'),(690,32,1,'2011-06-10 13:49:53'),(691,23,3,'2019-05-29 12:02:37'),(691,24,2,'2017-06-13 14:48:41'),(691,33,3,'2013-09-03 09:52:52'),(692,9,1,'2017-11-22 03:43:31'),(692,15,3,'2014-01-10 03:06:15'),(692,27,3,'2016-06-09 19:24:15'),(693,8,3,'2018-12-01 21:32:38'),(693,12,1,'2015-05-17 02:57:05'),(693,24,1,'2020-09-02 19:00:01'),(694,1,2,'2019-08-30 10:08:32'),(694,19,2,'2019-02-16 19:28:01'),(694,33,1,'2014-05-10 00:05:23'),(695,1,3,'2013-08-05 02:48:09'),(695,32,1,'2017-01-17 07:48:19'),(695,35,3,'2013-05-06 20:51:15'),(696,21,1,'2017-02-14 21:14:19'),(696,23,1,'2018-07-29 00:53:02'),(697,22,3,'2012-08-20 20:16:18'),(697,25,2,'2013-09-25 14:06:32'),(697,32,3,'2012-05-20 19:43:54'),(698,7,3,'2016-10-20 11:56:38'),(698,8,3,'2013-10-02 04:01:45'),(698,19,3,'2012-12-24 15:15:04'),(699,21,3,'2012-09-23 03:06:30'),(699,26,3,'2017-05-06 13:46:55'),(699,30,2,'2016-04-13 11:43:12'),(700,10,2,'2015-10-21 07:59:00'),(700,19,1,'2012-03-21 01:56:56'),(700,32,3,'2013-09-26 11:22:59'),(701,7,1,'2020-12-28 22:55:34'),(701,30,2,'2021-02-15 02:21:44'),(701,36,1,'2019-05-11 11:13:27'),(702,6,3,'2017-12-05 15:46:32'),(702,16,3,'2013-11-25 02:57:35'),(702,23,1,'2018-03-08 21:30:54'),(703,4,2,'2015-03-26 15:13:33'),(703,23,1,'2017-06-13 07:50:14'),(703,34,2,'2018-03-22 17:05:06'),(704,27,1,'2012-09-11 10:35:15'),(704,31,1,'2014-05-13 21:49:26'),(704,34,2,'2012-05-07 04:25:14'),(705,6,2,'2016-09-25 04:32:44'),(705,25,2,'2014-01-19 08:59:02'),(705,28,1,'2016-12-08 22:17:14'),(706,6,3,'2011-06-04 12:44:45'),(706,19,3,'2013-12-17 06:56:00'),(706,32,3,'2014-07-08 14:11:49'),(707,18,1,'2012-10-23 15:03:19'),(707,20,2,'2018-12-09 21:59:17'),(707,32,2,'2012-12-05 14:02:37'),(708,1,2,'2019-05-08 10:05:13'),(708,15,3,'2016-01-11 11:18:34'),(708,21,2,'2018-06-18 16:16:42'),(709,20,3,'2013-10-12 18:49:50'),(709,29,1,'2012-10-28 13:41:13'),(710,13,3,'2015-09-09 20:50:18'),(710,23,3,'2015-02-25 11:26:06'),(710,31,2,'2016-10-09 23:50:14'),(711,4,3,'2013-06-05 12:40:57'),(711,6,2,'2012-09-19 06:22:27'),(711,8,3,'2019-07-08 02:42:21'),(712,1,1,'2014-09-30 23:33:41'),(712,21,3,'2018-01-15 14:56:05'),(712,25,2,'2014-05-11 16:30:08'),(713,14,3,'2015-09-03 18:31:45'),(713,34,1,'2018-09-15 13:17:45'),(714,9,2,'2016-11-28 14:26:57'),(714,19,3,'2018-10-17 17:39:10'),(714,32,2,'2020-01-20 08:31:47'),(715,14,3,'2012-11-12 00:13:14'),(715,18,2,'2018-10-19 19:13:28'),(715,20,3,'2019-01-10 01:11:44'),(716,10,2,'2021-04-09 18:47:27'),(716,16,3,'2012-10-05 15:48:08'),(716,20,3,'2020-03-18 10:55:50'),(717,3,3,'2021-03-21 18:02:01'),(717,9,3,'2020-06-28 00:46:09'),(717,11,3,'2014-03-31 04:17:59'),(718,7,3,'2015-01-04 17:25:42'),(718,11,2,'2011-10-18 07:03:25'),(718,25,1,'2017-10-22 01:45:50'),(719,2,3,'2020-01-03 05:22:38'),(719,4,2,'2011-08-31 22:41:19'),(719,5,3,'2016-06-09 17:36:25'),(720,7,1,'2016-09-06 02:04:49'),(720,16,2,'2011-07-01 22:16:22'),(720,18,2,'2016-10-25 04:06:11'),(721,2,2,'2020-08-20 11:31:02'),(721,29,3,'2018-03-06 21:28:15'),(721,30,1,'2013-03-31 08:39:00'),(722,2,1,'2012-09-09 11:13:22'),(722,4,2,'2012-04-09 13:56:40'),(722,28,1,'2012-09-30 00:01:38'),(723,8,2,'2017-11-08 02:45:58'),(723,17,1,'2015-06-13 22:28:19'),(723,27,2,'2015-01-31 16:16:40'),(724,3,2,'2018-05-18 21:24:51'),(724,4,1,'2016-07-25 22:19:29'),(724,11,3,'2015-04-11 01:30:04'),(725,5,3,'2012-05-12 12:25:43'),(725,27,2,'2018-10-04 00:47:23'),(725,29,1,'2014-03-24 16:45:58'),(726,16,3,'2014-12-25 00:39:17'),(726,30,3,'2013-10-18 04:04:36'),(726,33,3,'2019-09-27 18:23:47'),(727,1,3,'2015-06-02 14:52:20'),(727,18,2,'2012-11-04 18:23:33'),(727,31,2,'2013-09-03 21:19:47'),(728,12,2,'2020-11-03 20:13:36'),(728,20,3,'2012-09-07 14:44:38'),(728,33,1,'2018-06-19 00:25:16'),(729,16,3,'2019-06-09 00:50:46'),(729,27,3,'2020-03-04 18:45:45'),(729,36,3,'2019-11-14 09:47:24'),(730,6,1,'2012-08-26 16:37:14'),(730,8,3,'2018-04-22 10:53:02'),(730,26,2,'2019-09-16 08:27:02'),(731,3,1,'2018-07-10 10:40:23'),(731,17,2,'2016-12-09 23:00:58'),(732,1,1,'2020-07-07 07:15:07'),(732,31,3,'2020-08-09 22:26:14'),(732,36,2,'2015-05-14 09:26:17'),(733,1,1,'2021-01-03 23:37:06'),(733,13,2,'2020-01-15 15:50:21'),(733,14,1,'2014-06-16 07:55:25'),(734,22,3,'2012-06-18 22:20:14'),(734,32,1,'2020-12-24 08:55:19'),(734,33,1,'2017-01-13 02:01:05'),(735,12,2,'2020-11-27 10:30:05'),(735,22,3,'2012-05-13 23:21:40'),(735,31,3,'2020-10-17 05:35:57'),(736,15,1,'2015-11-03 10:42:36'),(736,18,2,'2017-09-17 02:55:35'),(736,30,2,'2019-05-29 23:46:27'),(737,9,3,'2020-05-13 06:23:12'),(737,18,2,'2013-10-27 01:25:40'),(737,29,1,'2016-07-15 20:38:53'),(738,7,1,'2015-10-28 17:04:05'),(738,8,3,'2017-06-08 01:58:59'),(738,30,3,'2020-01-01 13:30:51'),(739,4,2,'2012-08-05 21:18:36'),(739,23,3,'2020-05-19 17:36:43'),(739,29,1,'2021-01-03 10:15:48'),(740,14,3,'2018-06-24 07:04:57'),(740,19,3,'2020-11-10 08:51:53'),(740,32,3,'2019-05-03 09:25:05'),(741,6,1,'2012-04-11 22:58:56'),(741,16,1,'2011-09-06 15:31:48'),(741,19,3,'2014-10-16 12:06:28'),(742,5,1,'2017-06-30 02:17:19'),(742,16,2,'2014-09-27 22:13:46'),(742,27,1,'2014-02-13 07:02:55'),(743,16,3,'2012-08-06 15:41:18'),(743,25,2,'2014-03-11 09:50:29'),(743,33,3,'2015-01-14 21:54:50'),(744,4,3,'2018-07-18 06:07:11'),(744,10,3,'2017-12-11 14:42:11'),(744,29,2,'2018-05-13 22:21:05'),(745,2,1,'2019-06-23 06:26:16'),(745,15,1,'2018-10-21 01:24:53'),(745,24,2,'2016-10-08 20:08:48'),(746,13,3,'2013-12-06 16:09:14'),(746,28,1,'2011-05-05 01:02:05'),(747,4,2,'2019-02-27 01:51:12'),(747,8,1,'2021-03-20 17:31:55'),(747,21,3,'2020-05-16 09:48:53'),(748,13,3,'2017-09-24 04:29:00'),(748,21,1,'2011-07-20 18:51:49'),(748,34,3,'2018-05-27 13:50:41'),(749,20,3,'2013-12-11 17:32:27'),(749,21,2,'2015-09-06 17:33:32'),(749,33,1,'2011-06-19 05:44:26'),(750,19,2,'2013-04-29 00:02:30'),(750,32,3,'2015-11-27 00:47:03'),(750,36,1,'2019-10-18 20:02:03'),(751,12,2,'2012-07-18 21:19:06'),(751,28,3,'2016-01-02 10:25:50'),(751,33,3,'2012-01-22 08:15:10'),(752,4,2,'2014-02-22 17:08:12'),(752,18,3,'2019-02-11 20:51:39'),(752,29,3,'2017-04-10 17:39:04'),(753,28,1,'2016-01-05 07:58:56'),(753,29,1,'2016-10-08 11:08:11'),(753,31,3,'2019-05-31 00:04:38'),(754,11,2,'2015-10-26 20:57:06'),(754,17,2,'2019-06-17 21:23:59'),(754,25,2,'2019-07-27 08:27:00'),(755,2,2,'2019-11-11 18:31:22'),(755,29,3,'2017-04-06 12:03:25'),(755,33,1,'2015-10-05 15:09:03'),(756,16,3,'2011-12-09 13:38:08'),(756,25,2,'2017-01-14 16:26:34'),(756,32,2,'2012-11-16 11:58:00'),(757,7,2,'2019-09-30 21:51:19'),(757,19,3,'2018-01-16 10:24:29'),(757,20,3,'2011-07-12 00:48:40'),(758,14,1,'2014-11-08 14:11:57'),(758,18,2,'2013-01-20 23:30:08'),(758,19,3,'2018-11-13 06:28:47'),(759,16,1,'2016-01-07 23:06:43'),(759,24,1,'2016-09-02 03:52:26'),(760,4,2,'2015-02-26 17:47:28'),(760,11,3,'2014-03-06 11:50:25'),(760,16,3,'2019-10-22 09:57:22'),(761,18,1,'2011-12-16 14:43:22'),(761,35,1,'2014-12-14 21:00:48'),(761,36,3,'2017-11-18 07:04:48'),(762,23,3,'2013-07-08 20:05:02'),(762,31,2,'2014-02-16 00:43:23'),(763,3,2,'2012-11-02 09:25:29'),(763,22,3,'2013-02-08 06:39:19'),(763,28,3,'2019-09-13 14:16:32'),(764,7,1,'2018-02-13 06:56:51'),(764,15,1,'2019-06-05 03:41:35'),(764,26,3,'2017-07-02 19:39:48'),(765,20,1,'2020-01-18 12:24:11'),(765,22,1,'2012-12-20 04:59:47'),(765,27,3,'2014-11-17 07:37:53'),(766,1,2,'2015-09-20 03:14:13'),(766,8,1,'2016-10-22 12:49:54'),(767,12,1,'2018-04-24 03:53:20'),(767,15,1,'2017-01-21 23:07:54'),(767,32,2,'2019-03-19 05:54:01'),(768,12,3,'2015-04-18 19:29:47'),(768,26,1,'2016-09-01 19:06:18'),(768,30,3,'2014-06-01 02:57:13'),(769,21,2,'2020-12-21 16:56:15'),(769,33,3,'2016-07-07 08:20:47'),(770,5,3,'2013-09-02 23:33:04'),(770,31,3,'2019-11-24 23:09:34'),(770,36,1,'2013-05-30 08:02:24'),(771,10,1,'2014-06-04 03:27:43'),(771,14,1,'2017-12-21 02:24:17'),(771,19,1,'2012-10-25 14:53:59'),(772,11,2,'2015-12-10 04:10:18'),(772,24,2,'2014-05-11 08:53:40'),(772,33,3,'2020-05-21 03:54:53'),(773,12,1,'2012-06-20 02:53:28'),(773,25,2,'2016-01-14 06:50:12'),(774,12,2,'2013-09-05 23:01:31'),(774,27,1,'2017-01-04 04:28:33'),(774,33,1,'2016-10-07 10:25:32'),(775,16,1,'2013-07-15 14:18:30'),(775,27,1,'2017-04-30 06:53:47'),(775,28,1,'2019-03-06 19:09:09'),(776,8,2,'2014-07-24 10:09:22'),(776,21,1,'2015-03-19 04:38:16'),(776,24,2,'2016-12-22 08:46:13'),(777,10,2,'2013-12-12 22:16:01'),(777,22,2,'2016-08-10 18:10:25'),(777,35,1,'2015-03-19 08:14:14'),(778,13,2,'2019-11-18 11:31:20'),(778,22,1,'2011-06-28 00:32:39'),(778,30,2,'2013-01-12 20:45:50'),(779,5,2,'2015-03-09 13:25:50'),(779,12,2,'2013-01-03 10:32:10'),(779,32,1,'2012-04-17 11:47:33'),(780,10,1,'2020-08-11 23:18:41'),(780,18,1,'2012-05-05 21:30:41'),(780,32,1,'2011-05-20 07:52:29'),(781,19,2,'2014-06-12 08:19:44'),(781,23,2,'2012-06-30 20:05:16'),(781,33,2,'2014-10-20 22:36:21'),(782,3,3,'2017-05-26 09:28:33'),(782,6,3,'2012-01-31 17:00:46'),(782,23,2,'2012-04-03 08:44:03'),(783,1,1,'2016-01-26 21:11:19'),(783,8,1,'2021-02-20 05:53:01'),(783,21,3,'2017-10-16 03:31:51'),(784,11,2,'2016-09-09 13:33:48'),(784,18,2,'2015-02-05 16:42:06'),(784,25,2,'2017-09-27 19:06:30'),(785,2,2,'2015-02-28 08:44:28'),(785,28,3,'2013-08-07 06:57:28'),(785,34,2,'2014-10-21 09:17:00'),(786,9,2,'2013-02-23 16:34:43'),(786,16,3,'2014-09-28 05:31:09'),(786,21,3,'2020-10-21 23:38:39'),(787,1,3,'2016-05-28 15:31:02'),(787,13,1,'2016-09-30 04:19:35'),(788,10,3,'2013-07-14 04:35:20'),(788,12,1,'2016-05-20 05:32:32'),(788,18,2,'2017-03-28 16:04:30'),(789,16,1,'2015-03-12 15:36:06'),(789,17,1,'2019-02-27 02:43:22'),(789,20,1,'2018-12-14 10:07:38'),(790,1,1,'2019-05-09 14:31:18'),(790,16,3,'2019-06-13 23:27:39'),(791,10,1,'2013-03-04 20:50:18'),(791,14,1,'2011-11-02 22:44:06'),(791,21,3,'2020-09-05 15:58:11'),(792,1,3,'2014-11-16 07:31:53'),(792,33,1,'2016-05-23 02:48:09'),(792,35,1,'2013-08-31 06:12:40'),(793,5,1,'2014-06-15 08:11:08'),(793,8,3,'2013-08-07 08:57:07'),(793,21,3,'2020-01-05 19:57:10'),(794,17,2,'2012-05-24 11:38:16'),(794,27,1,'2018-08-17 09:31:32'),(794,30,2,'2018-04-11 13:00:46'),(795,4,3,'2013-05-10 21:27:08'),(795,11,2,'2016-06-20 06:27:10'),(795,30,2,'2017-07-26 16:48:21'),(796,24,3,'2017-07-28 14:43:27'),(796,34,3,'2016-10-06 09:15:48'),(796,35,2,'2014-04-25 23:16:18'),(797,4,1,'2012-07-05 22:50:30'),(797,14,1,'2018-01-01 01:44:50'),(797,32,2,'2020-08-22 00:36:32'),(798,10,1,'2011-12-29 12:57:48'),(798,20,1,'2019-01-19 05:45:24'),(798,28,3,'2016-07-31 12:20:33'),(799,13,1,'2019-01-06 09:52:00'),(799,23,1,'2019-02-13 00:25:30'),(799,32,3,'2013-03-16 03:35:43'),(800,1,3,'2019-06-25 15:40:18'),(800,4,2,'2018-07-14 15:52:58'),(800,31,2,'2015-05-17 20:47:51'),(801,20,3,'2019-11-30 22:36:48'),(801,24,1,'2015-12-15 21:55:31'),(801,30,2,'2017-02-11 00:06:39'),(802,13,1,'2016-03-11 06:57:45'),(802,14,2,'2020-06-10 16:02:39'),(802,24,1,'2013-03-29 01:41:04'),(803,2,3,'2012-02-05 18:51:07'),(803,9,2,'2016-02-06 15:05:18'),(803,23,3,'2017-03-17 12:46:36'),(804,6,3,'2016-05-19 23:46:35'),(804,11,3,'2019-09-24 12:16:11'),(804,29,2,'2019-06-08 04:00:45'),(805,4,3,'2019-10-02 10:41:31'),(805,7,3,'2020-07-10 13:24:00'),(805,35,3,'2019-12-01 07:17:13'),(806,5,1,'2013-11-11 20:33:13'),(806,22,2,'2018-07-08 06:50:38'),(806,36,3,'2013-05-16 01:48:30'),(807,5,3,'2018-07-26 07:00:40'),(807,17,1,'2014-10-14 06:00:37'),(807,31,3,'2015-07-15 15:50:07'),(808,11,2,'2021-02-01 03:17:58'),(808,18,3,'2015-03-11 12:16:57'),(808,30,1,'2018-06-17 12:48:24'),(809,2,1,'2017-11-30 18:56:03'),(809,6,3,'2014-12-14 09:57:36'),(809,8,2,'2015-09-05 08:53:00'),(810,3,1,'2017-06-30 15:19:31'),(810,23,3,'2014-09-02 11:38:07'),(810,27,1,'2014-02-09 17:54:34'),(811,16,2,'2016-03-24 08:33:05'),(811,17,1,'2019-11-08 14:23:26'),(811,30,2,'2012-12-07 20:06:20'),(812,8,2,'2013-10-17 04:43:21'),(812,14,2,'2013-08-13 23:32:48'),(812,23,3,'2014-05-02 20:13:09'),(813,5,2,'2018-07-05 21:05:45'),(813,21,1,'2018-12-08 03:07:09'),(813,33,3,'2015-08-18 15:04:23'),(814,14,3,'2018-01-21 12:51:26'),(814,15,1,'2013-11-27 19:56:02'),(814,26,1,'2013-12-31 01:43:52'),(815,3,3,'2018-04-16 20:49:54'),(815,8,3,'2019-09-13 18:25:22'),(815,15,1,'2018-04-08 03:59:02'),(816,20,1,'2019-03-27 03:22:31'),(816,22,2,'2019-08-21 03:19:37'),(816,32,1,'2016-02-11 22:44:33'),(817,17,1,'2019-07-16 20:31:19'),(817,19,3,'2019-01-01 22:42:03'),(817,34,2,'2013-06-28 14:03:35'),(818,8,3,'2013-09-22 21:28:41'),(818,11,2,'2019-07-28 19:54:27'),(818,28,2,'2017-07-01 22:29:32'),(819,9,1,'2018-08-02 03:17:08'),(819,32,2,'2020-05-28 13:19:53'),(820,3,2,'2017-03-22 16:57:57'),(820,5,3,'2015-03-28 12:41:54'),(820,18,3,'2016-04-15 01:23:39'),(821,11,2,'2019-07-06 09:04:23'),(821,12,2,'2017-07-01 14:32:35'),(821,32,2,'2013-08-05 03:19:40'),(822,10,3,'2018-12-13 19:26:11'),(822,20,3,'2015-09-24 14:13:36'),(822,35,1,'2017-02-23 19:20:50'),(823,21,2,'2012-03-23 07:43:56'),(823,26,3,'2020-05-17 01:58:18'),(823,35,1,'2016-07-06 16:53:04'),(824,20,2,'2014-09-16 08:24:33'),(824,25,3,'2013-10-07 02:28:38'),(824,29,1,'2012-04-05 03:04:42'),(825,6,2,'2012-04-18 23:44:11'),(825,8,1,'2012-05-19 19:22:16'),(825,35,2,'2018-01-27 21:51:14'),(826,17,2,'2016-12-27 13:55:15'),(826,19,3,'2020-09-28 23:27:09'),(826,27,1,'2011-07-25 01:32:16'),(827,14,2,'2018-09-19 15:28:06'),(827,20,2,'2020-05-13 13:24:46'),(827,24,3,'2016-06-16 11:23:47'),(828,15,3,'2011-09-12 11:47:14'),(828,21,2,'2018-09-16 02:38:09'),(828,29,3,'2019-03-10 11:05:48'),(829,2,2,'2013-08-19 08:20:13'),(829,5,2,'2014-07-27 17:20:13'),(830,1,3,'2013-03-10 01:13:00'),(830,19,1,'2015-03-10 20:50:24'),(830,23,2,'2014-06-04 10:38:15'),(831,19,3,'2015-04-15 00:19:35'),(831,26,3,'2018-11-25 06:41:02'),(831,33,3,'2017-02-18 09:04:45'),(832,4,3,'2020-11-05 10:41:03'),(832,16,1,'2018-10-02 00:32:38'),(832,23,1,'2018-10-07 13:26:33'),(833,1,2,'2012-03-19 21:56:08'),(833,26,3,'2014-05-20 20:59:12'),(834,8,3,'2018-05-12 07:23:34'),(834,29,1,'2018-08-25 09:09:04'),(834,36,3,'2019-03-10 20:33:17'),(835,1,3,'2013-12-18 19:58:43'),(835,9,3,'2015-09-22 17:51:30'),(835,11,2,'2015-03-22 05:50:59'),(836,4,3,'2016-10-09 08:57:43'),(836,23,1,'2014-01-24 06:14:13'),(836,28,3,'2012-12-09 04:45:23'),(837,7,3,'2011-08-18 00:39:14'),(837,10,2,'2011-08-10 02:21:47'),(837,23,3,'2014-10-13 20:22:10'),(838,1,3,'2018-11-07 01:57:43'),(838,13,2,'2019-02-12 17:18:14'),(838,31,3,'2011-11-23 06:41:34'),(839,10,3,'2011-05-21 01:44:21'),(839,28,3,'2013-10-12 17:22:20'),(839,35,1,'2020-08-03 13:43:14'),(840,7,3,'2019-08-07 20:36:35'),(840,29,1,'2016-09-23 20:19:50'),(840,33,2,'2018-03-11 18:53:06'),(841,27,3,'2019-10-28 08:11:13'),(841,28,2,'2016-05-12 04:35:41'),(841,36,2,'2018-07-15 21:52:36'),(842,15,1,'2015-08-19 07:36:18'),(842,28,1,'2016-11-15 22:33:49'),(842,36,2,'2016-10-03 00:49:48'),(843,1,1,'2020-04-12 20:39:27'),(843,26,3,'2018-03-23 06:08:21'),(843,35,2,'2019-03-03 11:38:40'),(844,6,1,'2016-06-15 15:58:41'),(844,19,3,'2020-05-21 18:37:57'),(844,26,2,'2015-06-20 03:42:02'),(845,1,2,'2020-05-22 15:39:16'),(845,2,1,'2013-07-18 23:23:46'),(845,13,3,'2020-01-06 05:50:18'),(846,19,1,'2013-11-28 21:08:15'),(846,31,1,'2012-02-25 18:46:14'),(846,33,1,'2017-03-18 06:14:52'),(847,5,3,'2017-09-10 14:11:08'),(847,34,3,'2019-09-28 02:51:46'),(847,36,3,'2011-05-10 21:20:11'),(848,5,1,'2018-06-21 01:37:25'),(848,21,1,'2018-06-07 16:28:12'),(848,22,1,'2019-08-21 01:25:58'),(849,13,1,'2019-09-14 17:32:08'),(849,17,3,'2018-10-21 07:33:08'),(849,25,1,'2020-11-28 10:52:36'),(850,1,1,'2020-07-24 05:43:40'),(850,15,3,'2012-05-11 22:17:57'),(850,31,1,'2013-01-23 23:47:54'),(851,8,3,'2016-03-27 20:11:39'),(851,17,1,'2019-09-06 03:51:42'),(851,25,3,'2015-01-18 18:15:04'),(852,14,2,'2018-04-21 10:56:18'),(852,28,1,'2013-11-25 04:41:13'),(852,29,2,'2012-01-02 06:53:51'),(853,15,2,'2013-01-25 00:11:37'),(853,24,2,'2017-06-29 11:00:30'),(853,34,2,'2013-10-10 10:23:46'),(854,18,1,'2017-08-26 07:25:15'),(854,25,3,'2014-08-28 09:32:47'),(854,32,1,'2019-11-22 16:10:17'),(855,10,2,'2020-04-21 11:57:10'),(855,16,1,'2020-03-13 04:03:31'),(855,25,3,'2013-09-25 08:20:47'),(856,12,1,'2012-03-02 06:18:26'),(856,19,3,'2019-10-10 23:01:19'),(856,20,1,'2020-09-24 06:48:54'),(857,17,3,'2019-05-30 20:49:30'),(857,25,2,'2017-06-19 15:21:26'),(857,26,3,'2012-09-22 16:46:59'),(858,4,2,'2016-12-05 04:40:24'),(858,18,2,'2019-11-01 23:11:09'),(858,31,1,'2015-08-02 16:14:35'),(859,5,1,'2012-04-22 03:57:30'),(859,23,1,'2020-09-13 21:55:58'),(860,1,1,'2018-05-10 06:18:21'),(860,18,2,'2018-06-25 10:54:35'),(860,32,2,'2019-07-27 00:06:08'),(861,6,2,'2018-02-09 09:20:11'),(861,27,3,'2017-11-08 12:30:55'),(861,28,3,'2015-03-20 09:01:31'),(862,8,2,'2013-08-11 21:29:22'),(862,12,1,'2012-06-21 08:55:30'),(862,32,3,'2011-08-19 02:20:59'),(863,3,2,'2020-06-07 22:17:25'),(863,6,3,'2016-05-09 04:34:59'),(863,11,1,'2018-07-08 09:13:44'),(864,1,2,'2020-04-14 17:23:00'),(864,26,3,'2014-10-26 03:39:17'),(864,35,2,'2020-01-20 00:59:32'),(865,6,2,'2015-09-08 04:55:06'),(865,8,2,'2015-06-21 14:18:42'),(865,23,2,'2021-02-20 21:39:54'),(866,13,3,'2021-04-12 00:34:13'),(866,15,1,'2015-03-24 11:33:55'),(866,32,1,'2020-11-26 19:43:26'),(867,5,1,'2021-04-11 08:10:05'),(867,30,2,'2014-04-09 09:39:44'),(867,33,2,'2018-09-06 01:14:17'),(868,10,2,'2014-09-16 00:57:17'),(868,14,1,'2016-10-24 11:51:36'),(868,15,1,'2014-06-17 09:03:06'),(869,18,1,'2011-12-19 15:57:34'),(869,25,2,'2011-07-21 09:37:44'),(869,32,2,'2020-11-29 11:46:45'),(870,2,2,'2017-05-16 09:39:44'),(870,8,1,'2013-05-09 20:42:48'),(870,15,1,'2020-11-15 17:21:44'),(871,16,3,'2017-11-25 13:19:03'),(871,23,1,'2013-02-04 02:31:52'),(871,25,3,'2012-06-23 07:33:28'),(872,11,3,'2019-08-30 16:43:25'),(872,29,2,'2015-05-19 21:15:17'),(873,2,3,'2011-06-09 19:14:35'),(873,30,3,'2019-08-25 02:17:48'),(873,35,3,'2011-08-10 09:30:44'),(874,3,1,'2012-02-04 17:40:17'),(874,27,1,'2013-11-10 20:05:54'),(874,30,1,'2018-10-21 19:09:16'),(875,1,2,'2016-01-07 05:34:13'),(875,4,3,'2015-02-22 11:37:47'),(875,19,2,'2020-07-10 15:52:29'),(876,4,3,'2018-10-13 04:38:52'),(876,7,2,'2012-01-25 16:24:39'),(876,15,2,'2020-11-04 17:14:01'),(877,5,2,'2013-12-01 09:43:48'),(877,16,1,'2018-05-24 10:46:18'),(877,35,3,'2019-05-25 12:55:58'),(878,16,2,'2016-05-02 19:02:01'),(878,17,2,'2018-06-26 03:41:43'),(878,29,2,'2016-03-14 23:06:33'),(879,10,1,'2017-05-18 17:12:05'),(879,19,3,'2013-03-23 08:22:19'),(879,34,3,'2014-06-29 01:22:22'),(880,8,3,'2012-09-28 16:54:17'),(880,21,3,'2020-01-07 00:16:41'),(880,32,2,'2018-08-26 04:33:51'),(881,29,3,'2015-02-20 05:17:56'),(881,32,1,'2017-07-25 21:22:45'),(881,34,1,'2020-05-28 01:29:25'),(882,6,3,'2012-01-29 12:34:23'),(882,7,3,'2015-11-15 12:23:49'),(882,9,2,'2015-09-02 15:45:28'),(883,5,2,'2011-05-20 01:37:36'),(883,11,2,'2020-12-31 00:02:57'),(883,25,2,'2014-06-05 15:12:11'),(884,3,2,'2017-10-30 10:36:47'),(884,7,2,'2012-10-13 06:25:47'),(884,26,2,'2016-09-27 05:57:48'),(885,12,3,'2017-10-28 08:20:36'),(885,26,3,'2020-06-25 23:11:07'),(886,25,2,'2013-07-20 12:47:34'),(886,30,3,'2015-11-02 18:04:22'),(886,34,2,'2015-08-25 01:00:58'),(887,1,2,'2018-10-27 05:33:26'),(887,27,3,'2012-08-02 01:35:13'),(887,31,3,'2020-12-20 20:43:58'),(888,6,2,'2013-04-27 00:42:02'),(888,19,3,'2017-06-30 10:07:44'),(888,29,2,'2012-09-16 10:15:14'),(889,11,2,'2016-07-06 23:10:18'),(889,33,1,'2011-05-15 06:27:32'),(889,34,2,'2019-09-28 18:09:56'),(890,7,3,'2018-07-28 22:02:52'),(890,28,3,'2016-12-07 04:37:42'),(890,32,2,'2011-11-14 07:58:33'),(891,1,1,'2019-03-01 19:49:24'),(891,4,1,'2018-06-26 20:56:39'),(891,12,2,'2020-07-31 03:16:12'),(892,2,1,'2020-01-26 06:23:47'),(892,17,2,'2012-03-10 16:56:11'),(892,27,3,'2018-05-14 16:06:29'),(893,7,3,'2016-08-21 16:17:49'),(893,14,1,'2014-12-15 00:07:22'),(893,23,2,'2011-09-25 12:59:51'),(894,12,3,'2020-04-11 17:51:16'),(894,14,3,'2014-01-01 09:24:01'),(894,23,2,'2013-05-23 05:30:02'),(895,7,3,'2019-03-27 18:15:04'),(895,8,1,'2014-04-25 10:14:03'),(895,36,3,'2015-10-28 05:56:38'),(896,19,2,'2018-11-11 07:56:19'),(896,24,2,'2011-06-15 18:03:08'),(896,27,2,'2015-07-23 10:39:50'),(897,2,2,'2019-06-24 04:36:42'),(897,3,1,'2016-12-16 01:00:43'),(897,5,3,'2021-01-03 23:05:23'),(898,6,3,'2021-03-16 01:35:11'),(898,25,1,'2017-12-21 08:42:39'),(898,36,2,'2015-02-17 20:30:43'),(899,2,2,'2020-11-21 21:48:54'),(899,12,3,'2019-09-23 14:48:00'),(900,4,2,'2016-12-30 01:14:28'),(900,14,1,'2016-12-15 05:52:33'),(900,36,1,'2012-03-23 21:16:42'),(901,1,3,'2015-10-19 02:36:17'),(901,5,1,'2017-02-20 10:57:11'),(901,7,3,'2017-02-01 01:39:41'),(902,5,3,'2014-01-26 23:25:28'),(902,8,1,'2019-09-13 05:37:36'),(902,33,3,'2012-12-06 15:15:31'),(903,22,2,'2015-07-01 21:47:45'),(903,29,1,'2015-08-28 02:02:47'),(903,31,3,'2013-04-04 05:35:27'),(904,15,1,'2013-11-30 02:55:06'),(904,29,3,'2014-05-10 21:41:17'),(904,33,3,'2016-09-19 05:33:39'),(905,4,1,'2020-06-28 21:35:28'),(905,7,3,'2014-01-29 12:49:12'),(905,22,1,'2019-11-26 03:14:36'),(906,23,3,'2019-10-17 03:03:09'),(906,30,2,'2019-12-11 21:13:30'),(906,35,2,'2020-10-30 17:58:45'),(907,27,1,'2018-03-03 02:51:16'),(907,29,1,'2016-11-30 22:33:47'),(907,36,3,'2015-05-26 17:13:52'),(908,13,1,'2012-12-31 14:24:37'),(908,22,3,'2015-12-03 19:00:01'),(908,29,2,'2012-11-19 15:52:52'),(909,15,1,'2011-07-08 09:40:36'),(909,20,1,'2016-01-30 09:20:10'),(909,30,1,'2013-07-16 15:32:18'),(910,10,2,'2014-01-02 15:49:31'),(910,17,2,'2017-07-04 09:36:27'),(911,8,3,'2011-11-06 12:58:14'),(911,12,3,'2011-07-21 23:19:33'),(911,35,2,'2015-01-03 07:44:59'),(912,1,1,'2011-12-22 20:38:56'),(912,5,1,'2018-05-02 01:09:35'),(913,7,3,'2017-02-05 02:14:27'),(913,17,1,'2015-02-02 10:01:45'),(913,24,3,'2012-06-14 19:09:45'),(914,11,3,'2018-04-22 23:05:10'),(914,13,3,'2014-12-01 22:33:32'),(914,17,3,'2015-04-24 17:12:23'),(915,4,1,'2021-02-02 06:06:26'),(915,6,1,'2017-01-21 04:43:05'),(915,28,3,'2019-06-18 13:33:50'),(916,25,2,'2014-09-19 22:49:42'),(916,29,2,'2011-11-11 22:53:57'),(917,9,2,'2012-04-25 18:41:42'),(917,18,3,'2021-03-22 16:32:52'),(917,36,1,'2017-04-30 09:21:18'),(918,26,2,'2015-01-02 09:30:08'),(918,36,3,'2019-12-29 06:22:33'),(919,3,2,'2015-11-01 03:32:10'),(919,5,3,'2018-02-15 13:45:35'),(919,30,1,'2013-07-16 21:00:08'),(920,3,2,'2013-05-31 22:51:34'),(920,17,1,'2020-05-23 22:34:19'),(920,18,2,'2012-04-20 04:23:22'),(921,11,2,'2019-10-17 07:15:52'),(921,33,1,'2016-07-23 02:35:42'),(921,34,3,'2015-04-09 02:05:40'),(922,12,2,'2020-04-16 01:20:00'),(922,20,3,'2014-10-15 21:13:10'),(922,35,2,'2012-07-08 06:58:47'),(923,6,2,'2019-04-09 14:03:25'),(923,23,1,'2018-12-09 15:06:33'),(923,27,3,'2020-03-10 00:16:03'),(924,14,2,'2015-03-31 14:37:17'),(924,25,3,'2020-07-21 12:40:55'),(924,31,1,'2011-11-13 04:43:18'),(925,1,1,'2014-08-22 01:00:53'),(925,9,3,'2013-09-20 15:26:53'),(925,27,2,'2017-12-13 16:35:59'),(926,10,1,'2012-07-19 18:06:13'),(926,16,2,'2014-02-12 15:15:47'),(926,27,1,'2014-02-05 20:00:51'),(927,1,1,'2015-04-20 12:15:43'),(927,30,2,'2014-01-27 01:39:16'),(927,35,3,'2018-10-28 20:07:51'),(928,24,2,'2015-06-20 15:36:54'),(928,29,2,'2021-01-19 23:23:05'),(929,10,3,'2021-04-08 14:15:10'),(929,26,2,'2013-12-07 21:43:21'),(929,27,1,'2020-03-06 02:21:21'),(930,6,3,'2015-01-27 23:25:34'),(930,32,2,'2013-07-17 14:46:32'),(930,36,3,'2017-07-03 16:18:18'),(931,8,3,'2020-12-26 21:35:58'),(931,14,2,'2014-07-17 10:00:45'),(931,21,3,'2020-06-18 09:56:38'),(932,16,2,'2016-05-13 09:23:20'),(932,27,1,'2020-02-08 23:59:05'),(933,2,2,'2019-10-20 02:19:30'),(933,18,3,'2012-04-06 20:54:48'),(933,20,2,'2018-01-11 04:12:25'),(934,4,1,'2018-05-25 08:35:49'),(934,14,2,'2012-11-29 19:38:57'),(934,29,2,'2016-01-24 21:11:50'),(935,14,3,'2015-07-11 10:56:57'),(935,26,2,'2011-08-22 12:20:55'),(935,36,3,'2019-10-29 22:43:08'),(936,23,3,'2020-03-29 07:59:12'),(936,24,1,'2020-04-06 15:28:36'),(936,26,1,'2016-09-05 04:06:20'),(937,7,1,'2019-06-18 21:55:32'),(937,15,3,'2016-11-14 18:44:29'),(938,8,3,'2017-11-20 08:28:31'),(938,19,2,'2014-02-19 21:19:59'),(938,34,3,'2016-12-12 23:46:13'),(939,12,3,'2016-01-27 16:28:50'),(939,24,2,'2018-06-26 14:40:44'),(939,31,2,'2014-10-08 16:55:35'),(940,4,1,'2014-05-17 12:12:36'),(940,10,1,'2020-02-24 10:15:44'),(940,30,2,'2014-11-01 10:33:04'),(941,5,3,'2014-04-13 23:48:08'),(941,8,2,'2017-05-10 12:31:42'),(941,10,1,'2014-07-29 04:14:11'),(942,12,2,'2018-03-28 18:49:23'),(942,30,2,'2018-10-19 16:18:44'),(942,33,3,'2020-04-06 06:21:37'),(943,6,3,'2019-09-27 10:56:20'),(943,7,2,'2015-01-21 13:53:41'),(943,25,1,'2013-04-19 13:16:47'),(944,7,3,'2020-05-25 13:20:52'),(944,25,3,'2014-02-22 09:52:29'),(944,36,2,'2015-08-07 18:19:33'),(945,14,2,'2017-03-22 13:47:22'),(945,17,2,'2020-09-03 12:09:17'),(945,29,1,'2021-02-25 05:41:16'),(946,1,3,'2020-06-19 21:12:43'),(946,24,1,'2017-11-12 18:07:29'),(946,35,1,'2021-01-16 09:29:20'),(947,11,3,'2019-04-18 15:57:35'),(947,17,2,'2020-11-20 03:33:42'),(947,20,2,'2012-01-24 22:35:31'),(948,2,3,'2018-10-05 00:22:42'),(948,24,1,'2015-04-30 02:40:55'),(948,34,2,'2013-03-29 05:46:55'),(949,9,2,'2015-12-01 11:19:54'),(949,17,2,'2021-01-22 21:22:54'),(949,19,3,'2018-03-21 08:02:59'),(950,7,3,'2011-06-14 01:20:26'),(950,16,3,'2019-04-14 14:12:22'),(951,4,1,'2019-10-03 21:05:47'),(951,11,3,'2012-02-16 14:17:40'),(951,32,2,'2021-01-23 20:38:40'),(952,15,2,'2021-02-27 06:43:14'),(952,23,1,'2016-02-10 11:01:21'),(952,34,3,'2013-06-10 08:02:11'),(953,11,3,'2018-01-14 06:29:10'),(953,12,2,'2014-03-18 13:48:01'),(953,19,1,'2012-11-21 21:06:45'),(954,11,1,'2013-01-24 21:56:19'),(954,19,2,'2019-05-19 23:30:53'),(955,4,1,'2020-01-03 15:42:50'),(955,25,1,'2019-07-06 20:29:38'),(955,34,1,'2018-08-12 02:37:49'),(956,3,3,'2016-02-07 21:50:51'),(956,21,3,'2020-10-23 05:43:12'),(956,24,2,'2017-09-27 19:27:31'),(957,4,1,'2013-06-25 10:27:48'),(957,11,3,'2011-06-28 05:20:37'),(957,26,3,'2012-09-19 17:38:31'),(958,18,3,'2013-07-10 08:38:09'),(958,25,2,'2019-11-18 10:05:36'),(958,32,2,'2013-11-17 01:08:00'),(959,17,3,'2011-08-14 10:44:18'),(959,19,3,'2012-12-18 21:59:35'),(959,20,3,'2014-02-21 16:41:48'),(960,1,3,'2018-04-01 04:08:38'),(960,15,2,'2012-11-27 12:26:39'),(960,20,1,'2018-11-21 19:39:28'),(961,18,3,'2012-07-27 11:52:28'),(961,24,3,'2014-06-16 11:56:55'),(961,28,3,'2018-11-21 09:07:19'),(962,2,1,'2012-05-26 16:08:23'),(962,15,1,'2019-08-18 14:02:35'),(962,21,2,'2018-11-23 09:48:04'),(963,1,2,'2012-10-19 02:21:15'),(963,13,1,'2018-04-22 21:02:59'),(963,30,2,'2015-01-05 08:37:35'),(964,3,3,'2020-08-28 20:37:47'),(964,13,3,'2011-12-09 02:38:06'),(964,25,2,'2017-08-14 12:06:44'),(965,8,1,'2012-12-11 17:51:12'),(965,23,2,'2020-03-23 06:25:29'),(965,30,3,'2021-04-01 09:34:49'),(966,1,2,'2016-10-16 06:05:44'),(966,2,1,'2013-04-17 15:49:25'),(966,13,3,'2020-12-26 01:59:45'),(967,11,1,'2015-05-18 12:17:06'),(967,23,1,'2019-12-26 16:16:02'),(967,36,3,'2014-04-11 13:45:55'),(968,6,3,'2013-04-18 14:57:39'),(968,7,2,'2013-11-06 22:45:20'),(968,11,3,'2014-11-14 13:53:23'),(969,8,3,'2015-04-20 05:18:08'),(969,11,1,'2018-11-03 23:37:45'),(969,20,1,'2016-01-10 23:24:48'),(970,9,2,'2017-12-04 22:05:27'),(970,33,1,'2017-12-26 07:42:51'),(970,35,3,'2012-07-26 10:43:42'),(971,8,2,'2020-11-26 04:00:55'),(971,15,1,'2020-03-03 02:10:39'),(971,35,2,'2015-04-07 05:25:57'),(972,9,2,'2013-11-26 05:45:38'),(972,27,2,'2019-09-11 15:52:16'),(972,36,3,'2020-07-02 12:03:21'),(973,7,3,'2011-08-05 17:26:56'),(973,18,2,'2018-01-02 11:02:17'),(973,31,3,'2019-03-18 07:59:05'),(974,5,3,'2015-07-01 03:52:08'),(974,10,3,'2019-05-20 01:37:03'),(974,30,1,'2016-08-29 09:30:37'),(975,7,1,'2011-11-15 00:04:44'),(975,30,1,'2017-04-12 23:50:15'),(975,33,1,'2017-04-03 16:42:37'),(976,15,1,'2018-04-24 07:00:39'),(976,27,1,'2013-09-04 05:29:45'),(976,34,3,'2011-10-24 00:51:27'),(977,5,1,'2015-08-27 19:52:03'),(977,20,3,'2013-05-10 11:18:07'),(977,35,2,'2015-07-27 17:01:22'),(978,3,2,'2013-01-26 23:11:13'),(978,7,1,'2020-04-29 21:36:28'),(978,12,1,'2017-11-23 16:43:04'),(979,5,1,'2017-07-26 02:13:59'),(979,27,3,'2013-12-25 06:07:11'),(979,31,2,'2017-07-13 12:04:19'),(980,2,1,'2016-03-22 03:12:38'),(980,7,3,'2020-05-21 21:02:24'),(980,33,3,'2020-07-19 12:12:55'),(981,8,3,'2016-07-08 23:00:56'),(981,12,3,'2018-11-27 17:15:02'),(981,15,1,'2012-10-05 12:21:51'),(982,1,2,'2018-07-02 16:44:41'),(982,32,2,'2017-10-27 16:26:06'),(982,36,2,'2013-11-10 01:07:01'),(983,10,3,'2015-03-30 13:17:29'),(983,12,3,'2015-01-30 10:26:28'),(983,25,2,'2014-01-30 17:28:09'),(984,1,1,'2020-05-19 20:11:00'),(984,6,1,'2012-12-31 01:52:24'),(984,29,2,'2019-02-27 17:31:18'),(985,4,3,'2017-04-14 17:59:20'),(985,21,1,'2020-08-17 05:27:36'),(985,24,3,'2013-11-22 20:15:12'),(986,13,3,'2017-11-27 22:39:14'),(986,15,1,'2013-01-04 07:50:13'),(986,24,2,'2015-08-15 01:51:49'),(987,14,2,'2018-09-06 01:54:34'),(987,26,2,'2012-01-24 13:15:42'),(987,33,3,'2012-05-02 00:54:19'),(988,10,1,'2020-11-09 16:47:04'),(988,16,1,'2021-03-01 20:25:32'),(988,29,3,'2015-06-02 10:38:29'),(989,10,3,'2016-07-09 01:29:49'),(989,19,2,'2013-07-18 16:24:52'),(989,31,1,'2021-04-27 06:14:28'),(990,12,1,'2018-06-29 02:53:29'),(990,13,2,'2020-06-13 22:23:05'),(990,18,2,'2017-04-21 18:18:11'),(991,10,2,'2016-07-12 21:09:20'),(991,18,1,'2019-03-15 12:33:57'),(991,24,2,'2011-11-26 19:44:06'),(992,21,3,'2016-04-23 10:46:23'),(992,30,1,'2019-07-03 02:54:53'),(992,35,2,'2018-10-07 09:28:09'),(993,5,3,'2011-10-17 06:20:38'),(993,22,1,'2013-07-17 05:07:54'),(993,32,1,'2015-10-28 21:28:14'),(994,22,3,'2016-10-21 08:03:06'),(994,28,1,'2020-11-21 20:39:24'),(994,36,3,'2019-07-19 05:40:58'),(995,7,1,'2018-08-25 20:58:00'),(995,8,1,'2015-04-26 06:08:22'),(995,20,1,'2018-04-18 16:18:52'),(996,7,3,'2017-10-07 12:11:12'),(996,10,2,'2015-07-31 22:39:31'),(996,28,3,'2013-04-27 02:53:50'),(997,13,2,'2019-08-04 00:21:09'),(997,16,1,'2019-05-26 14:54:37'),(997,23,2,'2013-12-16 07:29:05'),(998,2,1,'2015-01-18 11:39:16'),(998,5,2,'2018-04-11 15:50:49'),(998,29,2,'2018-09-10 18:33:04'),(999,3,1,'2013-09-06 08:31:55'),(999,6,1,'2019-02-12 15:00:47'),(999,24,1,'2013-04-12 00:28:34'),(1000,10,3,'2017-10-25 19:55:21'),(1000,13,3,'2017-06-08 20:35:38'),(1000,30,1,'2017-06-17 08:00:31'),(1001,36,1,'2019-07-02 11:53:38'),(1002,20,1,'2019-01-11 21:43:23'),(1003,34,2,'2020-05-15 20:34:49'),(1004,31,3,'2018-12-21 23:58:27'),(1005,13,2,'2011-11-02 06:02:22'),(1006,17,2,'2011-07-22 20:23:44'),(1007,9,1,'2013-05-22 20:51:07'),(1008,27,2,'2019-01-23 21:42:00'),(1009,34,2,'2017-08-20 00:51:10'),(1010,16,1,'2013-06-18 08:09:03'),(1011,18,2,'2014-01-08 07:41:04'),(1012,36,1,'2011-05-11 05:45:06'),(1013,24,3,'2019-06-21 09:20:42'),(1014,22,3,'2017-12-14 11:38:24'),(1015,20,2,'2011-06-22 23:10:53'),(1016,30,2,'2019-07-31 06:03:18'),(1017,22,3,'2020-09-23 03:16:21'),(1018,13,3,'2012-12-30 02:39:38'),(1019,1,1,'2015-07-21 18:14:33'),(1020,28,1,'2014-05-04 00:07:55'),(1021,31,1,'2015-07-31 16:23:30'),(1022,8,2,'2012-12-22 22:57:14'),(1023,36,3,'2018-08-16 04:50:31'),(1024,29,1,'2015-04-09 14:16:20'),(1025,1,3,'2017-07-25 08:15:08'),(1026,22,3,'2017-09-04 21:16:59'),(1027,10,1,'2014-07-27 11:22:57'),(1028,28,2,'2020-06-25 07:32:06'),(1029,7,3,'2017-07-15 03:52:36'),(1030,10,1,'2014-09-05 10:44:59'),(1031,20,1,'2017-08-11 20:47:06'),(1032,21,3,'2018-01-19 01:53:16'),(1033,13,1,'2021-03-18 01:14:58'),(1034,12,1,'2015-05-07 08:26:18'),(1035,17,3,'2016-01-15 11:23:35'),(1036,34,1,'2018-12-16 18:05:03'),(1037,20,1,'2017-02-01 02:44:29'),(1038,19,1,'2015-08-27 00:54:07'),(1039,23,1,'2012-10-18 11:58:41'),(1040,16,3,'2011-05-24 17:55:01'),(1041,31,3,'2018-06-27 10:55:08'),(1042,5,1,'2019-05-02 03:54:41'),(1043,35,2,'2018-01-03 21:06:50'),(1044,8,1,'2014-02-02 10:16:48'),(1045,1,1,'2012-07-12 19:30:05'),(1046,17,3,'2015-09-20 21:09:23'),(1047,2,3,'2011-06-13 13:43:42'),(1048,7,3,'2016-03-29 02:44:48'),(1049,36,1,'2020-01-05 01:07:29'),(1050,31,1,'2015-07-18 12:09:55'),(1051,20,3,'2012-08-19 10:59:39'),(1052,32,1,'2019-04-27 02:18:18'),(1053,29,1,'2013-12-20 05:17:55'),(1054,35,2,'2015-07-21 15:51:11'),(1055,35,3,'2018-03-02 06:36:43'),(1056,17,2,'2020-08-12 13:42:39'),(1057,35,3,'2016-05-18 13:49:57'),(1058,8,1,'2013-10-15 13:13:52'),(1059,18,3,'2016-04-08 12:26:06'),(1060,30,3,'2015-04-11 05:11:11'),(1061,22,2,'2019-03-17 21:06:20'),(1062,32,1,'2017-02-28 10:11:25'),(1063,25,3,'2012-02-08 12:59:11'),(1064,2,2,'2018-12-10 17:44:48'),(1065,16,3,'2014-04-01 20:15:34'),(1066,19,2,'2019-11-27 09:34:21'),(1067,29,2,'2019-09-30 16:47:47'),(1068,10,1,'2012-05-23 09:40:09'),(1069,33,3,'2012-11-19 02:45:35'),(1070,34,2,'2018-11-16 09:10:31'),(1071,18,1,'2017-11-27 21:37:19'),(1072,25,1,'2020-04-22 12:17:00'),(1073,23,1,'2011-05-22 08:07:05'),(1074,15,3,'2019-03-04 19:15:51'),(1075,10,1,'2013-04-17 10:57:20'),(1076,15,2,'2012-06-14 10:28:21'),(1077,27,3,'2016-01-28 18:29:50'),(1078,4,3,'2016-03-17 23:58:54'),(1079,12,1,'2015-03-30 06:19:28'),(1080,11,1,'2013-04-21 21:59:06'),(1081,7,3,'2015-02-23 21:33:26'),(1082,26,2,'2014-08-14 05:59:36'),(1083,24,2,'2017-11-24 13:19:29'),(1084,20,2,'2020-06-05 08:21:41'),(1085,35,1,'2021-03-09 12:22:26'),(1086,19,2,'2020-06-22 15:10:22'),(1087,31,1,'2018-09-29 04:53:53'),(1088,16,1,'2011-09-21 12:20:33'),(1089,33,2,'2013-04-12 23:59:25'),(1090,31,2,'2016-02-15 05:04:21'),(1091,7,1,'2018-05-21 17:42:30'),(1092,36,1,'2014-11-14 14:48:28'),(1093,36,2,'2015-05-12 15:48:09'),(1094,13,1,'2013-07-04 23:40:19'),(1095,16,2,'2012-10-14 23:17:26'),(1096,19,1,'2013-09-01 11:27:28'),(1097,26,3,'2016-02-09 04:20:54'),(1098,19,2,'2012-07-27 17:20:18'),(1099,16,3,'2021-03-04 09:58:31'),(1100,15,2,'2013-12-27 22:58:24'),(1101,16,1,'2018-09-11 13:44:51'),(1101,19,1,'2012-11-02 00:36:22'),(1102,15,3,'2013-10-12 06:43:36'),(1102,32,3,'2018-04-24 03:25:05'),(1103,14,3,'2019-02-04 12:39:03'),(1103,19,3,'2012-10-23 21:09:41'),(1104,9,2,'2014-09-30 15:19:34'),(1104,33,3,'2013-12-24 05:35:35'),(1105,20,3,'2013-07-23 09:34:11'),(1105,35,1,'2012-07-20 01:38:42'),(1106,23,1,'2014-08-13 17:21:41'),(1106,29,3,'2011-09-10 11:07:31'),(1107,27,3,'2019-10-31 10:59:03'),(1107,32,1,'2020-11-01 16:59:41'),(1108,13,1,'2020-07-02 03:40:25'),(1108,22,1,'2016-06-03 00:30:16'),(1109,18,2,'2013-03-01 15:50:23'),(1109,30,2,'2018-02-23 01:34:40'),(1110,2,3,'2017-04-13 18:07:49'),(1110,22,1,'2019-07-04 08:23:23'),(1111,19,1,'2016-08-08 14:26:36'),(1111,26,3,'2016-07-31 07:42:24'),(1112,7,2,'2020-05-15 03:23:56'),(1112,14,1,'2020-10-28 14:24:04'),(1113,2,1,'2016-05-02 00:03:26'),(1113,33,1,'2014-01-02 10:47:58'),(1114,4,2,'2011-09-16 03:50:34'),(1114,19,3,'2018-07-05 14:31:25'),(1115,13,2,'2019-01-24 19:58:02'),(1115,24,2,'2011-10-30 09:08:10'),(1116,4,2,'2018-11-02 12:36:30'),(1116,7,2,'2016-09-01 05:35:03'),(1117,19,1,'2018-07-11 13:07:37'),(1117,21,3,'2017-01-04 04:43:30'),(1118,8,1,'2014-11-23 23:02:16'),(1118,31,1,'2015-11-15 16:14:05'),(1119,9,3,'2016-07-16 22:49:50'),(1119,15,2,'2017-03-22 15:16:34'),(1120,5,3,'2013-07-27 14:01:59'),(1120,23,2,'2018-08-24 08:42:06'),(1121,13,1,'2018-03-17 03:46:13'),(1121,30,1,'2014-06-30 13:08:32'),(1122,19,3,'2017-03-10 17:38:06'),(1122,24,2,'2013-05-18 16:58:57'),(1123,12,1,'2014-04-02 16:42:59'),(1123,23,3,'2012-08-05 13:35:32'),(1124,17,1,'2018-02-03 02:03:06'),(1124,21,3,'2013-06-17 15:28:07'),(1125,6,3,'2018-01-04 16:13:16'),(1125,19,3,'2016-02-02 04:18:55'),(1126,5,2,'2013-12-20 05:25:50'),(1126,31,1,'2011-09-10 17:14:57'),(1127,18,1,'2013-10-15 13:37:16'),(1127,20,3,'2019-09-20 20:42:38'),(1128,13,1,'2018-12-10 17:52:47'),(1128,36,1,'2016-10-05 04:51:04'),(1129,13,3,'2019-10-26 14:44:37'),(1129,25,3,'2014-11-17 18:23:25'),(1130,3,3,'2014-12-28 10:59:14'),(1130,34,1,'2012-12-05 12:20:42'),(1131,4,1,'2018-03-18 03:22:50'),(1131,6,3,'2014-03-23 06:08:39'),(1132,21,1,'2014-02-02 13:18:12'),(1132,34,1,'2016-03-07 04:35:10'),(1133,5,3,'2021-01-06 19:14:15'),(1133,14,2,'2019-08-19 02:17:38'),(1134,25,2,'2019-04-18 13:23:26'),(1134,32,3,'2016-07-12 10:41:45'),(1135,1,1,'2016-04-16 20:29:45'),(1135,24,2,'2015-05-25 18:18:06'),(1136,23,1,'2016-04-27 21:02:15'),(1136,24,2,'2015-08-03 02:47:16'),(1137,24,2,'2017-07-22 10:36:36'),(1137,29,3,'2016-08-09 07:37:37'),(1138,34,2,'2018-09-15 09:55:10'),(1138,35,3,'2019-02-17 03:54:16'),(1139,17,1,'2014-09-06 05:54:15'),(1139,20,1,'2011-11-29 23:04:52'),(1140,17,2,'2016-11-08 19:49:07'),(1140,34,2,'2011-07-15 11:46:04'),(1141,3,3,'2014-01-04 02:51:14'),(1141,31,1,'2020-06-18 01:01:28'),(1142,35,3,'2018-12-09 06:38:19'),(1142,36,2,'2012-05-19 20:30:23'),(1143,11,3,'2016-04-12 03:45:01'),(1143,20,1,'2019-10-25 14:17:48'),(1144,18,1,'2017-01-04 10:01:51'),(1144,30,1,'2019-03-13 04:12:32'),(1145,23,2,'2016-03-13 17:22:16'),(1145,32,3,'2017-11-22 14:20:45'),(1146,12,2,'2018-07-05 23:09:19'),(1146,20,3,'2015-10-11 02:41:33'),(1147,12,3,'2015-05-28 14:09:31'),(1147,26,1,'2012-07-20 21:25:55'),(1148,14,1,'2018-04-22 19:38:14'),(1148,33,3,'2017-12-08 16:52:14'),(1149,21,3,'2014-04-15 14:17:38'),(1149,30,1,'2021-04-29 07:32:12'),(1150,1,3,'2012-09-14 10:12:19'),(1150,9,1,'2017-08-26 14:14:30'),(1151,26,1,'2011-05-19 16:46:33'),(1151,28,3,'2013-02-17 19:28:10'),(1152,30,3,'2015-03-19 14:39:42'),(1152,36,2,'2019-07-07 19:00:20'),(1153,2,3,'2018-02-18 16:51:42'),(1153,34,2,'2015-06-22 22:43:09'),(1154,11,1,'2011-12-07 12:33:17'),(1154,21,2,'2021-03-15 00:47:51'),(1155,3,1,'2012-05-16 12:34:28'),(1155,33,3,'2019-06-13 10:34:04'),(1156,3,1,'2015-08-27 17:10:43'),(1156,7,3,'2018-02-16 09:44:17'),(1157,20,1,'2021-02-02 20:53:14'),(1157,31,1,'2012-09-30 20:52:44'),(1158,12,2,'2016-07-17 08:11:06'),(1158,28,3,'2016-07-27 22:12:39'),(1159,28,3,'2016-09-27 20:02:43'),(1159,33,2,'2017-05-21 15:01:22'),(1160,4,1,'2011-07-28 12:36:01'),(1160,11,3,'2011-10-05 01:22:35'),(1161,16,2,'2014-10-11 04:57:15'),(1161,21,3,'2015-09-22 04:40:57'),(1162,4,2,'2017-06-26 09:53:19'),(1162,12,1,'2018-07-08 17:38:27'),(1163,27,2,'2017-03-03 18:23:30'),(1163,32,3,'2014-02-16 18:50:53'),(1164,2,1,'2014-02-12 21:20:59'),(1164,14,1,'2019-06-13 11:49:28'),(1165,25,3,'2016-09-19 08:51:53'),(1165,33,3,'2014-09-30 13:34:42'),(1166,12,2,'2015-03-22 12:18:04'),(1166,26,1,'2014-11-21 09:08:26'),(1167,25,3,'2013-10-19 07:48:47'),(1167,28,1,'2018-09-28 15:01:10'),(1168,9,1,'2014-03-03 00:30:01'),(1168,36,2,'2018-04-14 18:19:51'),(1169,9,3,'2016-08-17 21:09:22'),(1169,29,3,'2018-10-07 08:43:19'),(1170,5,2,'2011-08-04 08:02:18'),(1170,28,1,'2012-12-10 22:12:48'),(1171,9,2,'2017-06-18 09:49:22'),(1171,11,3,'2012-01-25 17:22:24'),(1172,12,3,'2015-04-17 00:56:58'),(1172,14,2,'2018-10-14 09:32:23'),(1173,9,1,'2018-09-07 12:25:30'),(1173,29,2,'2016-10-02 11:09:50'),(1174,27,3,'2011-11-21 06:30:13'),(1174,29,1,'2020-09-30 06:41:55'),(1175,1,1,'2019-03-10 19:21:22'),(1175,6,3,'2016-03-22 04:27:57'),(1176,7,2,'2012-01-09 03:54:59'),(1176,18,3,'2021-04-05 16:22:53'),(1177,11,1,'2012-10-07 02:21:51'),(1177,35,1,'2020-10-13 16:21:58'),(1178,17,1,'2012-11-15 19:55:33'),(1178,23,1,'2020-02-05 06:15:08'),(1179,9,1,'2012-03-24 23:33:38'),(1179,24,2,'2020-11-16 05:54:21'),(1180,21,2,'2020-11-28 20:19:21'),(1180,35,3,'2015-07-05 04:54:51'),(1181,25,3,'2019-10-22 10:17:46'),(1181,29,1,'2012-05-19 13:52:23'),(1182,16,3,'2014-08-02 21:54:06'),(1182,28,2,'2019-04-21 02:13:03'),(1183,26,3,'2015-10-20 15:31:18'),(1183,27,1,'2020-11-20 19:13:23'),(1184,10,2,'2011-06-28 12:35:24'),(1184,18,2,'2020-03-30 11:09:21'),(1185,10,2,'2016-05-14 22:49:20'),(1185,18,2,'2015-07-26 09:28:51'),(1186,15,1,'2020-02-24 18:39:49'),(1186,30,2,'2014-10-15 06:35:22'),(1187,2,2,'2014-09-08 05:00:53'),(1187,32,3,'2017-07-17 06:44:25'),(1188,29,2,'2011-10-01 21:58:10'),(1188,36,1,'2014-02-26 10:48:23'),(1189,17,3,'2021-02-12 20:38:46'),(1189,31,2,'2013-04-07 04:56:44'),(1190,1,1,'2015-08-25 00:35:27'),(1190,26,3,'2019-01-04 08:42:39'),(1191,9,3,'2013-01-30 04:25:19'),(1191,32,3,'2013-03-01 09:29:39'),(1192,3,2,'2013-03-06 13:23:58'),(1192,26,3,'2013-06-19 00:31:49'),(1193,5,2,'2016-01-21 23:46:17'),(1193,26,3,'2015-08-25 13:14:30'),(1194,30,1,'2020-05-29 22:11:42'),(1194,34,3,'2016-12-03 00:26:04'),(1195,9,1,'2020-11-04 21:42:04'),(1195,15,3,'2021-04-02 13:15:25'),(1196,16,3,'2015-07-09 04:13:16'),(1196,24,1,'2015-06-16 04:18:22'),(1197,18,3,'2012-07-07 06:01:19'),(1197,28,1,'2015-06-13 16:40:01'),(1198,13,3,'2021-04-07 06:01:20'),(1198,31,3,'2018-02-05 00:38:02'),(1199,8,1,'2012-08-22 09:20:01'),(1199,36,2,'2018-11-04 07:31:17'),(1200,12,3,'2018-04-01 15:17:21'),(1200,34,2,'2016-07-06 22:05:44'),(1201,20,3,'2021-02-06 10:29:50'),(1202,21,2,'2017-03-30 14:15:58'),(1203,14,3,'2015-12-18 23:00:32'),(1204,31,3,'2017-07-30 05:12:10'),(1205,28,1,'2019-08-20 19:15:36'),(1206,19,3,'2015-05-16 06:50:03'),(1207,33,1,'2020-04-22 21:30:24'),(1208,9,3,'2018-10-05 15:28:59'),(1209,31,1,'2012-04-26 07:31:59'),(1210,30,3,'2013-01-13 11:11:59'),(1211,18,1,'2016-06-29 19:11:28'),(1212,1,3,'2013-10-20 12:37:10'),(1213,35,2,'2011-09-02 21:07:02'),(1214,7,2,'2016-07-26 09:15:40'),(1215,33,3,'2012-03-23 12:46:17'),(1216,6,2,'2012-08-18 14:18:36'),(1217,2,1,'2013-07-04 18:34:34'),(1218,8,1,'2017-10-04 13:12:35'),(1219,12,2,'2021-01-01 21:03:58'),(1220,18,3,'2014-09-21 04:19:55'),(1221,15,1,'2021-03-15 11:41:18'),(1222,6,1,'2019-07-24 12:08:19'),(1223,25,3,'2013-02-21 08:57:43'),(1224,2,3,'2018-07-19 08:05:10'),(1225,22,1,'2019-11-09 14:25:02'),(1226,9,2,'2015-03-17 12:15:19'),(1227,24,1,'2020-05-14 22:16:38'),(1228,12,3,'2011-12-12 21:11:26'),(1229,1,2,'2018-03-28 11:27:38'),(1230,4,2,'2017-11-14 04:33:59'),(1231,17,2,'2017-02-17 16:57:39'),(1232,26,1,'2017-08-05 17:45:17'),(1233,5,2,'2015-05-23 20:07:57'),(1234,13,3,'2013-09-07 14:24:42'),(1235,5,1,'2015-08-03 14:15:17'),(1236,20,3,'2015-07-05 20:18:25'),(1237,10,3,'2011-07-07 23:29:04'),(1238,21,3,'2019-09-11 14:46:24'),(1239,31,1,'2015-02-22 16:24:43'),(1240,36,1,'2014-10-07 02:40:30'),(1241,23,2,'2017-11-25 01:28:03'),(1242,10,2,'2016-04-28 02:01:19'),(1243,35,3,'2017-06-26 16:16:27'),(1244,18,1,'2019-12-17 12:07:51'),(1245,8,2,'2016-06-05 20:33:02'),(1246,26,2,'2011-06-13 22:25:16'),(1247,25,3,'2017-10-17 03:32:43'),(1248,26,1,'2015-03-23 17:49:52'),(1249,2,3,'2014-01-05 14:02:43'),(1250,30,1,'2014-10-07 11:21:13'),(1251,4,1,'2015-11-30 23:03:33'),(1252,24,2,'2020-01-11 05:27:30'),(1253,1,3,'2013-03-15 22:17:22'),(1254,12,1,'2019-09-15 23:01:41'),(1255,11,1,'2013-07-03 15:40:52'),(1256,33,1,'2013-01-11 00:00:49'),(1257,33,3,'2011-12-03 10:00:45'),(1258,3,1,'2013-08-15 19:48:08'),(1259,35,2,'2018-02-06 19:55:57'),(1260,26,3,'2014-03-28 01:16:15'),(1261,20,1,'2018-07-30 05:49:05'),(1262,19,2,'2011-08-07 13:30:58'),(1263,19,3,'2011-11-18 22:27:39'),(1264,26,1,'2011-11-18 02:20:57'),(1265,22,1,'2012-05-13 01:22:06'),(1266,33,1,'2017-08-01 02:20:08'),(1267,1,1,'2013-07-10 04:13:01'),(1268,14,2,'2018-01-23 13:11:43'),(1269,4,3,'2012-05-13 06:17:25'),(1270,18,2,'2014-12-04 19:50:45'),(1271,2,3,'2015-06-05 11:17:41'),(1272,13,3,'2016-08-30 08:16:28'),(1273,34,3,'2013-04-09 03:37:31'),(1274,20,1,'2014-11-03 15:18:51'),(1275,18,3,'2013-10-23 05:31:12'),(1276,27,2,'2015-12-12 23:51:23'),(1277,36,1,'2015-11-09 22:40:16'),(1278,2,1,'2012-11-05 05:57:57'),(1279,1,2,'2019-01-23 03:35:30'),(1280,4,2,'2012-08-29 10:26:41'),(1281,14,3,'2012-02-01 22:32:33'),(1282,21,2,'2015-08-28 03:46:09'),(1283,14,1,'2019-12-29 18:42:56'),(1284,35,1,'2018-01-08 23:51:19'),(1285,10,3,'2017-02-01 22:30:30'),(1286,11,1,'2012-08-27 02:51:19'),(1287,19,3,'2016-10-11 18:05:17'),(1288,13,3,'2014-09-27 19:32:24'),(1289,23,1,'2014-01-03 18:19:07'),(1290,2,3,'2018-09-11 11:21:48'),(1291,20,2,'2012-06-01 19:31:08'),(1292,14,3,'2013-07-03 00:10:32'),(1293,34,3,'2019-06-08 03:19:28'),(1294,30,3,'2014-01-18 09:25:28'),(1295,17,3,'2018-08-13 07:32:37'),(1296,33,1,'2015-06-01 09:00:16'),(1297,18,1,'2016-09-14 04:24:45'),(1298,10,3,'2016-07-14 14:33:16'),(1299,14,2,'2016-06-07 21:17:39'),(1300,27,1,'2020-01-19 17:33:51'),(1301,25,1,'2018-05-05 14:52:22'),(1302,15,2,'2012-06-16 09:45:34'),(1303,27,2,'2020-09-05 08:20:30'),(1304,26,2,'2020-11-14 19:29:21'),(1305,7,3,'2015-12-12 03:49:13'),(1306,26,3,'2012-07-27 19:16:52'),(1307,21,1,'2020-06-11 18:22:35'),(1308,12,1,'2018-01-13 13:21:43'),(1309,27,2,'2015-09-14 10:42:00'),(1310,32,1,'2011-08-16 16:42:26'),(1311,12,3,'2012-01-10 13:15:53'),(1312,15,1,'2012-06-08 15:43:37'),(1313,8,3,'2015-05-27 00:16:04'),(1314,7,1,'2013-02-09 05:29:54'),(1315,33,1,'2015-04-13 13:45:49'),(1316,34,2,'2021-01-16 02:14:33'),(1317,24,3,'2017-04-25 00:57:03'),(1318,18,1,'2015-05-05 18:44:04'),(1319,3,3,'2017-05-14 06:09:36'),(1320,4,3,'2014-06-16 19:21:50'),(1321,15,2,'2019-06-25 10:04:15'),(1322,25,2,'2017-06-23 02:43:23'),(1323,5,3,'2016-11-27 23:08:22'),(1324,21,1,'2014-03-18 02:13:45'),(1325,12,1,'2020-07-08 01:26:41'),(1326,33,3,'2019-11-12 11:00:59'),(1327,10,3,'2018-07-08 10:23:01'),(1328,14,1,'2017-01-24 15:37:41'),(1329,23,1,'2017-06-14 13:51:15'),(1330,18,3,'2014-07-23 18:47:08'),(1331,3,2,'2017-01-31 03:23:13'),(1332,26,3,'2019-12-26 16:14:13'),(1333,32,3,'2011-07-22 15:18:26'),(1334,8,2,'2016-01-08 05:48:54'),(1335,10,2,'2012-07-29 07:47:23'),(1336,28,2,'2018-06-12 02:50:40'),(1337,30,3,'2017-01-20 23:50:33'),(1338,11,1,'2019-08-23 04:37:32'),(1339,29,3,'2012-03-13 19:54:27'),(1340,33,2,'2017-08-07 02:36:11'),(1341,21,3,'2019-01-01 21:12:38'),(1342,14,2,'2017-06-26 18:10:09'),(1343,17,3,'2012-09-23 05:30:26'),(1344,28,1,'2017-01-01 20:47:03'),(1345,5,2,'2015-09-21 09:19:10'),(1346,8,3,'2017-12-29 18:06:20'),(1347,12,3,'2019-10-31 17:25:41'),(1348,6,1,'2015-02-18 05:48:39'),(1349,10,1,'2018-01-03 17:13:17'),(1350,33,1,'2011-12-24 11:49:07'),(1351,3,3,'2016-08-09 13:14:34'),(1352,10,2,'2012-08-21 07:59:03'),(1353,36,3,'2011-10-09 03:41:06'),(1354,9,1,'2016-10-28 14:14:30'),(1355,10,1,'2018-07-22 03:54:49'),(1356,7,3,'2012-05-20 14:29:28'),(1357,4,2,'2012-01-22 08:29:43'),(1358,29,2,'2018-08-01 06:45:12'),(1359,34,3,'2011-08-14 09:54:38'),(1360,1,3,'2017-07-27 16:40:48'),(1361,28,3,'2012-09-24 11:06:06'),(1362,15,3,'2014-04-30 16:06:04'),(1363,18,2,'2020-11-17 12:00:30'),(1364,11,3,'2020-03-02 04:34:20'),(1365,28,1,'2015-01-21 03:29:34'),(1366,29,2,'2017-10-09 18:04:55'),(1367,11,1,'2014-11-01 21:32:41'),(1368,6,3,'2016-05-19 21:30:20'),(1369,6,1,'2018-03-06 12:39:47'),(1370,29,2,'2017-03-17 14:19:06'),(1371,1,3,'2019-04-12 17:18:12'),(1372,11,3,'2011-10-04 07:13:07'),(1373,1,2,'2017-07-23 07:31:27'),(1374,1,3,'2017-05-20 23:25:36'),(1375,34,2,'2014-08-28 09:48:28'),(1376,24,1,'2013-05-09 12:08:53'),(1377,22,2,'2015-03-14 20:19:22'),(1378,31,2,'2014-04-26 22:33:49'),(1379,5,2,'2012-01-09 20:23:07'),(1380,1,2,'2020-02-22 00:50:46'),(1381,32,2,'2013-11-22 06:03:51'),(1382,5,3,'2016-12-10 01:04:32'),(1383,36,2,'2014-12-18 07:55:40'),(1384,13,3,'2021-02-25 12:03:22'),(1385,1,1,'2020-08-01 05:30:32'),(1386,28,3,'2018-12-16 09:04:40'),(1387,35,2,'2016-10-07 03:51:27'),(1388,28,1,'2013-09-15 16:59:34'),(1389,21,2,'2019-04-20 01:57:40'),(1390,5,2,'2021-04-11 04:11:21'),(1391,11,3,'2019-02-04 10:14:48'),(1392,34,3,'2013-08-23 06:49:13'),(1393,21,1,'2015-11-09 00:28:11'),(1394,19,3,'2016-05-14 07:23:21'),(1395,34,2,'2015-06-06 23:06:41'),(1396,33,2,'2020-07-08 13:49:45'),(1397,28,3,'2020-03-28 20:34:14'),(1398,21,1,'2011-06-26 02:41:04'),(1399,32,2,'2012-07-03 23:23:16'),(1400,7,1,'2015-10-29 01:38:01'),(1401,14,2,'2020-07-30 00:16:33'),(1402,15,1,'2018-08-01 17:04:01'),(1403,11,2,'2016-04-19 05:00:34'),(1404,3,1,'2017-08-27 22:51:56'),(1405,27,1,'2013-10-14 19:19:21'),(1406,36,3,'2018-12-13 01:23:52'),(1407,30,2,'2020-11-14 05:04:19'),(1408,33,3,'2014-04-25 09:55:28'),(1409,24,1,'2019-12-27 00:59:10'),(1410,27,3,'2020-10-17 06:08:27'),(1411,19,2,'2016-07-20 21:08:05'),(1412,20,2,'2012-10-29 23:48:19'),(1413,31,2,'2018-12-03 00:26:14'),(1414,28,2,'2013-07-05 06:52:36'),(1415,4,2,'2013-10-18 10:33:27'),(1416,20,2,'2020-02-28 10:25:23'),(1417,7,1,'2011-07-06 01:16:49'),(1418,21,1,'2017-07-20 19:50:13'),(1419,9,1,'2020-09-22 05:00:56'),(1420,30,2,'2021-02-26 17:28:07'),(1421,4,2,'2013-11-04 11:35:49'),(1422,23,3,'2018-09-30 23:24:27'),(1423,8,2,'2016-03-09 16:13:35'),(1424,31,2,'2021-01-29 12:27:34'),(1425,2,2,'2012-01-10 19:49:42'),(1426,24,1,'2012-01-23 06:17:38'),(1427,9,3,'2016-01-04 17:23:33'),(1428,20,2,'2018-12-28 08:22:15'),(1429,20,1,'2019-05-19 02:01:50'),(1430,10,2,'2017-02-22 22:38:38'),(1431,13,1,'2012-03-20 08:54:49'),(1432,12,2,'2021-03-26 01:59:22'),(1433,7,1,'2020-03-06 05:08:11'),(1434,32,1,'2014-06-24 08:49:23'),(1435,7,3,'2017-05-02 19:13:03'),(1436,14,3,'2016-04-03 12:51:20'),(1437,20,2,'2020-08-29 11:09:58'),(1438,35,1,'2014-11-17 08:04:26'),(1439,20,3,'2014-06-01 23:03:18'),(1440,24,3,'2013-07-20 05:33:48'),(1441,36,1,'2011-08-09 07:56:10'),(1442,29,1,'2015-02-14 13:54:33'),(1443,10,1,'2019-01-18 14:01:34'),(1444,1,3,'2019-09-30 02:21:59'),(1445,19,1,'2020-12-07 11:02:01'),(1446,25,3,'2018-10-26 16:16:32'),(1447,5,3,'2014-03-24 13:57:35'),(1448,26,3,'2014-08-20 10:48:04'),(1449,24,1,'2017-05-29 21:06:15'),(1450,17,2,'2016-06-17 21:57:43'),(1451,11,1,'2015-07-11 05:26:17'),(1452,5,1,'2017-06-05 01:37:08'),(1453,33,1,'2019-10-22 19:03:31'),(1454,2,1,'2014-09-11 08:11:00'),(1455,20,3,'2015-03-25 01:54:38'),(1456,27,2,'2014-07-17 09:32:47'),(1457,8,1,'2016-10-26 02:30:33'),(1458,35,2,'2012-06-20 21:22:27'),(1459,10,1,'2016-07-19 21:23:11'),(1460,3,3,'2018-03-14 20:44:53'),(1461,31,1,'2018-11-08 12:35:28'),(1462,6,3,'2015-07-11 16:35:16'),(1463,34,2,'2020-07-06 07:58:43'),(1464,30,2,'2014-08-03 16:32:03'),(1465,1,2,'2015-03-27 02:41:56'),(1466,29,3,'2015-03-04 01:35:51'),(1467,8,3,'2020-03-15 12:14:54'),(1468,15,3,'2014-12-25 04:22:01'),(1469,19,2,'2016-05-28 14:04:15'),(1470,1,1,'2018-02-01 13:15:04'),(1471,11,3,'2013-03-27 08:35:22'),(1472,27,2,'2015-08-06 19:15:08'),(1473,34,3,'2015-07-04 04:03:00'),(1474,23,3,'2020-07-04 05:31:23'),(1475,23,3,'2014-09-13 23:49:58'),(1476,35,3,'2015-11-22 17:18:28'),(1477,28,3,'2011-06-26 04:37:59'),(1478,24,3,'2017-05-22 16:27:55'),(1479,31,1,'2018-09-20 10:01:58'),(1480,11,2,'2018-07-25 20:22:21'),(1481,15,1,'2013-04-13 14:43:24'),(1482,3,2,'2015-11-26 23:53:54'),(1483,13,2,'2014-06-20 19:50:50'),(1484,13,3,'2017-09-12 11:12:02'),(1485,22,2,'2021-01-15 02:48:27'),(1486,1,3,'2017-04-20 21:03:28'),(1487,12,3,'2011-09-08 02:13:00'),(1488,20,1,'2017-06-09 22:12:27'),(1489,1,2,'2011-09-15 03:11:07'),(1490,20,1,'2019-08-26 14:12:22'),(1491,28,2,'2015-08-03 08:59:49'),(1492,9,3,'2013-05-29 13:15:09'),(1493,12,1,'2021-01-27 23:18:10'),(1494,1,2,'2012-03-27 23:00:14'),(1495,36,2,'2017-11-02 23:37:44'),(1496,28,1,'2018-09-01 12:47:37'),(1497,10,2,'2020-02-05 08:22:54'),(1498,16,3,'2011-11-01 07:15:01'),(1499,36,3,'2015-12-05 18:05:19'),(1500,26,2,'2019-06-06 12:41:39'),(1501,4,3,'2020-03-06 22:07:07'),(1502,2,1,'2013-08-15 06:15:14'),(1503,19,2,'2014-10-20 05:41:53'),(1504,32,1,'2019-06-05 10:15:50'),(1505,25,1,'2013-11-25 22:45:18'),(1506,35,2,'2020-02-05 22:12:03'),(1507,27,1,'2011-06-30 05:49:25'),(1508,33,3,'2019-02-28 19:44:04'),(1509,6,3,'2020-06-26 20:37:33'),(1510,32,2,'2015-03-24 16:41:30'),(1511,31,1,'2014-12-26 00:08:51'),(1512,30,3,'2016-11-04 16:01:42'),(1513,15,1,'2012-01-17 22:21:01'),(1514,22,1,'2015-06-23 10:58:39'),(1515,32,3,'2018-12-20 00:18:16'),(1516,15,3,'2016-10-21 22:56:12'),(1517,30,3,'2020-10-03 20:12:57'),(1518,25,3,'2017-05-27 06:13:46'),(1519,11,2,'2018-03-21 02:48:28'),(1520,17,1,'2017-09-19 20:45:51'),(1521,25,1,'2015-09-11 16:13:37'),(1522,25,2,'2013-04-29 06:56:35'),(1523,27,2,'2012-11-15 09:49:10'),(1524,30,2,'2013-11-22 06:13:21'),(1525,2,2,'2012-05-18 02:52:25'),(1526,11,3,'2015-10-15 01:40:52'),(1527,16,3,'2019-11-10 17:17:51'),(1528,20,2,'2011-08-07 00:32:02'),(1529,2,3,'2012-09-09 20:25:25'),(1530,26,3,'2016-08-03 12:10:40'),(1531,36,1,'2012-10-11 03:19:51'),(1532,23,2,'2011-07-17 15:30:37'),(1533,28,1,'2012-11-24 03:16:09'),(1534,33,2,'2018-04-12 03:40:42'),(1535,34,2,'2012-01-09 17:01:43'),(1536,21,2,'2020-11-30 07:57:24'),(1537,19,2,'2019-01-16 13:04:25'),(1538,23,2,'2016-05-28 13:11:33'),(1539,11,2,'2019-01-22 00:00:02'),(1540,36,1,'2015-06-03 23:18:40'),(1541,1,2,'2021-01-07 17:05:26'),(1542,2,1,'2013-04-15 23:16:00'),(1543,32,3,'2017-11-10 05:59:58'),(1544,11,1,'2013-04-22 17:41:56'),(1545,29,2,'2014-05-18 01:46:54'),(1546,17,2,'2017-09-22 21:34:38'),(1547,33,2,'2012-12-07 20:02:03'),(1548,31,3,'2014-07-04 22:35:23'),(1549,14,3,'2012-03-01 22:03:07'),(1550,8,1,'2020-02-12 11:27:49'),(1551,6,2,'2020-02-29 16:54:48'),(1552,26,1,'2017-02-10 04:08:37'),(1553,5,2,'2017-02-28 18:08:54'),(1554,25,1,'2018-03-22 03:24:59'),(1555,7,2,'2012-07-30 21:35:30'),(1556,21,2,'2014-01-27 11:35:11'),(1557,17,1,'2013-05-01 00:59:50'),(1558,32,2,'2011-11-28 03:59:34'),(1559,9,2,'2015-10-29 04:02:13'),(1560,28,3,'2021-04-25 07:55:25'),(1561,31,3,'2012-09-29 10:41:20'),(1562,8,2,'2014-04-28 02:53:47'),(1563,9,3,'2013-03-04 14:57:26'),(1564,20,1,'2015-02-03 19:07:28'),(1565,1,2,'2016-04-05 11:34:46'),(1566,8,2,'2020-05-11 11:16:41'),(1567,26,3,'2011-09-12 15:26:53'),(1568,27,3,'2015-11-26 00:10:58'),(1569,28,3,'2012-05-07 20:22:53'),(1570,15,1,'2016-04-21 19:29:41'),(1571,16,2,'2014-12-13 01:54:23'),(1572,19,1,'2012-11-09 21:30:38'),(1573,5,2,'2015-07-31 08:33:40'),(1574,35,2,'2016-10-25 12:31:32'),(1575,6,3,'2016-03-09 21:18:01'),(1576,3,2,'2020-11-16 17:44:33'),(1577,21,3,'2016-07-28 16:58:16'),(1578,22,2,'2016-08-13 02:00:23'),(1579,23,2,'2015-02-17 23:06:55'),(1580,29,2,'2011-09-19 23:27:29'),(1581,1,1,'2014-11-24 00:46:37'),(1582,28,3,'2017-05-27 09:51:26'),(1583,16,2,'2014-11-10 07:58:34'),(1584,12,1,'2013-09-09 03:42:54'),(1585,34,2,'2011-10-26 01:20:31'),(1586,16,1,'2019-03-24 01:44:12'),(1587,35,1,'2016-02-19 02:30:18'),(1588,11,3,'2020-08-08 10:02:18'),(1589,12,1,'2019-11-20 08:43:34'),(1590,30,1,'2017-12-02 12:12:43'),(1591,8,2,'2017-04-23 18:40:29'),(1592,5,3,'2014-11-17 08:22:14'),(1593,33,3,'2017-09-21 18:06:05'),(1594,26,1,'2018-12-02 05:10:33'),(1595,31,2,'2021-04-30 00:16:07'),(1596,36,2,'2015-05-21 03:34:55'),(1597,12,2,'2020-10-19 18:41:37'),(1598,13,3,'2019-10-10 16:36:55'),(1599,17,2,'2017-01-12 19:17:04'),(1600,36,2,'2011-11-29 13:55:54'),(1601,25,2,'2020-08-13 05:54:30'),(1602,19,2,'2012-06-30 09:08:26'),(1603,25,2,'2016-01-19 13:00:24'),(1604,33,2,'2016-06-09 09:48:57'),(1605,17,3,'2013-04-11 19:20:11'),(1606,20,1,'2014-04-09 16:52:51'),(1607,4,1,'2020-10-12 03:03:58'),(1608,3,3,'2014-09-30 01:33:44'),(1609,9,3,'2014-06-08 17:29:02'),(1610,15,2,'2020-07-01 11:25:50'),(1611,25,2,'2013-07-26 22:10:47'),(1612,3,2,'2011-09-27 14:24:07'),(1613,10,3,'2019-06-17 03:34:24'),(1614,5,2,'2012-01-14 23:07:10'),(1615,4,1,'2016-11-14 14:30:37'),(1616,12,1,'2019-11-06 14:41:13'),(1617,4,3,'2015-03-11 11:30:51'),(1618,26,1,'2012-01-29 12:45:19'),(1619,12,3,'2018-12-19 00:42:33'),(1620,32,1,'2020-11-22 18:56:44'),(1621,16,2,'2012-01-07 17:31:15'),(1622,2,1,'2011-12-15 07:38:55'),(1623,4,2,'2013-09-18 14:53:48'),(1624,16,2,'2019-01-04 06:04:44'),(1625,18,2,'2017-08-15 23:47:18'),(1626,33,1,'2015-04-25 08:58:33'),(1627,5,2,'2015-03-31 10:56:00'),(1628,7,2,'2020-10-06 17:34:52'),(1629,27,1,'2018-11-30 07:07:18'),(1630,13,3,'2019-05-21 23:27:15'),(1631,21,3,'2018-11-15 16:59:13'),(1632,33,3,'2013-04-18 17:08:44'),(1633,13,3,'2014-09-14 22:11:10'),(1634,27,1,'2020-01-02 19:29:34'),(1635,26,2,'2016-06-11 20:50:30'),(1636,32,3,'2011-12-11 02:19:49'),(1637,17,3,'2019-03-03 12:07:43'),(1638,12,2,'2017-02-14 05:36:38'),(1639,10,3,'2013-02-05 10:00:29'),(1640,15,2,'2016-06-12 08:21:28'),(1641,35,2,'2013-02-28 01:04:20'),(1642,24,1,'2017-01-15 18:30:54'),(1643,14,1,'2017-08-24 04:56:47'),(1644,36,3,'2015-09-25 20:15:18'),(1645,13,2,'2016-04-24 07:13:23'),(1646,1,1,'2013-08-17 06:32:05'),(1647,12,3,'2017-09-18 03:20:36'),(1648,13,3,'2014-07-15 10:18:59'),(1649,9,2,'2011-06-12 06:49:48'),(1650,5,1,'2015-06-27 03:54:32'),(1651,12,3,'2015-04-27 17:20:54'),(1652,17,1,'2018-11-14 04:50:05'),(1653,33,2,'2019-02-04 11:12:12'),(1654,11,1,'2019-05-16 07:10:33'),(1655,18,3,'2020-03-04 09:47:54'),(1656,12,3,'2011-07-20 18:43:13'),(1657,29,3,'2016-01-23 06:38:51'),(1658,16,2,'2011-07-30 23:09:14'),(1659,27,3,'2011-10-08 00:12:49'),(1660,11,2,'2017-06-01 05:34:54'),(1661,26,3,'2018-07-03 14:09:26'),(1662,6,1,'2017-09-13 07:07:12'),(1663,15,2,'2012-10-27 17:57:24'),(1664,29,2,'2014-06-10 14:48:09'),(1665,13,2,'2013-08-21 03:34:20'),(1666,7,2,'2011-08-23 11:32:46'),(1667,27,2,'2011-09-02 20:36:38'),(1668,20,3,'2012-02-10 02:00:25'),(1669,22,3,'2015-11-11 08:39:05'),(1670,32,2,'2017-06-16 07:11:24'),(1671,4,1,'2020-05-09 10:44:46'),(1672,13,3,'2018-09-07 04:16:54'),(1673,14,2,'2019-09-19 19:29:49'),(1674,15,3,'2018-06-10 16:25:56'),(1675,33,2,'2018-06-10 13:59:16'),(1676,22,2,'2020-07-17 05:41:22'),(1677,23,3,'2018-03-09 07:22:42'),(1678,32,1,'2011-09-21 18:53:30'),(1679,6,2,'2013-04-07 21:53:10'),(1680,15,1,'2018-08-22 00:10:33'),(1681,24,3,'2018-02-21 05:28:50'),(1682,4,1,'2020-09-26 22:23:12'),(1683,13,1,'2013-05-19 07:02:18'),(1684,22,1,'2011-10-24 20:00:10'),(1685,22,1,'2016-08-22 01:11:04'),(1686,18,2,'2015-02-27 23:09:01'),(1687,17,2,'2011-11-13 12:47:35'),(1688,23,2,'2011-05-17 08:48:45'),(1689,1,1,'2011-10-09 16:54:35'),(1690,12,2,'2014-06-23 13:23:55'),(1691,14,2,'2011-09-23 20:40:42'),(1692,34,1,'2012-01-01 15:51:38'),(1693,16,2,'2020-04-05 11:29:51'),(1694,35,3,'2014-12-16 19:52:40'),(1695,33,2,'2011-07-17 08:43:58'),(1696,24,1,'2013-07-16 01:53:20'),(1697,35,1,'2015-05-23 01:14:41'),(1698,9,1,'2019-02-19 12:14:23'),(1699,18,2,'2020-02-08 11:33:34'),(1700,21,3,'2014-05-25 00:52:53'),(1701,24,1,'2021-02-13 09:18:56'),(1702,8,1,'2020-07-31 04:54:38'),(1703,20,1,'2018-02-12 17:14:38'),(1704,24,3,'2015-04-06 13:02:35'),(1705,31,2,'2015-09-23 17:08:34'),(1706,32,2,'2017-02-24 22:05:44'),(1707,8,3,'2016-11-19 00:16:45'),(1708,24,1,'2017-12-26 03:03:34'),(1709,20,3,'2015-01-05 19:43:28'),(1710,18,3,'2014-09-16 23:47:22'),(1711,1,2,'2018-01-05 18:58:34'),(1712,30,3,'2016-12-10 15:46:09'),(1713,1,1,'2018-04-22 04:06:26'),(1714,30,1,'2019-09-02 16:53:55'),(1715,13,2,'2019-02-28 21:46:36'),(1716,20,3,'2020-04-10 01:08:00'),(1717,6,3,'2018-01-23 16:56:51'),(1718,29,2,'2014-03-23 00:25:53'),(1719,35,2,'2015-06-11 22:11:25'),(1720,21,1,'2015-08-05 09:29:48'),(1721,36,3,'2014-10-11 15:04:28'),(1722,6,2,'2021-05-02 09:31:48'),(1723,12,3,'2014-06-07 17:42:57'),(1724,8,1,'2020-04-08 19:18:12'),(1725,33,2,'2019-10-20 08:46:24'),(1726,22,3,'2014-01-09 14:58:06'),(1727,22,1,'2015-01-12 18:14:19'),(1728,11,1,'2016-02-08 21:57:00'),(1729,32,1,'2020-12-28 05:14:19'),(1730,12,2,'2015-03-03 11:05:21'),(1731,36,3,'2021-04-25 12:09:39'),(1732,31,1,'2018-06-06 14:38:58'),(1733,22,2,'2015-12-27 21:23:51'),(1734,22,3,'2017-10-29 07:06:37'),(1735,8,2,'2019-01-14 04:14:19'),(1736,10,3,'2016-09-09 16:01:56'),(1737,4,1,'2020-12-11 20:32:50'),(1738,30,1,'2014-05-29 09:25:34'),(1739,10,1,'2019-05-18 05:38:12'),(1740,12,2,'2012-02-04 20:07:56'),(1741,19,1,'2018-02-08 04:17:20'),(1742,30,1,'2012-02-15 18:01:21'),(1743,26,2,'2014-02-01 22:44:16'),(1744,32,3,'2015-12-09 21:39:06'),(1745,31,1,'2012-05-13 18:22:44'),(1746,34,1,'2011-08-31 03:35:05'),(1747,9,2,'2014-06-12 14:37:19'),(1748,13,2,'2016-06-27 09:52:03'),(1749,24,3,'2016-08-05 21:01:15'),(1750,20,1,'2017-08-24 16:44:55'),(1751,4,1,'2020-11-06 06:27:23'),(1752,31,1,'2012-08-30 09:51:53'),(1753,32,2,'2015-08-06 21:42:11'),(1754,36,1,'2011-10-18 10:31:46'),(1755,32,2,'2013-03-19 06:42:11'),(1756,33,3,'2018-06-27 07:19:53'),(1757,11,3,'2011-08-13 02:13:38'),(1758,32,1,'2013-06-24 08:23:38'),(1759,32,3,'2020-08-07 17:10:11'),(1760,34,2,'2019-10-12 15:28:38'),(1761,8,2,'2019-08-01 04:35:55'),(1762,19,2,'2015-03-07 03:50:24'),(1763,36,1,'2012-07-20 23:17:13'),(1764,17,3,'2016-04-22 23:29:56'),(1765,35,1,'2012-03-30 03:39:48'),(1766,9,3,'2017-09-02 15:02:51'),(1767,26,1,'2011-06-24 04:34:06'),(1768,4,3,'2014-08-08 05:37:47'),(1769,21,3,'2013-07-04 06:02:58'),(1770,27,1,'2012-01-09 01:45:35'),(1771,20,1,'2018-11-23 23:12:35'),(1772,13,3,'2016-01-12 18:19:19'),(1773,34,3,'2018-07-19 05:50:33'),(1774,16,2,'2017-11-14 05:54:24'),(1775,13,2,'2014-07-12 18:54:23'),(1776,15,3,'2020-04-16 13:32:31'),(1777,30,1,'2017-10-18 21:19:52'),(1778,19,3,'2016-09-03 00:25:34'),(1779,28,1,'2012-10-17 08:05:25'),(1780,3,1,'2013-02-26 11:34:53'),(1781,6,3,'2012-06-07 17:56:50'),(1782,10,2,'2016-01-01 18:51:20'),(1783,16,3,'2013-06-20 03:54:38'),(1784,33,2,'2020-11-26 07:47:44'),(1785,22,3,'2016-04-20 00:13:23'),(1786,35,2,'2020-08-26 17:06:34'),(1787,11,3,'2012-11-24 17:49:17'),(1788,25,1,'2013-01-07 21:14:13'),(1789,21,3,'2020-01-27 07:50:58'),(1790,12,3,'2019-04-04 21:20:35'),(1791,34,3,'2012-05-19 03:02:08'),(1792,8,1,'2015-07-25 01:16:29'),(1793,2,3,'2016-09-02 11:47:18'),(1794,12,3,'2015-01-01 21:43:06'),(1795,20,3,'2018-03-01 18:32:17'),(1796,28,3,'2015-01-15 04:54:49'),(1797,14,3,'2015-04-13 19:22:38'),(1798,9,3,'2017-06-12 18:20:45'),(1799,34,3,'2014-03-12 15:39:22'),(1800,10,2,'2018-09-30 10:49:33'),(1801,28,1,'2016-12-06 08:15:44'),(1802,5,3,'2020-11-28 17:44:10'),(1803,31,1,'2015-08-10 01:17:46'),(1804,10,2,'2019-12-31 21:03:52'),(1805,19,2,'2017-04-10 06:10:55'),(1806,29,1,'2017-04-14 23:04:58'),(1807,33,2,'2019-01-05 02:33:18'),(1808,26,1,'2020-01-13 09:06:48'),(1809,7,2,'2015-10-05 15:35:11'),(1810,2,3,'2020-11-07 04:38:04'),(1811,16,1,'2016-07-14 00:36:57'),(1812,6,3,'2015-01-08 00:06:03'),(1813,18,3,'2017-09-25 10:55:52'),(1814,33,2,'2012-11-13 08:28:24'),(1815,17,1,'2021-04-20 03:20:49'),(1816,11,2,'2014-12-27 16:09:30'),(1817,7,3,'2020-04-15 06:09:03'),(1818,21,2,'2021-02-03 04:35:03'),(1819,26,2,'2014-02-16 12:12:45'),(1820,7,1,'2012-01-09 20:05:02'),(1821,12,1,'2019-07-14 18:14:22'),(1822,32,1,'2014-02-03 19:58:45'),(1823,33,3,'2011-05-04 01:33:30'),(1824,18,1,'2015-05-07 16:03:52'),(1825,21,2,'2016-11-17 07:54:37'),(1826,25,2,'2019-11-26 00:29:46'),(1827,30,3,'2011-07-18 11:16:28'),(1828,27,1,'2011-11-06 15:21:58'),(1829,22,1,'2011-12-31 17:30:33'),(1830,29,3,'2013-11-19 16:08:41'),(1831,13,1,'2016-03-20 13:42:52'),(1832,13,1,'2018-06-22 08:50:41'),(1833,29,3,'2013-10-02 05:38:53'),(1834,3,3,'2011-05-16 07:36:43'),(1835,7,1,'2016-03-07 11:01:22'),(1836,33,3,'2016-06-03 17:47:11'),(1837,20,3,'2019-03-24 05:04:50'),(1838,22,1,'2013-04-15 05:38:25'),(1839,12,1,'2020-07-07 13:32:41'),(1840,28,1,'2011-10-16 09:24:41'),(1841,30,2,'2011-12-03 08:20:19'),(1842,21,2,'2017-07-05 22:44:39'),(1843,27,2,'2020-04-13 20:05:26'),(1844,8,3,'2016-07-09 00:04:40'),(1845,31,1,'2018-09-15 22:54:23'),(1846,12,2,'2015-01-22 07:36:19'),(1847,30,1,'2013-10-04 00:04:23'),(1848,6,1,'2014-03-19 21:05:14'),(1849,6,3,'2013-04-23 03:32:30'),(1850,27,1,'2013-06-15 20:49:34'),(1851,3,2,'2016-04-21 03:37:50'),(1852,15,3,'2014-08-07 01:30:18'),(1853,10,3,'2017-07-12 20:28:31'),(1854,26,2,'2021-04-13 11:53:41'),(1855,25,2,'2017-08-03 20:33:26'),(1856,33,2,'2015-08-15 14:46:32'),(1857,16,2,'2017-11-14 12:10:45'),(1858,21,1,'2012-10-07 22:16:11'),(1859,17,3,'2016-06-09 12:42:53'),(1860,7,1,'2021-03-10 17:11:06'),(1861,22,2,'2012-06-28 01:34:59'),(1862,21,2,'2016-05-26 20:11:17'),(1863,21,2,'2016-10-27 22:58:11'),(1864,23,2,'2014-06-21 21:27:08'),(1865,32,3,'2011-05-22 22:30:55'),(1866,9,1,'2017-05-18 06:25:36'),(1867,4,2,'2016-01-28 23:55:01'),(1868,15,2,'2014-09-12 17:09:22'),(1869,35,1,'2018-04-04 09:09:12'),(1870,21,3,'2015-07-25 03:06:17'),(1871,19,2,'2015-02-25 16:42:14'),(1872,6,2,'2014-10-30 19:20:50'),(1873,34,1,'2017-04-03 04:09:33'),(1874,27,1,'2017-09-05 20:34:54'),(1875,30,3,'2016-11-13 21:31:01'),(1876,22,3,'2012-06-05 07:29:34'),(1877,30,3,'2016-08-13 00:06:04'),(1878,33,3,'2015-08-06 05:12:22'),(1879,26,2,'2015-02-17 00:53:46'),(1880,20,3,'2017-03-16 02:31:38'),(1881,14,1,'2021-02-10 00:35:59'),(1882,17,3,'2020-06-04 15:04:47'),(1883,5,2,'2020-06-30 09:09:57'),(1884,17,3,'2013-09-14 17:28:20'),(1885,14,3,'2011-06-08 17:09:35'),(1886,1,3,'2020-10-01 17:18:36'),(1887,9,2,'2016-07-16 06:09:36'),(1888,24,1,'2018-11-11 19:19:33'),(1889,19,3,'2013-01-02 22:38:57'),(1890,3,1,'2018-07-06 21:52:18'),(1891,11,1,'2019-06-13 10:09:11'),(1892,7,3,'2015-12-24 07:04:26'),(1893,26,1,'2014-12-09 15:54:03'),(1894,23,3,'2020-06-27 13:20:43'),(1895,15,2,'2017-05-24 12:48:07'),(1896,10,1,'2015-11-07 04:13:52'),(1897,36,2,'2014-02-12 09:33:12'),(1898,10,3,'2020-06-17 09:32:48'),(1899,13,1,'2014-06-19 18:22:42'),(1900,10,1,'2014-08-24 02:24:53'),(1901,33,2,'2016-01-19 18:44:21'),(1902,26,1,'2011-05-26 22:42:48'),(1903,10,1,'2014-10-10 11:57:45'),(1904,32,2,'2013-12-16 02:56:52'),(1905,17,2,'2017-06-28 23:09:01'),(1906,36,1,'2012-01-19 20:28:58'),(1907,28,1,'2018-06-27 03:55:33'),(1908,16,3,'2015-12-02 05:29:57'),(1909,34,3,'2011-08-10 02:57:09'),(1910,32,3,'2013-08-24 05:24:03'),(1911,19,3,'2017-02-14 13:20:48'),(1912,20,2,'2015-09-18 13:38:29'),(1913,33,1,'2012-08-26 16:33:48'),(1914,16,2,'2017-01-25 13:28:26'),(1915,24,3,'2012-11-05 18:42:28'),(1916,26,3,'2020-07-26 15:31:49'),(1917,18,3,'2014-09-07 01:27:52'),(1918,29,1,'2012-06-19 09:10:39'),(1919,34,1,'2019-12-11 08:31:20'),(1920,29,2,'2016-09-18 16:58:52'),(1921,11,2,'2013-01-23 12:36:03'),(1922,35,2,'2017-03-01 08:16:41'),(1923,36,3,'2020-03-14 02:11:11'),(1924,15,3,'2012-05-20 17:29:18'),(1925,30,2,'2013-05-08 17:03:46'),(1926,29,1,'2016-07-15 17:53:50'),(1927,12,1,'2019-11-06 04:27:40'),(1928,34,3,'2015-08-21 22:28:05'),(1929,25,1,'2014-01-17 02:44:11'),(1930,20,3,'2013-07-01 05:17:45'),(1931,6,2,'2012-08-25 17:42:36'),(1932,20,3,'2012-03-01 02:54:46'),(1933,5,2,'2019-11-29 01:22:40'),(1934,4,1,'2012-04-25 12:20:24'),(1935,12,2,'2020-10-12 21:30:07'),(1936,31,2,'2014-01-23 22:28:34'),(1937,4,3,'2015-09-09 17:46:54'),(1938,20,1,'2020-04-03 20:58:03'),(1939,26,2,'2011-08-02 12:04:51'),(1940,30,3,'2017-11-14 08:40:04'),(1941,26,1,'2014-09-27 04:48:42'),(1942,2,2,'2017-07-20 10:21:53'),(1943,33,1,'2015-03-12 14:36:07'),(1944,16,1,'2013-09-01 20:45:12'),(1945,35,1,'2019-09-13 23:16:40'),(1946,18,1,'2016-10-30 03:05:45'),(1947,36,1,'2017-12-30 08:13:58'),(1948,20,2,'2018-12-09 06:37:17'),(1949,30,3,'2014-07-15 18:45:10'),(1950,23,2,'2019-04-27 20:06:20'),(1951,13,1,'2014-03-29 08:20:07'),(1952,29,3,'2016-05-02 20:51:42'),(1953,21,1,'2017-03-08 09:48:42'),(1954,12,3,'2021-01-12 18:38:27'),(1955,32,2,'2016-06-05 13:47:05'),(1956,10,1,'2018-11-01 08:47:44'),(1957,9,3,'2011-11-07 01:27:16'),(1958,2,2,'2011-07-05 22:04:13'),(1959,33,1,'2012-07-15 06:31:24'),(1960,24,1,'2014-11-13 18:13:51'),(1961,3,1,'2021-02-06 23:16:47'),(1962,15,3,'2017-11-30 19:19:41'),(1963,30,3,'2020-04-11 09:42:08'),(1964,11,3,'2014-09-05 12:03:04'),(1965,5,3,'2016-11-21 04:37:56'),(1966,32,1,'2014-03-03 03:04:40'),(1967,18,2,'2018-06-16 19:42:37'),(1968,4,3,'2014-01-10 19:49:25'),(1969,2,1,'2015-11-29 06:17:19'),(1970,25,2,'2017-07-07 09:11:51'),(1971,22,1,'2013-07-10 21:41:32'),(1972,36,1,'2012-06-27 21:03:24'),(1973,4,1,'2020-07-30 11:36:03'),(1974,14,1,'2019-04-02 08:56:23'),(1975,3,3,'2013-07-09 14:13:17'),(1976,24,1,'2016-03-23 11:10:53'),(1977,1,3,'2018-10-10 22:53:52'),(1978,36,2,'2013-06-13 02:39:06'),(1979,20,3,'2019-07-24 14:53:53'),(1980,27,3,'2017-10-03 20:02:10'),(1981,13,1,'2017-01-01 01:52:45'),(1982,33,1,'2016-09-18 05:31:47'),(1983,11,1,'2017-05-18 22:56:23'),(1984,32,3,'2012-05-26 04:11:08'),(1985,17,3,'2016-08-06 12:34:43'),(1986,2,2,'2017-05-18 07:35:24'),(1987,20,1,'2012-08-22 07:19:16'),(1988,28,2,'2013-06-05 13:56:52'),(1989,13,3,'2018-01-01 16:29:39'),(1990,2,2,'2021-03-02 23:41:26'),(1991,5,2,'2014-01-08 08:18:11'),(1992,10,2,'2017-05-01 07:42:31'),(1993,13,1,'2016-12-05 00:56:19'),(1994,12,1,'2020-11-10 06:46:10'),(1995,31,2,'2016-03-12 04:37:49'),(1996,16,3,'2015-04-08 13:57:51'),(1997,21,2,'2011-06-21 05:32:41'),(1998,10,2,'2020-12-17 20:58:19'),(1999,29,3,'2014-02-12 00:34:32'),(2000,5,3,'2020-04-27 22:41:42');
/*!40000 ALTER TABLE `orders_products` ENABLE KEYS */;
UNLOCK TABLES;

--
-- Table structure for table `payment_types`
--

DROP TABLE IF EXISTS `payment_types`;
/*!40101 SET @saved_cs_client     = @@character_set_client */;
/*!50503 SET character_set_client = utf8mb4 */;
CREATE TABLE `payment_types` (
  `id` int unsigned NOT NULL AUTO_INCREMENT,
  `name` varchar(60) NOT NULL,
  `created_at` datetime DEFAULT CURRENT_TIMESTAMP,
  `updated_at` datetime DEFAULT CURRENT_TIMESTAMP ON UPDATE CURRENT_TIMESTAMP,
  PRIMARY KEY (`id`)
) ENGINE=InnoDB AUTO_INCREMENT=6 DEFAULT CHARSET=utf8mb4 COLLATE=utf8mb4_0900_ai_ci;
/*!40101 SET character_set_client = @saved_cs_client */;

--
-- Dumping data for table `payment_types`
--

LOCK TABLES `payment_types` WRITE;
/*!40000 ALTER TABLE `payment_types` DISABLE KEYS */;
INSERT INTO `payment_types` VALUES (1,'Наличными в магазине','2021-04-29 21:32:03','2021-04-29 21:32:03'),(2,'Картой в магазине','2021-04-29 21:32:03','2021-04-29 21:32:03'),(3,'Наличными курьеру','2021-04-29 21:32:03','2021-04-29 21:32:03'),(4,'Картой курьеру','2021-04-29 21:32:03','2021-04-29 21:32:03'),(5,'Оплата на сайте','2021-04-29 21:32:03','2021-04-29 21:32:03');
/*!40000 ALTER TABLE `payment_types` ENABLE KEYS */;
UNLOCK TABLES;

--
-- Table structure for table `product_types`
--

DROP TABLE IF EXISTS `product_types`;
/*!40101 SET @saved_cs_client     = @@character_set_client */;
/*!50503 SET character_set_client = utf8mb4 */;
CREATE TABLE `product_types` (
  `id` int unsigned NOT NULL AUTO_INCREMENT,
  `name` varchar(60) NOT NULL,
  `created_at` datetime DEFAULT CURRENT_TIMESTAMP,
  `updated_at` datetime DEFAULT CURRENT_TIMESTAMP ON UPDATE CURRENT_TIMESTAMP,
  PRIMARY KEY (`id`)
) ENGINE=InnoDB AUTO_INCREMENT=6 DEFAULT CHARSET=utf8mb4 COLLATE=utf8mb4_0900_ai_ci;
/*!40101 SET character_set_client = @saved_cs_client */;

--
-- Dumping data for table `product_types`
--

LOCK TABLES `product_types` WRITE;
/*!40000 ALTER TABLE `product_types` DISABLE KEYS */;
INSERT INTO `product_types` VALUES (1,'Акустическая гитара','2021-05-01 21:15:22','2021-05-01 21:15:22'),(2,'Классическая гитара','2021-05-01 21:15:22','2021-05-01 21:15:22'),(3,'Электрогитара','2021-05-01 21:15:22','2021-05-01 21:15:22'),(4,'Бас-гитара','2021-05-01 21:15:22','2021-05-01 21:15:22'),(5,'Струны','2021-05-01 21:15:22','2021-05-01 21:15:22');
/*!40000 ALTER TABLE `product_types` ENABLE KEYS */;
UNLOCK TABLES;

--
-- Table structure for table `products`
--

DROP TABLE IF EXISTS `products`;
/*!40101 SET @saved_cs_client     = @@character_set_client */;
/*!50503 SET character_set_client = utf8mb4 */;
CREATE TABLE `products` (
  `id` int unsigned NOT NULL AUTO_INCREMENT,
  `product_type_id` int unsigned NOT NULL COMMENT 'id типа товара, например, гитара, струны, флейта и т.д',
  `item_id` int unsigned NOT NULL COMMENT 'id конкретного товара из определенной категории',
  `price` decimal(10,2) NOT NULL,
  `created_at` datetime DEFAULT CURRENT_TIMESTAMP,
  `updated_at` datetime DEFAULT CURRENT_TIMESTAMP ON UPDATE CURRENT_TIMESTAMP,
  PRIMARY KEY (`id`),
  KEY `products_product_type_id_fk` (`product_type_id`),
  KEY `products_item_id_fk` (`item_id`),
  CONSTRAINT `products_item_id_fk` FOREIGN KEY (`item_id`) REFERENCES `guitars` (`id`),
  CONSTRAINT `products_product_type_id_fk` FOREIGN KEY (`product_type_id`) REFERENCES `product_types` (`id`)
) ENGINE=InnoDB AUTO_INCREMENT=64 DEFAULT CHARSET=utf8mb4 COLLATE=utf8mb4_0900_ai_ci;
/*!40101 SET character_set_client = @saved_cs_client */;

--
-- Dumping data for table `products`
--

LOCK TABLES `products` WRITE;
/*!40000 ALTER TABLE `products` DISABLE KEYS */;
INSERT INTO `products` VALUES (1,3,1,48000.00,'2021-05-02 01:46:13','2021-05-02 01:46:13'),(2,3,2,48000.00,'2021-05-02 01:46:13','2021-05-02 01:46:13'),(3,3,3,48000.00,'2021-05-02 01:46:13','2021-05-02 01:46:13'),(4,3,4,48000.00,'2021-05-02 01:46:13','2021-05-02 01:46:13'),(5,3,5,48000.00,'2021-05-02 01:46:13','2021-05-02 01:46:13'),(6,3,6,48000.00,'2021-05-02 01:46:13','2021-05-02 01:46:13'),(7,3,7,48000.00,'2021-05-02 01:46:13','2021-05-02 01:46:13'),(8,3,8,90000.00,'2021-05-02 01:46:13','2021-05-02 01:46:13'),(9,3,9,60000.00,'2021-05-02 01:46:13','2021-05-02 01:46:13'),(10,3,10,48000.00,'2021-05-02 01:46:13','2021-05-02 01:46:13'),(11,3,11,52000.00,'2021-05-02 01:46:13','2021-05-02 01:46:13'),(12,3,12,52000.00,'2021-05-02 01:46:13','2021-05-02 01:46:13'),(13,3,13,52000.00,'2021-05-02 01:46:13','2021-05-02 01:46:13'),(14,3,14,45000.00,'2021-05-02 01:46:13','2021-05-02 01:46:13'),(15,3,15,45000.00,'2021-05-02 01:46:13','2021-05-02 01:46:13'),(16,3,16,45000.00,'2021-05-02 01:46:13','2021-05-02 01:46:13'),(17,3,17,45000.00,'2021-05-02 01:46:13','2021-05-02 01:46:13'),(18,3,18,12000.00,'2021-05-02 01:46:13','2021-05-02 01:46:13'),(19,3,19,25000.00,'2021-05-02 01:46:13','2021-05-02 01:46:13'),(20,3,20,30000.00,'2021-05-02 01:46:13','2021-05-02 01:46:13'),(21,3,21,15000.00,'2021-05-02 01:46:13','2021-05-02 01:46:13'),(22,3,22,32000.00,'2021-05-02 01:46:13','2021-05-02 01:46:13'),(23,3,23,42000.00,'2021-05-02 01:46:13','2021-05-02 01:46:13'),(24,3,24,37000.00,'2021-05-02 01:46:13','2021-05-02 01:46:13'),(25,3,25,41000.00,'2021-05-02 01:46:13','2021-05-02 01:46:13'),(26,4,26,15000.00,'2021-05-02 01:46:13','2021-05-02 01:46:13'),(27,4,27,18000.00,'2021-05-02 01:46:13','2021-05-02 01:46:13'),(28,4,28,20000.00,'2021-05-02 01:46:13','2021-05-02 01:46:13'),(29,4,29,25000.00,'2021-05-02 01:46:13','2021-05-02 01:46:13'),(30,1,30,10000.00,'2021-05-02 01:46:13','2021-05-02 01:46:13'),(31,1,31,11000.00,'2021-05-02 01:46:13','2021-05-02 01:46:13'),(32,1,32,57000.00,'2021-05-02 01:46:13','2021-05-02 01:46:13'),(33,1,33,8000.00,'2021-05-02 01:46:13','2021-05-02 01:46:13'),(34,2,34,7500.00,'2021-05-02 01:46:13','2021-05-02 01:46:13'),(35,2,35,5500.00,'2021-05-02 01:46:13','2021-05-02 01:46:13'),(36,2,36,6600.00,'2021-05-02 01:46:13','2021-05-02 01:46:13');
/*!40000 ALTER TABLE `products` ENABLE KEYS */;
UNLOCK TABLES;

--
-- Table structure for table `strings_number`
--

DROP TABLE IF EXISTS `strings_number`;
/*!40101 SET @saved_cs_client     = @@character_set_client */;
/*!50503 SET character_set_client = utf8mb4 */;
CREATE TABLE `strings_number` (
  `id` int unsigned NOT NULL AUTO_INCREMENT,
  `strings_q` int unsigned NOT NULL,
  `created_at` datetime DEFAULT CURRENT_TIMESTAMP,
  `updated_at` datetime DEFAULT CURRENT_TIMESTAMP ON UPDATE CURRENT_TIMESTAMP,
  PRIMARY KEY (`id`)
) ENGINE=InnoDB AUTO_INCREMENT=7 DEFAULT CHARSET=utf8mb4 COLLATE=utf8mb4_0900_ai_ci;
/*!40101 SET character_set_client = @saved_cs_client */;

--
-- Dumping data for table `strings_number`
--

LOCK TABLES `strings_number` WRITE;
/*!40000 ALTER TABLE `strings_number` DISABLE KEYS */;
INSERT INTO `strings_number` VALUES (1,4,'2021-04-29 13:42:58','2021-04-29 13:42:58'),(2,5,'2021-04-29 13:42:58','2021-04-29 13:42:58'),(3,6,'2021-04-29 13:42:58','2021-04-29 13:42:58'),(4,7,'2021-04-29 13:42:58','2021-04-29 13:42:58'),(5,8,'2021-04-29 13:42:58','2021-04-29 13:42:58'),(6,9,'2021-04-29 13:42:58','2021-04-29 13:42:58');
/*!40000 ALTER TABLE `strings_number` ENABLE KEYS */;
UNLOCK TABLES;

--
-- Table structure for table `tremolo_types`
--

DROP TABLE IF EXISTS `tremolo_types`;
/*!40101 SET @saved_cs_client     = @@character_set_client */;
/*!50503 SET character_set_client = utf8mb4 */;
CREATE TABLE `tremolo_types` (
  `id` int unsigned NOT NULL AUTO_INCREMENT,
  `name` varchar(60) NOT NULL,
  `created_at` datetime DEFAULT CURRENT_TIMESTAMP,
  `updated_at` datetime DEFAULT CURRENT_TIMESTAMP ON UPDATE CURRENT_TIMESTAMP,
  PRIMARY KEY (`id`)
) ENGINE=InnoDB AUTO_INCREMENT=5 DEFAULT CHARSET=utf8mb4 COLLATE=utf8mb4_0900_ai_ci;
/*!40101 SET character_set_client = @saved_cs_client */;

--
-- Dumping data for table `tremolo_types`
--

LOCK TABLES `tremolo_types` WRITE;
/*!40000 ALTER TABLE `tremolo_types` DISABLE KEYS */;
INSERT INTO `tremolo_types` VALUES (1,'Фиксированный','2021-04-29 13:27:05','2021-04-29 13:27:05'),(2,'Floyd Rose','2021-04-29 13:27:05','2021-04-29 13:27:05'),(3,'Tune-o-Matic','2021-04-29 13:27:05','2021-04-29 13:27:05'),(4,'Тремоло','2021-04-29 13:27:05','2021-04-29 13:27:05');
/*!40000 ALTER TABLE `tremolo_types` ENABLE KEYS */;
UNLOCK TABLES;

--
-- Dumping routines for database 'muztorg'
--
/*!50003 DROP FUNCTION IF EXISTS `discount` */;
/*!50003 SET @saved_cs_client      = @@character_set_client */ ;
/*!50003 SET @saved_cs_results     = @@character_set_results */ ;
/*!50003 SET @saved_col_connection = @@collation_connection */ ;
/*!50003 SET character_set_client  = utf8mb4 */ ;
/*!50003 SET character_set_results = utf8mb4 */ ;
/*!50003 SET collation_connection  = utf8mb4_0900_ai_ci */ ;
/*!50003 SET @saved_sql_mode       = @@sql_mode */ ;
/*!50003 SET sql_mode              = 'ONLY_FULL_GROUP_BY,STRICT_TRANS_TABLES,NO_ZERO_IN_DATE,NO_ZERO_DATE,ERROR_FOR_DIVISION_BY_ZERO,NO_ENGINE_SUBSTITUTION' */ ;
DELIMITER ;;
CREATE DEFINER=`root`@`localhost` FUNCTION `discount`() RETURNS int
    NO SQL
BEGIN
	DECLARE total_price INT;
	SET total_price = orders.total_sum;
	CASE
	  WHEN total_price > 200000 THEN
	  	RETURN total_price * 0.9;
	END CASE;
END ;;
DELIMITER ;
/*!50003 SET sql_mode              = @saved_sql_mode */ ;
/*!50003 SET character_set_client  = @saved_cs_client */ ;
/*!50003 SET character_set_results = @saved_cs_results */ ;
/*!50003 SET collation_connection  = @saved_col_connection */ ;
/*!50003 DROP PROCEDURE IF EXISTS `discounted_price` */;
/*!50003 SET @saved_cs_client      = @@character_set_client */ ;
/*!50003 SET @saved_cs_results     = @@character_set_results */ ;
/*!50003 SET @saved_col_connection = @@collation_connection */ ;
/*!50003 SET character_set_client  = utf8mb4 */ ;
/*!50003 SET character_set_results = utf8mb4 */ ;
/*!50003 SET collation_connection  = utf8mb4_0900_ai_ci */ ;
/*!50003 SET @saved_sql_mode       = @@sql_mode */ ;
/*!50003 SET sql_mode              = 'ONLY_FULL_GROUP_BY,STRICT_TRANS_TABLES,NO_ZERO_IN_DATE,NO_ZERO_DATE,ERROR_FOR_DIVISION_BY_ZERO,NO_ENGINE_SUBSTITUTION' */ ;
DELIMITER ;;
CREATE DEFINER=`root`@`localhost` PROCEDURE `discounted_price`(price INT)
BEGIN
	IF(price > 200000) THEN
		SELECT price * 0.9 AS discounted_price;
	END IF;
	IF(price < 200000 AND price > 100000) THEN
		SELECT price * 0.95 AS discounted_price;
	END IF;
	IF(price < 100000) THEN
		SELECT price AS discounted_price;
	END IF;
END ;;
DELIMITER ;
/*!50003 SET sql_mode              = @saved_sql_mode */ ;
/*!50003 SET character_set_client  = @saved_cs_client */ ;
/*!50003 SET character_set_results = @saved_cs_results */ ;
/*!50003 SET collation_connection  = @saved_col_connection */ ;

--
-- Final view structure for view `best_selling_guitar`
--

/*!50001 DROP VIEW IF EXISTS `best_selling_guitar`*/;
/*!50001 SET @saved_cs_client          = @@character_set_client */;
/*!50001 SET @saved_cs_results         = @@character_set_results */;
/*!50001 SET @saved_col_connection     = @@collation_connection */;
/*!50001 SET character_set_client      = utf8mb4 */;
/*!50001 SET character_set_results     = utf8mb4 */;
/*!50001 SET collation_connection      = utf8mb4_0900_ai_ci */;
/*!50001 CREATE ALGORITHM=UNDEFINED */
/*!50013 DEFINER=`root`@`localhost` SQL SECURITY DEFINER */
/*!50001 VIEW `best_selling_guitar` AS select `guitar_brands`.`brand_name` AS `brand_name`,`guitars`.`name` AS `name`,sum(`orders_products`.`quantity`) AS `quantity` from (((`guitar_brands` join `guitars` on((`guitar_brands`.`id` = `guitars`.`guitar_brand_id`))) join `products` on((`guitars`.`id` = `products`.`item_id`))) left join `orders_products` on((`products`.`item_id` = `orders_products`.`product_id`))) group by `guitar_brands`.`brand_name`,`guitars`.`name` order by `quantity` desc */;
/*!50001 SET character_set_client      = @saved_cs_client */;
/*!50001 SET character_set_results     = @saved_cs_results */;
/*!50001 SET collation_connection      = @saved_col_connection */;

--
-- Final view structure for view `last_purchase`
--

/*!50001 DROP VIEW IF EXISTS `last_purchase`*/;
/*!50001 SET @saved_cs_client          = @@character_set_client */;
/*!50001 SET @saved_cs_results         = @@character_set_results */;
/*!50001 SET @saved_col_connection     = @@collation_connection */;
/*!50001 SET character_set_client      = utf8mb4 */;
/*!50001 SET character_set_results     = utf8mb4 */;
/*!50001 SET collation_connection      = utf8mb4_0900_ai_ci */;
/*!50001 CREATE ALGORITHM=UNDEFINED */
/*!50013 DEFINER=`root`@`localhost` SQL SECURITY DEFINER */
/*!50001 VIEW `last_purchase` AS select `customers`.`id` AS `id`,max(`orders`.`order_date`) AS `last_purchase` from (`customers` join `orders` on((`customers`.`id` = `orders`.`customer_id`))) group by `customers`.`id` order by `customers`.`id` */;
/*!50001 SET character_set_client      = @saved_cs_client */;
/*!50001 SET character_set_results     = @saved_cs_results */;
/*!50001 SET collation_connection      = @saved_col_connection */;
/*!40103 SET TIME_ZONE=@OLD_TIME_ZONE */;

/*!40101 SET SQL_MODE=@OLD_SQL_MODE */;
/*!40014 SET FOREIGN_KEY_CHECKS=@OLD_FOREIGN_KEY_CHECKS */;
/*!40014 SET UNIQUE_CHECKS=@OLD_UNIQUE_CHECKS */;
/*!40101 SET CHARACTER_SET_CLIENT=@OLD_CHARACTER_SET_CLIENT */;
/*!40101 SET CHARACTER_SET_RESULTS=@OLD_CHARACTER_SET_RESULTS */;
/*!40101 SET COLLATION_CONNECTION=@OLD_COLLATION_CONNECTION */;
/*!40111 SET SQL_NOTES=@OLD_SQL_NOTES */;

-- Dump completed on 2021-05-05 16:31:14
